multa_id,patente,fecha,hora,velocidad_registrada,velocidad_maxima,ubicacion,radar_id,estado_multa,exceso_velocidad_real,exceso_velocidad,imagen,patente_imagen,ratio
3,WU341A,1932-01-01,00:00,107.0,60,AV LIBERTADOR,R03,PAGADA,47.0,44.0,,,
5,BX55DOG,1932-01-01,00:00,94.0,60,AV SIEMPRE VIVA,,ERROR,34.0,31.0,,,
8,BP717,1932-01-01,08:01,70.0,60,AV SIEMPRE VIVA,R01,PAGADA,10.0,7.0,/content/tp-herramientas-de-softw/urban_flow/data/raw/imgs/urban_flow_plates/e1120bfe48f85c1b_patente.jpg,BP717,1.0
10,OUTSTDN,1932-01-01,14:01,71.0,40,AV LIBERTADOR,R02,APELADA,31.0,29.0,/content/tp-herramientas-de-softw/urban_flow/data/raw/imgs/urban_flow_plates/1ca1155083156d72_patente.jpg,OUTSTDN,1.0
13,GE1466,1932-01-01,18:01,75.0,40,AV LIBERTADOR,,IMPAGA,35.0,33.0,,,
17,5777770,1932-01-01,00:00,93.0,40,AV SIEMPRE VIVA,R02,APELADA,53.0,51.0,/content/tp-herramientas-de-softw/urban_flow/data/raw/imgs/urban_flow_plates/7f56adf4b9306ac9_patente.jpg,5777770,1.0
21,BHRP770,1932-01-01,08:01,71.0,60,RUTA 9,R03,PAGADA,11.0,8.0,/content/tp-herramientas-de-softw/urban_flow/data/raw/imgs/urban_flow_plates/321ffb38656f7311_patente.jpg,BHRP770,1.0
22,RFH373,1932-01-01,00:00,121.0,80,AV LIBERTADOR,R01,IMPAGA,41.0,37.0,,,
24,XIIUME,1932-01-01,08:01,52.0,40,AV SIEMPRE VIVA,R03,IMPAGA,12.0,10.0,/content/tp-herramientas-de-softw/urban_flow/data/raw/imgs/urban_flow_plates/64de505bd2bac82b_patente.jpg,XIIUME,1.0
26,HF58HXP,1932-01-01,14:01,62.0,40,RUTA 9,,APELADA,22.0,20.0,/content/tp-herramientas-de-softw/urban_flow/data/raw/imgs/urban_flow_plates/9a795bbf4e94d630_patente.jpg,HF5BHXP,0.8571
31,M431ZW,1932-01-01,14:01,123.0,60,RUTA 9,R03,PAGADA,63.0,60.0,/content/tp-herramientas-de-softw/urban_flow/data/raw/imgs/urban_flow_plates/299f0363ae21d1c3_patente.jpg,M431ZM,0.8333
35,GE1466,2020-11-22,08:02,67.0,40,AV LIBERTADOR,R03,ERROR,27.0,25.0,,,
36,J1S1,1932-01-01,18:01,85.0,40,AV LIBERTADOR,,APELADA,45.0,43.0,/content/tp-herramientas-de-softw/urban_flow/data/raw/imgs/urban_flow_plates/e82f13b4a2fe69f3_patente_1.jpg,J1S1,1.0
40,VTIIAHV,2023-04-30,00:00,71.0,60,AV LIBERTADOR,R03,APELADA,11.0,8.0,,,
41,6611172,2022-02-26,08:02,109.0,60,AV LIBERTADOR,R02,PAGADA,49.0,46.0,/content/tp-herramientas-de-softw/urban_flow/data/raw/imgs/urban_flow_plates/7a1f9520c7ecd5b1_patente.jpg,6611172,1.0
44,GCP332,1932-01-01,14:02,106.0,40,AV LIBERTADOR,,IMPAGA,66.0,64.0,/content/tp-herramientas-de-softw/urban_flow/data/raw/imgs/urban_flow_plates/d648b2ae1abc09f3_patente.jpg,GCP332,1.0
47,W326AVE,1932-01-01,00:00,70.0,60,RUTA 9,R01,IMPAGA,10.0,7.0,/content/tp-herramientas-de-softw/urban_flow/data/raw/imgs/urban_flow_plates/6c144e47161867c2_patente.jpg,W326AVE,1.0
49,810TCH,1932-01-01,00:00,156.0,80,AV LIBERTADOR,R02,ERROR,76.0,72.0,/content/tp-herramientas-de-softw/urban_flow/data/raw/imgs/urban_flow_plates/53ad98b12752ad16_patente.jpg,810TCH,1.0
50,GCP332,1932-01-01,08:02,66.0,40,AV SIEMPRE VIVA,R02,APELADA,26.0,24.0,/content/tp-herramientas-de-softw/urban_flow/data/raw/imgs/urban_flow_plates/d648b2ae1abc09f3_patente.jpg,GCP332,1.0
51,BB8986,1932-01-01,08:03,90.0,80,RUTA 9,R02,IMPAGA,10.0,6.0,/content/tp-herramientas-de-softw/urban_flow/data/raw/imgs/urban_flow_plates/7cbc7ee444622a66_patente.jpg,BB8986,1.0
53,HF58HXP,1932-01-01,00:00,50.0,40,AV SIEMPRE VIVA,R02,PAGADA,10.0,8.0,/content/tp-herramientas-de-softw/urban_flow/data/raw/imgs/urban_flow_plates/9a795bbf4e94d630_patente.jpg,HF5BHXP,0.8571
55,9999868,1932-01-01,00:00,57.0,40,AV SIEMPRE VIVA,R01,ERROR,17.0,15.0,,,
56,VTIIAHV,1932-01-01,08:03,54.0,40,AV LIBERTADOR,R01,ERROR,14.0,12.0,,,
57,NTHGLFT,1932-01-01,00:00,93.0,80,AV SIEMPRE VIVA,R02,PAGADA,13.0,9.0,/content/tp-herramientas-de-softw/urban_flow/data/raw/imgs/urban_flow_plates/5fb888d79b551331.jpg,NTHGLFT,1.0
59,FD1475,1932-01-01,14:03,59.0,40,RUTA 9,R02,PAGADA,19.0,17.0,/content/tp-herramientas-de-softw/urban_flow/data/raw/imgs/urban_flow_plates/d8daed582e6cce2d_patente.jpg,FD147,0.8333
60,FVIOUHP,1932-01-01,18:02,124.0,80,RUTA 9,R01,APELADA,44.0,40.0,/content/tp-herramientas-de-softw/urban_flow/data/raw/imgs/urban_flow_plates/28e26a4eb646c67a_patente.jpg,FVIDUHP,0.8571
61,VY90540,1932-01-01,00:00,99.0,80,RUTA 9,R01,ERROR,19.0,15.0,/content/tp-herramientas-de-softw/urban_flow/data/raw/imgs/urban_flow_plates/288a95c01e43cd14_patente.jpg,VY90540,1.0
63,6NCE831,1932-01-01,08:03,81.0,60,AV LIBERTADOR,R02,ERROR,21.0,18.0,/content/tp-herramientas-de-softw/urban_flow/data/raw/imgs/urban_flow_plates/0ee91c4938b6e7ee_patente.jpg,6NCE831,1.0
64,M431ZW,1932-01-01,00:00,86.0,80,RUTA 9,R01,APELADA,6.0,2.0,/content/tp-herramientas-de-softw/urban_flow/data/raw/imgs/urban_flow_plates/299f0363ae21d1c3_patente.jpg,M431ZM,0.8333
66,NTHGLFT,1932-01-01,08:04,152.0,80,RUTA 9,R03,IMPAGA,72.0,68.0,/content/tp-herramientas-de-softw/urban_flow/data/raw/imgs/urban_flow_plates/5fb888d79b551331.jpg,NTHGLFT,1.0
68,HK06YMX,1932-01-01,14:03,76.0,40,AV SIEMPRE VIVA,,PAGADA,36.0,34.0,/content/tp-herramientas-de-softw/urban_flow/data/raw/imgs/urban_flow_plates/9a4fe6361597f264_patente.jpg,HKO6YMX,0.8571
69,VNK296GP,1932-01-01,18:02,77.0,40,RUTA 9,R03,IMPAGA,37.0,35.0,,,
71,RFH373,1932-01-01,00:00,116.0,80,AV LIBERTADOR,R01,PAGADA,36.0,32.0,,,
72,HK06YMX,1932-01-01,14:03,104.0,60,AV SIEMPRE VIVA,R02,PAGADA,44.0,41.0,/content/tp-herramientas-de-softw/urban_flow/data/raw/imgs/urban_flow_plates/9a4fe6361597f264_patente.jpg,HKO6YMX,0.8571
75,W326AVE,2021-04-21,00:00,57.0,40,AV LIBERTADOR,R01,PAGADA,17.0,15.0,/content/tp-herramientas-de-softw/urban_flow/data/raw/imgs/urban_flow_plates/6c144e47161867c2_patente.jpg,W326AVE,1.0
77,B81JKY,1932-01-01,00:00,83.0,40,RUTA 9,R01,PAGADA,43.0,41.0,/content/tp-herramientas-de-softw/urban_flow/data/raw/imgs/urban_flow_plates/80e02a518ffe4cb2.jpg,B81JKY,1.0
79,MVU4688,1932-01-01,08:04,96.0,60,AV SIEMPRE VIVA,R02,ERROR,36.0,33.0,/content/tp-herramientas-de-softw/urban_flow/data/raw/imgs/urban_flow_plates/3feecc5809a29627_patente.jpg,MVU4688,1.0
81,8B90638,1932-01-01,18:03,108.0,60,AV SIEMPRE VIVA,R03,IMPAGA,48.0,45.0,/content/tp-herramientas-de-softw/urban_flow/data/raw/imgs/urban_flow_plates/6a0ef049e5ec4b16_patente.jpg,8B90638,1.0
82,5777770,2020-02-13,00:00,60.0,40,AV SIEMPRE VIVA,R01,PAGADA,20.0,18.0,/content/tp-herramientas-de-softw/urban_flow/data/raw/imgs/urban_flow_plates/7f56adf4b9306ac9_patente.jpg,5777770,1.0
88,NAN,1932-01-01,18:03,148.0,80,AV LIBERTADOR,R01,PAGADA,68.0,64.0,/content/tp-herramientas-de-softw/urban_flow/data/raw/imgs/urban_flow_plates/b01d46f9911d558b.jpg,NAN,1.0
90,MVU4688,1932-01-01,18:04,49.0,40,RUTA 9,,PAGADA,9.0,7.0,/content/tp-herramientas-de-softw/urban_flow/data/raw/imgs/urban_flow_plates/3feecc5809a29627_patente.jpg,MVU4688,1.0
91,INTIGR8,2023-07-09,00:00,148.0,80,AV LIBERTADOR,R01,PAGADA,68.0,64.0,/content/tp-herramientas-de-softw/urban_flow/data/raw/imgs/urban_flow_plates/da1352ab6054a2e4_patente.jpg,INTIGR8,1.0
92,CD05601,1932-01-01,14:04,103.0,40,AV LIBERTADOR,R02,ERROR,63.0,61.0,,,
93,3646HBH,1932-01-01,08:04,73.0,60,AV LIBERTADOR,R01,IMPAGA,13.0,10.0,/content/tp-herramientas-de-softw/urban_flow/data/raw/imgs/urban_flow_plates/d3729058c6a4186e_patente.jpg,3646HBH,1.0
101,RFH373,1932-01-01,14:04,101.0,40,AV LIBERTADOR,R01,PAGADA,61.0,59.0,,,
102,B81JKY,1932-01-01,18:04,147.0,80,AV LIBERTADOR,R02,ERROR,67.0,63.0,/content/tp-herramientas-de-softw/urban_flow/data/raw/imgs/urban_flow_plates/80e02a518ffe4cb2.jpg,B81JKY,1.0
103,5777770,2020-05-19,00:00,91.0,60,AV LIBERTADOR,R03,ERROR,31.0,28.0,/content/tp-herramientas-de-softw/urban_flow/data/raw/imgs/urban_flow_plates/7f56adf4b9306ac9_patente.jpg,5777770,1.0
104,CD05601,1932-01-01,18:04,114.0,60,AV LIBERTADOR,,APELADA,54.0,51.0,,,
106,WEFLYN,1932-01-01,00:00,77.0,40,RUTA 9,,IMPAGA,37.0,35.0,/content/tp-herramientas-de-softw/urban_flow/data/raw/imgs/urban_flow_plates/29f7991e696e6e3f_patente.jpg,WEFLYN,1.0
109,DI2LOT,2021-08-12,00:00,77.0,60,AV SIEMPRE VIVA,R03,PAGADA,17.0,14.0,,,
114,BX55DOG,1932-01-01,18:05,121.0,60,RUTA 9,,ERROR,61.0,58.0,,,
127,8B90638,1932-01-01,14:04,116.0,40,AV SIEMPRE VIVA,R01,ERROR,76.0,74.0,/content/tp-herramientas-de-softw/urban_flow/data/raw/imgs/urban_flow_plates/6a0ef049e5ec4b16_patente.jpg,8B90638,1.0
129,T0YDR,1932-01-01,00:00,123.0,80,AV SIEMPRE VIVA,R02,PAGADA,43.0,39.0,/content/tp-herramientas-de-softw/urban_flow/data/raw/imgs/urban_flow_plates/4cb48c8bf41b70a4_patente.jpg,TBYDR,0.8
131,409,1932-01-01,00:00,106.0,80,AV SIEMPRE VIVA,R01,PAGADA,26.0,22.0,/content/tp-herramientas-de-softw/urban_flow/data/raw/imgs/urban_flow_plates/7bcf6b4ec09f1ea7_patente.jpg,409,1.0
134,UW3932,1932-01-01,18:06,101.0,80,RUTA 9,R01,APELADA,21.0,17.0,,,
138,831MDB,1932-01-01,18:06,153.0,80,AV SIEMPRE VIVA,R03,ERROR,73.0,69.0,,,
140,MVU4688,1932-01-01,00:00,110.0,60,AV LIBERTADOR,R03,PAGADA,50.0,47.0,/content/tp-herramientas-de-softw/urban_flow/data/raw/imgs/urban_flow_plates/3feecc5809a29627_patente.jpg,MVU4688,1.0
141,INTIGR8,1932-01-01,00:00,108.0,60,AV LIBERTADOR,R03,IMPAGA,48.0,45.0,/content/tp-herramientas-de-softw/urban_flow/data/raw/imgs/urban_flow_plates/da1352ab6054a2e4_patente.jpg,INTIGR8,1.0
144,HF58HXP,1932-01-01,08:06,79.0,40,RUTA 9,R03,ERROR,39.0,37.0,/content/tp-herramientas-de-softw/urban_flow/data/raw/imgs/urban_flow_plates/9a795bbf4e94d630_patente.jpg,HF5BHXP,0.8571
146,T0YDR,1932-01-01,18:07,125.0,80,AV LIBERTADOR,R02,APELADA,45.0,41.0,/content/tp-herramientas-de-softw/urban_flow/data/raw/imgs/urban_flow_plates/4cb48c8bf41b70a4_patente.jpg,TBYDR,0.8
147,WEFLYN,1932-01-01,00:00,129.0,60,AV SIEMPRE VIVA,,ERROR,69.0,66.0,/content/tp-herramientas-de-softw/urban_flow/data/raw/imgs/urban_flow_plates/29f7991e696e6e3f_patente.jpg,WEFLYN,1.0
148,FD1475,1932-01-01,00:00,106.0,80,AV LIBERTADOR,R03,ERROR,26.0,22.0,/content/tp-herramientas-de-softw/urban_flow/data/raw/imgs/urban_flow_plates/d8daed582e6cce2d_patente.jpg,FD147,0.8333
149,990XYK,1932-01-01,14:05,109.0,80,AV LIBERTADOR,,APELADA,29.0,25.0,/content/tp-herramientas-de-softw/urban_flow/data/raw/imgs/urban_flow_plates/11f80fda2c38011c.jpg,990XWK,0.8333
150,INTIGR8,1932-01-01,08:07,100.0,60,AV SIEMPRE VIVA,R03,APELADA,40.0,37.0,/content/tp-herramientas-de-softw/urban_flow/data/raw/imgs/urban_flow_plates/da1352ab6054a2e4_patente.jpg,INTIGR8,1.0
155,691XC80,1932-01-01,00:00,116.0,80,RUTA 9,R01,PAGADA,36.0,32.0,/content/tp-herramientas-de-softw/urban_flow/data/raw/imgs/urban_flow_plates/5a122adbb1a776b7_patente.jpg,691XC80,1.0
161,990XYK,2020-04-26,00:00,82.0,60,AV LIBERTADOR,R01,APELADA,22.0,19.0,/content/tp-herramientas-de-softw/urban_flow/data/raw/imgs/urban_flow_plates/11f80fda2c38011c.jpg,990XWK,0.8333
162,NTHGLFT,1932-01-01,08:07,118.0,60,AV LIBERTADOR,R03,IMPAGA,58.0,55.0,/content/tp-herramientas-de-softw/urban_flow/data/raw/imgs/urban_flow_plates/5fb888d79b551331.jpg,NTHGLFT,1.0
164,MVU4688,1932-01-01,00:00,97.0,80,RUTA 9,R03,PAGADA,17.0,13.0,/content/tp-herramientas-de-softw/urban_flow/data/raw/imgs/urban_flow_plates/3feecc5809a29627_patente.jpg,MVU4688,1.0
165,GE1466,1932-01-01,00:00,108.0,40,AV LIBERTADOR,,APELADA,68.0,66.0,,,
166,BM351,2020-02-24,14:05,112.0,80,RUTA 9,,ERROR,32.0,28.0,/content/tp-herramientas-de-softw/urban_flow/data/raw/imgs/urban_flow_plates/9995dfc6e0eae5a1_patente.jpg,BM351,1.0
170,WEFLYN,2021-01-18,18:08,88.0,80,AV LIBERTADOR,R02,PAGADA,8.0,4.0,/content/tp-herramientas-de-softw/urban_flow/data/raw/imgs/urban_flow_plates/29f7991e696e6e3f_patente.jpg,WEFLYN,1.0
171,CD05601,2023-08-11,00:00,75.0,40,RUTA 9,R03,IMPAGA,35.0,33.0,,,
172,810TCH,1932-01-01,14:05,110.0,40,RUTA 9,R03,APELADA,70.0,68.0,/content/tp-herramientas-de-softw/urban_flow/data/raw/imgs/urban_flow_plates/53ad98b12752ad16_patente.jpg,810TCH,1.0
176,B81JKY,1932-01-01,00:00,91.0,60,AV SIEMPRE VIVA,R01,PAGADA,31.0,28.0,/content/tp-herramientas-de-softw/urban_flow/data/raw/imgs/urban_flow_plates/80e02a518ffe4cb2.jpg,B81JKY,1.0
178,WU341A,1932-01-01,00:00,70.0,60,RUTA 9,R02,PAGADA,10.0,7.0,,,
182,NAN,1932-01-01,00:00,107.0,60,AV LIBERTADOR,R01,PAGADA,47.0,44.0,/content/tp-herramientas-de-softw/urban_flow/data/raw/imgs/urban_flow_plates/b01d46f9911d558b.jpg,NAN,1.0
183,UM96201,1932-01-01,08:08,102.0,40,AV SIEMPRE VIVA,R03,PAGADA,62.0,60.0,/content/tp-herramientas-de-softw/urban_flow/data/raw/imgs/urban_flow_plates/09453a7c716a9ef3_patente.jpg,UM96201,1.0
184,81ZFJD,1932-01-01,00:00,111.0,80,RUTA 9,R03,ERROR,31.0,27.0,/content/tp-herramientas-de-softw/urban_flow/data/raw/imgs/urban_flow_plates/02a6ef3d9bd68e91_patente.jpg,81ZFID,0.8333
188,TL03GOG,1932-01-01,08:08,93.0,40,RUTA 9,,PAGADA,53.0,51.0,/content/tp-herramientas-de-softw/urban_flow/data/raw/imgs/urban_flow_plates/fdd963edc28bf163_patente.jpg,TL03G0G,0.8571
190,VNK296GP,1932-01-01,00:00,153.0,80,AV LIBERTADOR,R01,PAGADA,73.0,69.0,,,
191,VY90540,1932-01-01,08:08,98.0,60,RUTA 9,,IMPAGA,38.0,35.0,/content/tp-herramientas-de-softw/urban_flow/data/raw/imgs/urban_flow_plates/288a95c01e43cd14_patente.jpg,VY90540,1.0
192,YLO8WUE,1932-01-01,18:09,140.0,80,AV SIEMPRE VIVA,,ERROR,60.0,56.0,,,
193,3646HBH,1932-01-01,00:00,117.0,40,AV SIEMPRE VIVA,R01,PAGADA,77.0,75.0,/content/tp-herramientas-de-softw/urban_flow/data/raw/imgs/urban_flow_plates/d3729058c6a4186e_patente.jpg,3646HBH,1.0
197,DK414N,1932-01-01,00:00,69.0,40,AV SIEMPRE VIVA,,APELADA,29.0,27.0,/content/tp-herramientas-de-softw/urban_flow/data/raw/imgs/urban_flow_plates/2a3e44107826e876_patente.jpg,DK414N,1.0
200,5777770,1932-01-01,14:06,85.0,60,RUTA 9,R02,PAGADA,25.0,22.0,/content/tp-herramientas-de-softw/urban_flow/data/raw/imgs/urban_flow_plates/7f56adf4b9306ac9_patente.jpg,5777770,1.0
202,6611172,1932-01-01,18:09,137.0,60,RUTA 9,R03,ERROR,77.0,74.0,/content/tp-herramientas-de-softw/urban_flow/data/raw/imgs/urban_flow_plates/7a1f9520c7ecd5b1_patente.jpg,6611172,1.0
204,6611172,1932-01-01,14:06,93.0,80,AV LIBERTADOR,R03,PAGADA,13.0,9.0,/content/tp-herramientas-de-softw/urban_flow/data/raw/imgs/urban_flow_plates/7a1f9520c7ecd5b1_patente.jpg,6611172,1.0
207,OUTSTDN,1932-01-01,14:07,159.0,80,AV SIEMPRE VIVA,R02,PAGADA,79.0,75.0,/content/tp-herramientas-de-softw/urban_flow/data/raw/imgs/urban_flow_plates/1ca1155083156d72_patente.jpg,OUTSTDN,1.0
208,VNK296GP,1932-01-01,00:00,79.0,60,AV LIBERTADOR,R02,ERROR,19.0,16.0,,,
209,GN64OTP,1932-01-01,18:09,97.0,60,RUTA 9,,IMPAGA,37.0,34.0,,,
211,2999961,1932-01-01,00:00,97.0,80,RUTA 9,R03,PAGADA,17.0,13.0,/content/tp-herramientas-de-softw/urban_flow/data/raw/imgs/urban_flow_plates/5ff91ccfc6f15d04_patente.jpg,2999961,1.0
216,M431ZW,1932-01-01,00:00,109.0,60,RUTA 9,R03,APELADA,49.0,46.0,/content/tp-herramientas-de-softw/urban_flow/data/raw/imgs/urban_flow_plates/299f0363ae21d1c3_patente.jpg,M431ZM,0.8333
217,B81JKY,1932-01-01,00:00,92.0,40,RUTA 9,R03,APELADA,52.0,50.0,/content/tp-herramientas-de-softw/urban_flow/data/raw/imgs/urban_flow_plates/80e02a518ffe4cb2.jpg,B81JKY,1.0
218,5777770,1932-01-01,00:00,129.0,60,AV LIBERTADOR,R02,APELADA,69.0,66.0,/content/tp-herramientas-de-softw/urban_flow/data/raw/imgs/urban_flow_plates/7f56adf4b9306ac9_patente.jpg,5777770,1.0
221,RFH373,2021-11-24,00:00,156.0,80,AV SIEMPRE VIVA,R02,APELADA,76.0,72.0,,,
222,XIIUME,2023-06-25,18:10,83.0,60,AV SIEMPRE VIVA,R03,ERROR,23.0,20.0,/content/tp-herramientas-de-softw/urban_flow/data/raw/imgs/urban_flow_plates/64de505bd2bac82b_patente.jpg,XIIUME,1.0
227,CD05601,1932-01-01,14:07,109.0,80,AV LIBERTADOR,,IMPAGA,29.0,25.0,,,
228,CT5B876,1932-01-01,18:10,141.0,80,RUTA 9,R02,APELADA,61.0,57.0,/content/tp-herramientas-de-softw/urban_flow/data/raw/imgs/urban_flow_plates/39c193bcc0c00f9e_patente.jpg,C75B876,0.8571
229,8B90638,2022-06-16,18:10,104.0,60,AV LIBERTADOR,R01,PAGADA,44.0,41.0,/content/tp-herramientas-de-softw/urban_flow/data/raw/imgs/urban_flow_plates/6a0ef049e5ec4b16_patente.jpg,8B90638,1.0
231,AI7OVF,2021-04-05,14:07,108.0,60,AV LIBERTADOR,R03,APELADA,48.0,45.0,/content/tp-herramientas-de-softw/urban_flow/data/raw/imgs/urban_flow_plates/747b0f12f54703ee_patente.jpg,AI70VF,0.8333
233,NHZ1002,1932-01-01,18:10,108.0,40,AV SIEMPRE VIVA,R01,APELADA,68.0,66.0,/content/tp-herramientas-de-softw/urban_flow/data/raw/imgs/urban_flow_plates/1071b237587a698b_patente.qoi,NHZ1002,1.0
236,831MDB,1932-01-01,08:09,70.0,60,RUTA 9,R03,PAGADA,10.0,7.0,,,
240,W326AVE,2020-07-31,08:10,100.0,80,AV SIEMPRE VIVA,R01,APELADA,20.0,16.0,/content/tp-herramientas-de-softw/urban_flow/data/raw/imgs/urban_flow_plates/6c144e47161867c2_patente.jpg,W326AVE,1.0
241,CT5B876,1932-01-01,18:11,65.0,40,RUTA 9,R03,ERROR,25.0,23.0,/content/tp-herramientas-de-softw/urban_flow/data/raw/imgs/urban_flow_plates/39c193bcc0c00f9e_patente.jpg,C75B876,0.8571
243,NHZ1002,1932-01-01,00:00,116.0,40,AV LIBERTADOR,R02,IMPAGA,76.0,74.0,/content/tp-herramientas-de-softw/urban_flow/data/raw/imgs/urban_flow_plates/1071b237587a698b_patente.qoi,NHZ1002,1.0
247,GN64OTP,1932-01-01,18:11,141.0,80,RUTA 9,R02,APELADA,61.0,57.0,,,
248,VY90540,1932-01-01,18:11,123.0,60,AV LIBERTADOR,,ERROR,63.0,60.0,/content/tp-herramientas-de-softw/urban_flow/data/raw/imgs/urban_flow_plates/288a95c01e43cd14_patente.jpg,VY90540,1.0
249,6611172,1932-01-01,08:10,78.0,60,AV LIBERTADOR,R02,APELADA,18.0,15.0,/content/tp-herramientas-de-softw/urban_flow/data/raw/imgs/urban_flow_plates/7a1f9520c7ecd5b1_patente.jpg,6611172,1.0
256,XIIUME,1932-01-01,00:00,125.0,80,AV SIEMPRE VIVA,R03,ERROR,45.0,41.0,/content/tp-herramientas-de-softw/urban_flow/data/raw/imgs/urban_flow_plates/64de505bd2bac82b_patente.jpg,XIIUME,1.0
257,BM351,2023-03-31,14:08,78.0,40,AV SIEMPRE VIVA,R02,ERROR,38.0,36.0,/content/tp-herramientas-de-softw/urban_flow/data/raw/imgs/urban_flow_plates/9995dfc6e0eae5a1_patente.jpg,BM351,1.0
258,NAN,2021-07-31,18:12,104.0,80,AV SIEMPRE VIVA,,APELADA,24.0,20.0,/content/tp-herramientas-de-softw/urban_flow/data/raw/imgs/urban_flow_plates/b01d46f9911d558b.jpg,NAN,1.0
259,HAMSTUR,1932-01-01,14:09,141.0,80,AV SIEMPRE VIVA,R03,PAGADA,61.0,57.0,/content/tp-herramientas-de-softw/urban_flow/data/raw/imgs/urban_flow_plates/a929dc75c20da7d8_patente.jpg,HAMSTUR,1.0
262,BHRP770,2020-03-29,00:00,94.0,60,AV LIBERTADOR,R01,ERROR,34.0,31.0,/content/tp-herramientas-de-softw/urban_flow/data/raw/imgs/urban_flow_plates/321ffb38656f7311_patente.jpg,BHRP770,1.0
263,990XYK,1932-01-01,18:12,98.0,60,AV SIEMPRE VIVA,R02,PAGADA,38.0,35.0,/content/tp-herramientas-de-softw/urban_flow/data/raw/imgs/urban_flow_plates/11f80fda2c38011c.jpg,990XWK,0.8333
268,GLEN1E,2023-09-03,14:09,68.0,60,AV LIBERTADOR,,APELADA,8.0,5.0,/content/tp-herramientas-de-softw/urban_flow/data/raw/imgs/urban_flow_plates/b9f5b9acf1777acf.jpg,GLENIE,0.8333
275,WEFLYN,2022-03-15,14:09,139.0,80,AV LIBERTADOR,R03,APELADA,59.0,55.0,/content/tp-herramientas-de-softw/urban_flow/data/raw/imgs/urban_flow_plates/29f7991e696e6e3f_patente.jpg,WEFLYN,1.0
285,41RSTZ,1932-01-01,14:10,153.0,80,AV LIBERTADOR,R02,ERROR,73.0,69.0,/content/tp-herramientas-de-softw/urban_flow/data/raw/imgs/urban_flow_plates/86c92b0402fec141_patente.jpg,41RSTZ,1.0
288,GCP332,1932-01-01,08:11,91.0,80,RUTA 9,,IMPAGA,11.0,7.0,/content/tp-herramientas-de-softw/urban_flow/data/raw/imgs/urban_flow_plates/d648b2ae1abc09f3_patente.jpg,GCP332,1.0
294,810TCH,2023-11-09,18:14,82.0,40,RUTA 9,R03,IMPAGA,42.0,40.0,/content/tp-herramientas-de-softw/urban_flow/data/raw/imgs/urban_flow_plates/53ad98b12752ad16_patente.jpg,810TCH,1.0
297,GOOGLE,2022-07-22,00:00,88.0,60,AV SIEMPRE VIVA,R03,APELADA,28.0,25.0,/content/tp-herramientas-de-softw/urban_flow/data/raw/imgs/urban_flow_plates/593e594137f374ab.jpg,GOOGLE,1.0
298,VY90540,1932-01-01,00:00,99.0,80,RUTA 9,R01,ERROR,19.0,15.0,/content/tp-herramientas-de-softw/urban_flow/data/raw/imgs/urban_flow_plates/288a95c01e43cd14_patente.jpg,VY90540,1.0
301,J1S1,1932-01-01,00:00,121.0,80,AV SIEMPRE VIVA,,PAGADA,41.0,37.0,/content/tp-herramientas-de-softw/urban_flow/data/raw/imgs/urban_flow_plates/e82f13b4a2fe69f3_patente_1.jpg,J1S1,1.0
302,GN64OTP,1932-01-01,18:14,157.0,80,RUTA 9,R03,ERROR,77.0,73.0,,,
303,CBMUK,1932-01-01,14:10,99.0,60,AV LIBERTADOR,R01,APELADA,39.0,36.0,,,
306,XIIUME,1932-01-01,08:12,133.0,80,AV SIEMPRE VIVA,R02,IMPAGA,53.0,49.0,/content/tp-herramientas-de-softw/urban_flow/data/raw/imgs/urban_flow_plates/64de505bd2bac82b_patente.jpg,XIIUME,1.0
307,409,1932-01-01,18:14,96.0,40,RUTA 9,R01,PAGADA,56.0,54.0,/content/tp-herramientas-de-softw/urban_flow/data/raw/imgs/urban_flow_plates/7bcf6b4ec09f1ea7_patente.jpg,409,1.0
308,FD1475,2022-09-13,08:12,153.0,80,RUTA 9,,ERROR,73.0,69.0,/content/tp-herramientas-de-softw/urban_flow/data/raw/imgs/urban_flow_plates/d8daed582e6cce2d_patente.jpg,FD147,0.8333
309,VTIIAHV,1932-01-01,14:10,124.0,60,RUTA 9,R02,ERROR,64.0,61.0,,,
311,CBMUK,1932-01-01,00:00,120.0,40,RUTA 9,R01,PAGADA,80.0,78.0,,,
312,NAN,1932-01-01,00:00,50.0,40,AV LIBERTADOR,R01,ERROR,10.0,8.0,/content/tp-herramientas-de-softw/urban_flow/data/raw/imgs/urban_flow_plates/b01d46f9911d558b.jpg,NAN,1.0
315,MPX9357,2020-02-10,00:00,104.0,60,AV LIBERTADOR,R03,IMPAGA,44.0,41.0,/content/tp-herramientas-de-softw/urban_flow/data/raw/imgs/urban_flow_plates/182268e1f8c6525f_patente.jpg,MPX9357,1.0
317,GN64OTP,1932-01-01,18:15,88.0,80,RUTA 9,R01,IMPAGA,8.0,4.0,,,
319,WU341A,1932-01-01,00:00,73.0,40,AV LIBERTADOR,R02,IMPAGA,33.0,31.0,,,
320,OUTSTDN,1932-01-01,08:12,120.0,60,RUTA 9,,ERROR,60.0,57.0,/content/tp-herramientas-de-softw/urban_flow/data/raw/imgs/urban_flow_plates/1ca1155083156d72_patente.jpg,OUTSTDN,1.0
322,UW3932,1932-01-01,08:13,100.0,80,AV SIEMPRE VIVA,R02,ERROR,20.0,16.0,,,
324,HAMSTUR,1932-01-01,00:00,96.0,80,AV LIBERTADOR,R03,PAGADA,16.0,12.0,/content/tp-herramientas-de-softw/urban_flow/data/raw/imgs/urban_flow_plates/a929dc75c20da7d8_patente.jpg,HAMSTUR,1.0
325,9999868,1932-01-01,00:00,159.0,80,RUTA 9,R02,ERROR,79.0,75.0,,,
327,J1S1,1932-01-01,00:00,93.0,40,AV LIBERTADOR,R01,ERROR,53.0,51.0,/content/tp-herramientas-de-softw/urban_flow/data/raw/imgs/urban_flow_plates/e82f13b4a2fe69f3_patente_1.jpg,J1S1,1.0
328,GN64OTP,1932-01-01,14:11,156.0,80,AV SIEMPRE VIVA,R02,PAGADA,76.0,72.0,,,
329,UM96201,2021-11-17,18:15,133.0,60,RUTA 9,R03,APELADA,73.0,70.0,/content/tp-herramientas-de-softw/urban_flow/data/raw/imgs/urban_flow_plates/09453a7c716a9ef3_patente.jpg,UM96201,1.0
332,HK06YMX,1932-01-01,00:00,151.0,80,AV SIEMPRE VIVA,,PAGADA,71.0,67.0,/content/tp-herramientas-de-softw/urban_flow/data/raw/imgs/urban_flow_plates/9a4fe6361597f264_patente.jpg,HKO6YMX,0.8571
334,810TCH,1932-01-01,00:00,64.0,40,AV LIBERTADOR,,IMPAGA,24.0,22.0,/content/tp-herramientas-de-softw/urban_flow/data/raw/imgs/urban_flow_plates/53ad98b12752ad16_patente.jpg,810TCH,1.0
340,T0YDR,1932-01-01,18:15,105.0,40,AV LIBERTADOR,R03,APELADA,65.0,63.0,/content/tp-herramientas-de-softw/urban_flow/data/raw/imgs/urban_flow_plates/4cb48c8bf41b70a4_patente.jpg,TBYDR,0.8
342,6611172,1932-01-01,00:00,79.0,40,AV LIBERTADOR,R03,APELADA,39.0,37.0,/content/tp-herramientas-de-softw/urban_flow/data/raw/imgs/urban_flow_plates/7a1f9520c7ecd5b1_patente.jpg,6611172,1.0
353,FVIOUHP,1932-01-01,14:12,127.0,80,AV LIBERTADOR,,PAGADA,47.0,43.0,/content/tp-herramientas-de-softw/urban_flow/data/raw/imgs/urban_flow_plates/28e26a4eb646c67a_patente.jpg,FVIDUHP,0.8571
354,HF58HXP,1932-01-01,14:12,105.0,80,AV LIBERTADOR,R01,APELADA,25.0,21.0,/content/tp-herramientas-de-softw/urban_flow/data/raw/imgs/urban_flow_plates/9a795bbf4e94d630_patente.jpg,HF5BHXP,0.8571
356,MX60NZA,1932-01-01,00:00,67.0,60,AV LIBERTADOR,R02,PAGADA,7.0,4.0,,,
362,NAN,1932-01-01,14:12,65.0,40,RUTA 9,,APELADA,25.0,23.0,/content/tp-herramientas-de-softw/urban_flow/data/raw/imgs/urban_flow_plates/b01d46f9911d558b.jpg,NAN,1.0
364,HK06YMX,1932-01-01,14:12,90.0,40,AV LIBERTADOR,R02,PAGADA,50.0,48.0,/content/tp-herramientas-de-softw/urban_flow/data/raw/imgs/urban_flow_plates/9a4fe6361597f264_patente.jpg,HKO6YMX,0.8571
371,8B90638,1932-01-01,18:17,90.0,40,RUTA 9,R01,IMPAGA,50.0,48.0,/content/tp-herramientas-de-softw/urban_flow/data/raw/imgs/urban_flow_plates/6a0ef049e5ec4b16_patente.jpg,8B90638,1.0
380,691XC80,1932-01-01,00:00,103.0,80,AV LIBERTADOR,R01,APELADA,23.0,19.0,/content/tp-herramientas-de-softw/urban_flow/data/raw/imgs/urban_flow_plates/5a122adbb1a776b7_patente.jpg,691XC80,1.0
382,589222,1932-01-01,08:14,135.0,80,AV SIEMPRE VIVA,R01,IMPAGA,55.0,51.0,/content/tp-herramientas-de-softw/urban_flow/data/raw/imgs/urban_flow_plates/246a0e4264a39433_patente.jpg,589222,1.0
383,0695DVH,2023-12-16,18:17,63.0,40,AV LIBERTADOR,R01,ERROR,23.0,21.0,/content/tp-herramientas-de-softw/urban_flow/data/raw/imgs/urban_flow_plates/12b7ea40074d3b20.jpg,0695DVH,1.0
385,409,1932-01-01,08:14,45.0,40,AV LIBERTADOR,R02,APELADA,5.0,3.0,/content/tp-herramientas-de-softw/urban_flow/data/raw/imgs/urban_flow_plates/7bcf6b4ec09f1ea7_patente.jpg,409,1.0
387,MX60NZA,1932-01-01,00:00,125.0,60,AV SIEMPRE VIVA,R02,IMPAGA,65.0,62.0,,,
388,81ZFJD,2020-11-21,00:00,119.0,40,AV LIBERTADOR,R03,ERROR,79.0,77.0,/content/tp-herramientas-de-softw/urban_flow/data/raw/imgs/urban_flow_plates/02a6ef3d9bd68e91_patente.jpg,81ZFID,0.8333
389,GE1466,2023-02-18,14:13,112.0,80,AV LIBERTADOR,R03,IMPAGA,32.0,28.0,,,
392,J1S1,1932-01-01,18:18,134.0,60,RUTA 9,,PAGADA,74.0,71.0,/content/tp-herramientas-de-softw/urban_flow/data/raw/imgs/urban_flow_plates/e82f13b4a2fe69f3_patente_1.jpg,J1S1,1.0
393,NAN,2021-12-19,00:00,57.0,40,AV LIBERTADOR,R02,IMPAGA,17.0,15.0,/content/tp-herramientas-de-softw/urban_flow/data/raw/imgs/urban_flow_plates/b01d46f9911d558b.jpg,NAN,1.0
394,GLEN1E,2023-05-05,00:00,133.0,80,AV SIEMPRE VIVA,R02,ERROR,53.0,49.0,/content/tp-herramientas-de-softw/urban_flow/data/raw/imgs/urban_flow_plates/b9f5b9acf1777acf.jpg,GLENIE,0.8333
396,41RSTZ,1932-01-01,14:13,90.0,80,AV LIBERTADOR,,ERROR,10.0,6.0,/content/tp-herramientas-de-softw/urban_flow/data/raw/imgs/urban_flow_plates/86c92b0402fec141_patente.jpg,41RSTZ,1.0
397,HF3461,2020-07-01,00:00,94.0,80,RUTA 9,R02,APELADA,14.0,10.0,/content/tp-herramientas-de-softw/urban_flow/data/raw/imgs/urban_flow_plates/a6e3b0b73220cd32_patente.jpg,HF3461,1.0
399,810TCH,1932-01-01,00:00,69.0,40,AV SIEMPRE VIVA,R03,IMPAGA,29.0,27.0,/content/tp-herramientas-de-softw/urban_flow/data/raw/imgs/urban_flow_plates/53ad98b12752ad16_patente.jpg,810TCH,1.0
400,BM351,1932-01-01,00:00,94.0,60,RUTA 9,,ERROR,34.0,31.0,/content/tp-herramientas-de-softw/urban_flow/data/raw/imgs/urban_flow_plates/9995dfc6e0eae5a1_patente.jpg,BM351,1.0
402,YLO8WUE,1932-01-01,00:00,119.0,60,RUTA 9,R02,APELADA,59.0,56.0,,,
404,PIW4215,1932-01-01,18:18,49.0,40,AV SIEMPRE VIVA,R03,PAGADA,9.0,7.0,,,
405,HF58HXP,1932-01-01,00:00,118.0,80,AV SIEMPRE VIVA,,ERROR,38.0,34.0,/content/tp-herramientas-de-softw/urban_flow/data/raw/imgs/urban_flow_plates/9a795bbf4e94d630_patente.jpg,HF5BHXP,0.8571
406,WU08YWC,1932-01-01,00:00,155.0,80,AV LIBERTADOR,R02,PAGADA,75.0,71.0,,,
407,6EVY261,1932-01-01,08:15,115.0,60,RUTA 9,R01,PAGADA,55.0,52.0,/content/tp-herramientas-de-softw/urban_flow/data/raw/imgs/urban_flow_plates/081f5a6bc61b9c48_patente.jpg,6EVY261,1.0
408,MVU4688,2022-06-15,18:18,91.0,40,AV LIBERTADOR,R02,IMPAGA,51.0,49.0,/content/tp-herramientas-de-softw/urban_flow/data/raw/imgs/urban_flow_plates/3feecc5809a29627_patente.jpg,MVU4688,1.0
410,UM96201,1932-01-01,00:00,98.0,60,AV SIEMPRE VIVA,R01,PAGADA,38.0,35.0,/content/tp-herramientas-de-softw/urban_flow/data/raw/imgs/urban_flow_plates/09453a7c716a9ef3_patente.jpg,UM96201,1.0
412,41RSTZ,1932-01-01,08:15,104.0,60,AV SIEMPRE VIVA,R03,ERROR,44.0,41.0,/content/tp-herramientas-de-softw/urban_flow/data/raw/imgs/urban_flow_plates/86c92b0402fec141_patente.jpg,41RSTZ,1.0
413,CT5B876,1932-01-01,18:19,104.0,60,AV SIEMPRE VIVA,,PAGADA,44.0,41.0,/content/tp-herramientas-de-softw/urban_flow/data/raw/imgs/urban_flow_plates/39c193bcc0c00f9e_patente.jpg,C75B876,0.8571
414,YLO8WUE,1932-01-01,00:00,59.0,40,AV LIBERTADOR,R02,IMPAGA,19.0,17.0,,,
416,BX55DOG,1932-01-01,14:13,97.0,40,AV LIBERTADOR,R01,IMPAGA,57.0,55.0,,,
418,WU341A,1932-01-01,00:00,90.0,40,AV SIEMPRE VIVA,R03,ERROR,50.0,48.0,,,
421,XIIUME,2020-04-25,08:15,115.0,40,RUTA 9,R02,PAGADA,75.0,73.0,/content/tp-herramientas-de-softw/urban_flow/data/raw/imgs/urban_flow_plates/64de505bd2bac82b_patente.jpg,XIIUME,1.0
422,XIIUME,1932-01-01,18:19,116.0,60,AV SIEMPRE VIVA,R01,IMPAGA,56.0,53.0,/content/tp-herramientas-de-softw/urban_flow/data/raw/imgs/urban_flow_plates/64de505bd2bac82b_patente.jpg,XIIUME,1.0
424,XIIUME,1932-01-01,14:14,89.0,40,AV LIBERTADOR,R01,ERROR,49.0,47.0,/content/tp-herramientas-de-softw/urban_flow/data/raw/imgs/urban_flow_plates/64de505bd2bac82b_patente.jpg,XIIUME,1.0
428,GN64OTP,1932-01-01,00:00,68.0,60,RUTA 9,R03,APELADA,8.0,5.0,,,
430,FVIOUHP,1932-01-01,00:00,71.0,40,RUTA 9,,APELADA,31.0,29.0,/content/tp-herramientas-de-softw/urban_flow/data/raw/imgs/urban_flow_plates/28e26a4eb646c67a_patente.jpg,FVIDUHP,0.8571
431,XIIUME,1932-01-01,18:20,114.0,80,AV LIBERTADOR,,IMPAGA,34.0,30.0,/content/tp-herramientas-de-softw/urban_flow/data/raw/imgs/urban_flow_plates/64de505bd2bac82b_patente.jpg,XIIUME,1.0
432,6NCE831,1932-01-01,00:00,88.0,80,RUTA 9,R01,PAGADA,8.0,4.0,/content/tp-herramientas-de-softw/urban_flow/data/raw/imgs/urban_flow_plates/0ee91c4938b6e7ee_patente.jpg,6NCE831,1.0
433,VY90540,1932-01-01,08:16,66.0,60,RUTA 9,R03,APELADA,6.0,3.0,/content/tp-herramientas-de-softw/urban_flow/data/raw/imgs/urban_flow_plates/288a95c01e43cd14_patente.jpg,VY90540,1.0
434,GLEN1E,1932-01-01,18:20,70.0,60,AV SIEMPRE VIVA,,ERROR,10.0,7.0,/content/tp-herramientas-de-softw/urban_flow/data/raw/imgs/urban_flow_plates/b9f5b9acf1777acf.jpg,GLENIE,0.8333
435,T0YDR,1932-01-01,00:00,91.0,60,RUTA 9,R01,PAGADA,31.0,28.0,/content/tp-herramientas-de-softw/urban_flow/data/raw/imgs/urban_flow_plates/4cb48c8bf41b70a4_patente.jpg,TBYDR,0.8
436,409,1932-01-01,00:00,86.0,60,RUTA 9,,ERROR,26.0,23.0,/content/tp-herramientas-de-softw/urban_flow/data/raw/imgs/urban_flow_plates/7bcf6b4ec09f1ea7_patente.jpg,409,1.0
437,WU08YWC,1932-01-01,00:00,53.0,40,RUTA 9,R01,ERROR,13.0,11.0,,,
441,691XC80,1932-01-01,18:21,117.0,60,AV SIEMPRE VIVA,R01,ERROR,57.0,54.0,/content/tp-herramientas-de-softw/urban_flow/data/raw/imgs/urban_flow_plates/5a122adbb1a776b7_patente.jpg,691XC80,1.0
444,3646HBH,1932-01-01,00:00,74.0,60,AV LIBERTADOR,R02,PAGADA,14.0,11.0,/content/tp-herramientas-de-softw/urban_flow/data/raw/imgs/urban_flow_plates/d3729058c6a4186e_patente.jpg,3646HBH,1.0
445,HAMSTUR,1932-01-01,00:00,72.0,40,AV SIEMPRE VIVA,,ERROR,32.0,30.0,/content/tp-herramientas-de-softw/urban_flow/data/raw/imgs/urban_flow_plates/a929dc75c20da7d8_patente.jpg,HAMSTUR,1.0
449,CD05601,1932-01-01,00:00,99.0,80,AV LIBERTADOR,R02,IMPAGA,19.0,15.0,,,
451,6NCE831,1932-01-01,00:00,160.0,80,AV LIBERTADOR,,APELADA,80.0,76.0,/content/tp-herramientas-de-softw/urban_flow/data/raw/imgs/urban_flow_plates/0ee91c4938b6e7ee_patente.jpg,6NCE831,1.0
452,OUTSTDN,2023-07-17,14:14,122.0,80,AV LIBERTADOR,,APELADA,42.0,38.0,/content/tp-herramientas-de-softw/urban_flow/data/raw/imgs/urban_flow_plates/1ca1155083156d72_patente.jpg,OUTSTDN,1.0
455,HK06YMX,1932-01-01,00:00,82.0,40,AV SIEMPRE VIVA,,ERROR,42.0,40.0,/content/tp-herramientas-de-softw/urban_flow/data/raw/imgs/urban_flow_plates/9a4fe6361597f264_patente.jpg,HKO6YMX,0.8571
456,XIIUME,1932-01-01,18:21,116.0,80,AV LIBERTADOR,R02,IMPAGA,36.0,32.0,/content/tp-herramientas-de-softw/urban_flow/data/raw/imgs/urban_flow_plates/64de505bd2bac82b_patente.jpg,XIIUME,1.0
460,81ZFJD,1932-01-01,18:21,95.0,60,RUTA 9,R02,ERROR,35.0,32.0,/content/tp-herramientas-de-softw/urban_flow/data/raw/imgs/urban_flow_plates/02a6ef3d9bd68e91_patente.jpg,81ZFID,0.8333
461,M20CPR,1932-01-01,08:16,125.0,80,AV SIEMPRE VIVA,R01,ERROR,45.0,41.0,,,
464,T0YDR,1932-01-01,18:21,98.0,40,AV LIBERTADOR,,APELADA,58.0,56.0,/content/tp-herramientas-de-softw/urban_flow/data/raw/imgs/urban_flow_plates/4cb48c8bf41b70a4_patente.jpg,TBYDR,0.8
467,OUTSTDN,2022-02-14,00:00,146.0,80,AV SIEMPRE VIVA,R01,PAGADA,66.0,62.0,/content/tp-herramientas-de-softw/urban_flow/data/raw/imgs/urban_flow_plates/1ca1155083156d72_patente.jpg,OUTSTDN,1.0
469,NTHGLFT,1932-01-01,00:00,115.0,80,AV LIBERTADOR,,PAGADA,35.0,31.0,/content/tp-herramientas-de-softw/urban_flow/data/raw/imgs/urban_flow_plates/5fb888d79b551331.jpg,NTHGLFT,1.0
471,B81JKY,1932-01-01,00:00,84.0,60,AV SIEMPRE VIVA,R03,PAGADA,24.0,21.0,/content/tp-herramientas-de-softw/urban_flow/data/raw/imgs/urban_flow_plates/80e02a518ffe4cb2.jpg,B81JKY,1.0
472,YLO8WUE,1932-01-01,00:00,75.0,40,AV LIBERTADOR,R02,PAGADA,35.0,33.0,,,
473,2999961,1932-01-01,18:22,99.0,60,AV SIEMPRE VIVA,R03,IMPAGA,39.0,36.0,/content/tp-herramientas-de-softw/urban_flow/data/raw/imgs/urban_flow_plates/5ff91ccfc6f15d04_patente.jpg,2999961,1.0
476,6NCE831,1932-01-01,00:00,106.0,60,AV SIEMPRE VIVA,R03,PAGADA,46.0,43.0,/content/tp-herramientas-de-softw/urban_flow/data/raw/imgs/urban_flow_plates/0ee91c4938b6e7ee_patente.jpg,6NCE831,1.0
479,PIW4215,2022-11-03,18:22,94.0,80,AV LIBERTADOR,R01,PAGADA,14.0,10.0,,,
481,831MDB,1932-01-01,00:00,93.0,80,RUTA 9,R03,IMPAGA,13.0,9.0,,,
482,691XC80,1932-01-01,18:23,106.0,40,RUTA 9,R03,ERROR,66.0,64.0,/content/tp-herramientas-de-softw/urban_flow/data/raw/imgs/urban_flow_plates/5a122adbb1a776b7_patente.jpg,691XC80,1.0
484,UM96201,2023-04-14,08:17,77.0,40,AV SIEMPRE VIVA,R02,IMPAGA,37.0,35.0,/content/tp-herramientas-de-softw/urban_flow/data/raw/imgs/urban_flow_plates/09453a7c716a9ef3_patente.jpg,UM96201,1.0
486,691XC80,1932-01-01,18:23,92.0,60,AV SIEMPRE VIVA,R01,ERROR,32.0,29.0,/content/tp-herramientas-de-softw/urban_flow/data/raw/imgs/urban_flow_plates/5a122adbb1a776b7_patente.jpg,691XC80,1.0
487,NHZ1002,1932-01-01,18:23,93.0,80,AV LIBERTADOR,R01,ERROR,13.0,9.0,/content/tp-herramientas-de-softw/urban_flow/data/raw/imgs/urban_flow_plates/1071b237587a698b_patente.qoi,NHZ1002,1.0
488,6611172,1932-01-01,14:15,100.0,60,AV LIBERTADOR,R03,PAGADA,40.0,37.0,/content/tp-herramientas-de-softw/urban_flow/data/raw/imgs/urban_flow_plates/7a1f9520c7ecd5b1_patente.jpg,6611172,1.0
490,81ZFJD,1932-01-01,00:00,62.0,40,AV SIEMPRE VIVA,R03,IMPAGA,22.0,20.0,/content/tp-herramientas-de-softw/urban_flow/data/raw/imgs/urban_flow_plates/02a6ef3d9bd68e91_patente.jpg,81ZFID,0.8333
491,BX55DOG,1932-01-01,00:00,61.0,40,RUTA 9,,PAGADA,21.0,19.0,,,
492,M431ZW,1932-01-01,00:00,62.0,40,AV SIEMPRE VIVA,R02,APELADA,22.0,20.0,/content/tp-herramientas-de-softw/urban_flow/data/raw/imgs/urban_flow_plates/299f0363ae21d1c3_patente.jpg,M431ZM,0.8333
493,MPX9357,1932-01-01,00:00,80.0,60,AV LIBERTADOR,R02,PAGADA,20.0,17.0,/content/tp-herramientas-de-softw/urban_flow/data/raw/imgs/urban_flow_plates/182268e1f8c6525f_patente.jpg,MPX9357,1.0
495,HF3461,1932-01-01,00:00,111.0,80,AV LIBERTADOR,R01,ERROR,31.0,27.0,/content/tp-herramientas-de-softw/urban_flow/data/raw/imgs/urban_flow_plates/a6e3b0b73220cd32_patente.jpg,HF3461,1.0
497,BB8986,1932-01-01,14:16,150.0,80,AV SIEMPRE VIVA,R02,IMPAGA,70.0,66.0,/content/tp-herramientas-de-softw/urban_flow/data/raw/imgs/urban_flow_plates/7cbc7ee444622a66_patente.jpg,BB8986,1.0
498,BX55DOG,1932-01-01,00:00,103.0,60,RUTA 9,R03,APELADA,43.0,40.0,,,
499,AWS167,1932-01-01,08:17,51.0,40,AV LIBERTADOR,,ERROR,11.0,9.0,,,
500,GCP332,1932-01-01,00:00,63.0,40,RUTA 9,,PAGADA,23.0,21.0,/content/tp-herramientas-de-softw/urban_flow/data/raw/imgs/urban_flow_plates/d648b2ae1abc09f3_patente.jpg,GCP332,1.0
505,UM96201,1932-01-01,08:18,131.0,60,RUTA 9,,APELADA,71.0,68.0,/content/tp-herramientas-de-softw/urban_flow/data/raw/imgs/urban_flow_plates/09453a7c716a9ef3_patente.jpg,UM96201,1.0
506,691XC80,2023-12-31,14:16,53.0,40,AV LIBERTADOR,R01,PAGADA,13.0,11.0,/content/tp-herramientas-de-softw/urban_flow/data/raw/imgs/urban_flow_plates/5a122adbb1a776b7_patente.jpg,691XC80,1.0
507,CD05601,1932-01-01,18:23,71.0,60,AV LIBERTADOR,R01,ERROR,11.0,8.0,,,
509,VY90540,1932-01-01,14:16,143.0,80,RUTA 9,,ERROR,63.0,59.0,/content/tp-herramientas-de-softw/urban_flow/data/raw/imgs/urban_flow_plates/288a95c01e43cd14_patente.jpg,VY90540,1.0
513,T0YDR,1932-01-01,18:24,133.0,80,RUTA 9,,PAGADA,53.0,49.0,/content/tp-herramientas-de-softw/urban_flow/data/raw/imgs/urban_flow_plates/4cb48c8bf41b70a4_patente.jpg,TBYDR,0.8
514,9999868,1932-01-01,00:00,71.0,40,AV SIEMPRE VIVA,R02,APELADA,31.0,29.0,,,
515,MX60NZA,1932-01-01,18:24,117.0,80,AV LIBERTADOR,R02,PAGADA,37.0,33.0,,,
518,GOOGLE,2023-11-12,18:24,146.0,80,AV SIEMPRE VIVA,R01,APELADA,66.0,62.0,/content/tp-herramientas-de-softw/urban_flow/data/raw/imgs/urban_flow_plates/593e594137f374ab.jpg,GOOGLE,1.0
519,WU08YWC,1932-01-01,08:18,100.0,40,AV LIBERTADOR,R01,IMPAGA,60.0,58.0,,,
524,HF3461,2020-01-28,18:24,87.0,80,AV LIBERTADOR,R03,IMPAGA,7.0,3.0,/content/tp-herramientas-de-softw/urban_flow/data/raw/imgs/urban_flow_plates/a6e3b0b73220cd32_patente.jpg,HF3461,1.0
526,FD1475,1932-01-01,00:00,129.0,60,AV LIBERTADOR,R02,APELADA,69.0,66.0,/content/tp-herramientas-de-softw/urban_flow/data/raw/imgs/urban_flow_plates/d8daed582e6cce2d_patente.jpg,FD147,0.8333
527,J1S1,1932-01-01,18:24,158.0,80,RUTA 9,R02,ERROR,78.0,74.0,/content/tp-herramientas-de-softw/urban_flow/data/raw/imgs/urban_flow_plates/e82f13b4a2fe69f3_patente_1.jpg,J1S1,1.0
533,VNK296GP,1932-01-01,00:00,120.0,60,RUTA 9,R02,ERROR,60.0,57.0,,,
536,HAMSTUR,1932-01-01,08:19,47.0,40,AV SIEMPRE VIVA,R02,PAGADA,7.0,5.0,/content/tp-herramientas-de-softw/urban_flow/data/raw/imgs/urban_flow_plates/a929dc75c20da7d8_patente.jpg,HAMSTUR,1.0
539,OUTSTDN,1932-01-01,00:00,85.0,60,AV LIBERTADOR,,IMPAGA,25.0,22.0,/content/tp-herramientas-de-softw/urban_flow/data/raw/imgs/urban_flow_plates/1ca1155083156d72_patente.jpg,OUTSTDN,1.0
541,WEFLYN,1932-01-01,08:19,118.0,40,RUTA 9,R03,APELADA,78.0,76.0,/content/tp-herramientas-de-softw/urban_flow/data/raw/imgs/urban_flow_plates/29f7991e696e6e3f_patente.jpg,WEFLYN,1.0
544,VY90540,1932-01-01,18:25,101.0,80,AV SIEMPRE VIVA,,ERROR,21.0,17.0,/content/tp-herramientas-de-softw/urban_flow/data/raw/imgs/urban_flow_plates/288a95c01e43cd14_patente.jpg,VY90540,1.0
545,WEFLYN,1932-01-01,00:00,81.0,60,AV SIEMPRE VIVA,R01,IMPAGA,21.0,18.0,/content/tp-herramientas-de-softw/urban_flow/data/raw/imgs/urban_flow_plates/29f7991e696e6e3f_patente.jpg,WEFLYN,1.0
550,FVIOUHP,1932-01-01,08:20,75.0,60,RUTA 9,,IMPAGA,15.0,12.0,/content/tp-herramientas-de-softw/urban_flow/data/raw/imgs/urban_flow_plates/28e26a4eb646c67a_patente.jpg,FVIDUHP,0.8571
551,MX60NZA,1932-01-01,00:00,90.0,60,RUTA 9,R02,IMPAGA,30.0,27.0,,,
553,DK414N,1932-01-01,00:00,55.0,40,AV SIEMPRE VIVA,R02,ERROR,15.0,13.0,/content/tp-herramientas-de-softw/urban_flow/data/raw/imgs/urban_flow_plates/2a3e44107826e876_patente.jpg,DK414N,1.0
555,HAMSTUR,2023-02-19,14:18,98.0,40,AV LIBERTADOR,R01,APELADA,58.0,56.0,/content/tp-herramientas-de-softw/urban_flow/data/raw/imgs/urban_flow_plates/a929dc75c20da7d8_patente.jpg,HAMSTUR,1.0
557,VTIIAHV,2022-01-26,00:00,52.0,40,AV LIBERTADOR,,PAGADA,12.0,10.0,,,
561,TL03GOG,1932-01-01,00:00,116.0,80,RUTA 9,,APELADA,36.0,32.0,/content/tp-herramientas-de-softw/urban_flow/data/raw/imgs/urban_flow_plates/fdd963edc28bf163_patente.jpg,TL03G0G,0.8571
564,6611172,1932-01-01,14:18,118.0,80,AV LIBERTADOR,R03,APELADA,38.0,34.0,/content/tp-herramientas-de-softw/urban_flow/data/raw/imgs/urban_flow_plates/7a1f9520c7ecd5b1_patente.jpg,6611172,1.0
565,6NCE831,2021-12-16,14:19,134.0,80,AV LIBERTADOR,R02,APELADA,54.0,50.0,/content/tp-herramientas-de-softw/urban_flow/data/raw/imgs/urban_flow_plates/0ee91c4938b6e7ee_patente.jpg,6NCE831,1.0
568,BHRP770,1932-01-01,08:20,153.0,80,RUTA 9,R03,ERROR,73.0,69.0,/content/tp-herramientas-de-softw/urban_flow/data/raw/imgs/urban_flow_plates/321ffb38656f7311_patente.jpg,BHRP770,1.0
569,FD1475,1932-01-01,00:00,132.0,60,AV SIEMPRE VIVA,,APELADA,72.0,69.0,/content/tp-herramientas-de-softw/urban_flow/data/raw/imgs/urban_flow_plates/d8daed582e6cce2d_patente.jpg,FD147,0.8333
571,FVIOUHP,1932-01-01,00:00,87.0,60,RUTA 9,R01,IMPAGA,27.0,24.0,/content/tp-herramientas-de-softw/urban_flow/data/raw/imgs/urban_flow_plates/28e26a4eb646c67a_patente.jpg,FVIDUHP,0.8571
574,GE1466,1932-01-01,18:26,78.0,60,RUTA 9,R01,APELADA,18.0,15.0,,,
576,B81JKY,2021-07-17,14:19,80.0,40,AV LIBERTADOR,R02,ERROR,40.0,38.0,/content/tp-herramientas-de-softw/urban_flow/data/raw/imgs/urban_flow_plates/80e02a518ffe4cb2.jpg,B81JKY,1.0
578,HF3461,1932-01-01,00:00,126.0,80,AV SIEMPRE VIVA,R02,APELADA,46.0,42.0,/content/tp-herramientas-de-softw/urban_flow/data/raw/imgs/urban_flow_plates/a6e3b0b73220cd32_patente.jpg,HF3461,1.0
579,BX55DOG,1932-01-01,00:00,139.0,60,RUTA 9,,PAGADA,79.0,76.0,,,
581,8B90638,1932-01-01,18:26,107.0,60,AV LIBERTADOR,R03,APELADA,47.0,44.0,/content/tp-herramientas-de-softw/urban_flow/data/raw/imgs/urban_flow_plates/6a0ef049e5ec4b16_patente.jpg,8B90638,1.0
582,INTIGR8,2020-06-14,14:20,95.0,60,AV SIEMPRE VIVA,R01,APELADA,35.0,32.0,/content/tp-herramientas-de-softw/urban_flow/data/raw/imgs/urban_flow_plates/da1352ab6054a2e4_patente.jpg,INTIGR8,1.0
583,DK414N,2020-07-04,08:21,76.0,60,AV SIEMPRE VIVA,R03,APELADA,16.0,13.0,/content/tp-herramientas-de-softw/urban_flow/data/raw/imgs/urban_flow_plates/2a3e44107826e876_patente.jpg,DK414N,1.0
587,HF3461,1932-01-01,00:00,100.0,40,AV SIEMPRE VIVA,R01,PAGADA,60.0,58.0,/content/tp-herramientas-de-softw/urban_flow/data/raw/imgs/urban_flow_plates/a6e3b0b73220cd32_patente.jpg,HF3461,1.0
589,J1S1,1932-01-01,00:00,145.0,80,RUTA 9,,PAGADA,65.0,61.0,/content/tp-herramientas-de-softw/urban_flow/data/raw/imgs/urban_flow_plates/e82f13b4a2fe69f3_patente_1.jpg,J1S1,1.0
593,B81JKY,1932-01-01,18:27,141.0,80,AV SIEMPRE VIVA,R02,PAGADA,61.0,57.0,/content/tp-herramientas-de-softw/urban_flow/data/raw/imgs/urban_flow_plates/80e02a518ffe4cb2.jpg,B81JKY,1.0
600,WEFLYN,1932-01-01,14:20,153.0,80,AV LIBERTADOR,R03,IMPAGA,73.0,69.0,/content/tp-herramientas-de-softw/urban_flow/data/raw/imgs/urban_flow_plates/29f7991e696e6e3f_patente.jpg,WEFLYN,1.0
605,MX60NZA,1932-01-01,14:20,105.0,60,AV LIBERTADOR,,PAGADA,45.0,42.0,,,
608,FD1475,1932-01-01,08:22,113.0,80,AV LIBERTADOR,R02,APELADA,33.0,29.0,/content/tp-herramientas-de-softw/urban_flow/data/raw/imgs/urban_flow_plates/d8daed582e6cce2d_patente.jpg,FD147,0.8333
610,M20CPR,1932-01-01,14:21,85.0,80,AV SIEMPRE VIVA,,ERROR,5.0,1.0,,,
612,HAMSTUR,2024-01-26,00:00,109.0,60,AV SIEMPRE VIVA,,IMPAGA,49.0,46.0,/content/tp-herramientas-de-softw/urban_flow/data/raw/imgs/urban_flow_plates/a929dc75c20da7d8_patente.jpg,HAMSTUR,1.0
613,T0YDR,1932-01-01,08:22,111.0,80,AV LIBERTADOR,R03,APELADA,31.0,27.0,/content/tp-herramientas-de-softw/urban_flow/data/raw/imgs/urban_flow_plates/4cb48c8bf41b70a4_patente.jpg,TBYDR,0.8
615,GOOGLE,1932-01-01,18:28,116.0,80,RUTA 9,R03,APELADA,36.0,32.0,/content/tp-herramientas-de-softw/urban_flow/data/raw/imgs/urban_flow_plates/593e594137f374ab.jpg,GOOGLE,1.0
616,HF58HXP,1932-01-01,14:21,76.0,60,AV SIEMPRE VIVA,R02,PAGADA,16.0,13.0,/content/tp-herramientas-de-softw/urban_flow/data/raw/imgs/urban_flow_plates/9a795bbf4e94d630_patente.jpg,HF5BHXP,0.8571
622,VNK296GP,1932-01-01,00:00,69.0,40,AV LIBERTADOR,,ERROR,29.0,27.0,,,
624,41RSTZ,1932-01-01,08:23,140.0,80,AV LIBERTADOR,R01,ERROR,60.0,56.0,/content/tp-herramientas-de-softw/urban_flow/data/raw/imgs/urban_flow_plates/86c92b0402fec141_patente.jpg,41RSTZ,1.0
625,VTIIAHV,1932-01-01,00:00,97.0,80,AV LIBERTADOR,R01,APELADA,17.0,13.0,,,
626,589222,1932-01-01,00:00,131.0,80,AV SIEMPRE VIVA,R02,PAGADA,51.0,47.0,/content/tp-herramientas-de-softw/urban_flow/data/raw/imgs/urban_flow_plates/246a0e4264a39433_patente.jpg,589222,1.0
627,M431ZW,1932-01-01,18:28,146.0,80,AV SIEMPRE VIVA,R02,ERROR,66.0,62.0,/content/tp-herramientas-de-softw/urban_flow/data/raw/imgs/urban_flow_plates/299f0363ae21d1c3_patente.jpg,M431ZM,0.8333
629,FVIOUHP,1932-01-01,00:00,88.0,40,AV SIEMPRE VIVA,R02,APELADA,48.0,46.0,/content/tp-herramientas-de-softw/urban_flow/data/raw/imgs/urban_flow_plates/28e26a4eb646c67a_patente.jpg,FVIDUHP,0.8571
636,BB8986,1932-01-01,00:00,101.0,60,RUTA 9,R03,ERROR,41.0,38.0,/content/tp-herramientas-de-softw/urban_flow/data/raw/imgs/urban_flow_plates/7cbc7ee444622a66_patente.jpg,BB8986,1.0
637,FVIOUHP,2021-03-30,08:23,139.0,60,AV SIEMPRE VIVA,R03,IMPAGA,79.0,76.0,/content/tp-herramientas-de-softw/urban_flow/data/raw/imgs/urban_flow_plates/28e26a4eb646c67a_patente.jpg,FVIDUHP,0.8571
639,MPX9357,1932-01-01,14:21,134.0,60,RUTA 9,R02,IMPAGA,74.0,71.0,/content/tp-herramientas-de-softw/urban_flow/data/raw/imgs/urban_flow_plates/182268e1f8c6525f_patente.jpg,MPX9357,1.0
643,YLO8WUE,2023-02-02,14:22,87.0,60,AV SIEMPRE VIVA,R02,PAGADA,27.0,24.0,,,
644,VNK296GP,1932-01-01,18:29,116.0,40,RUTA 9,R03,ERROR,76.0,74.0,,,
647,HK06YMX,2020-09-30,14:22,95.0,80,RUTA 9,R03,IMPAGA,15.0,11.0,/content/tp-herramientas-de-softw/urban_flow/data/raw/imgs/urban_flow_plates/9a4fe6361597f264_patente.jpg,HKO6YMX,0.8571
648,TL03GOG,1932-01-01,00:00,85.0,60,RUTA 9,R03,IMPAGA,25.0,22.0,/content/tp-herramientas-de-softw/urban_flow/data/raw/imgs/urban_flow_plates/fdd963edc28bf163_patente.jpg,TL03G0G,0.8571
649,5777770,1932-01-01,00:00,104.0,60,RUTA 9,,IMPAGA,44.0,41.0,/content/tp-herramientas-de-softw/urban_flow/data/raw/imgs/urban_flow_plates/7f56adf4b9306ac9_patente.jpg,5777770,1.0
650,NTHGLFT,1932-01-01,00:00,86.0,80,AV LIBERTADOR,R03,PAGADA,6.0,2.0,/content/tp-herramientas-de-softw/urban_flow/data/raw/imgs/urban_flow_plates/5fb888d79b551331.jpg,NTHGLFT,1.0
651,6NCE831,1932-01-01,00:00,93.0,60,AV LIBERTADOR,,PAGADA,33.0,30.0,/content/tp-herramientas-de-softw/urban_flow/data/raw/imgs/urban_flow_plates/0ee91c4938b6e7ee_patente.jpg,6NCE831,1.0
652,HAMSTUR,1932-01-01,14:22,75.0,40,AV SIEMPRE VIVA,R03,PAGADA,35.0,33.0,/content/tp-herramientas-de-softw/urban_flow/data/raw/imgs/urban_flow_plates/a929dc75c20da7d8_patente.jpg,HAMSTUR,1.0
654,OUTSTDN,1932-01-01,18:30,53.0,40,RUTA 9,R03,ERROR,13.0,11.0,/content/tp-herramientas-de-softw/urban_flow/data/raw/imgs/urban_flow_plates/1ca1155083156d72_patente.jpg,OUTSTDN,1.0
655,MPX9357,2021-11-19,14:22,137.0,80,AV SIEMPRE VIVA,,PAGADA,57.0,53.0,/content/tp-herramientas-de-softw/urban_flow/data/raw/imgs/urban_flow_plates/182268e1f8c6525f_patente.jpg,MPX9357,1.0
662,41RSTZ,2021-03-01,14:23,112.0,60,RUTA 9,,ERROR,52.0,49.0,/content/tp-herramientas-de-softw/urban_flow/data/raw/imgs/urban_flow_plates/86c92b0402fec141_patente.jpg,41RSTZ,1.0
664,PIW4215,1932-01-01,18:30,73.0,40,RUTA 9,R02,IMPAGA,33.0,31.0,,,
665,J1S1,1932-01-01,08:24,75.0,60,RUTA 9,R02,PAGADA,15.0,12.0,/content/tp-herramientas-de-softw/urban_flow/data/raw/imgs/urban_flow_plates/e82f13b4a2fe69f3_patente_1.jpg,J1S1,1.0
669,BX55DOG,1932-01-01,14:23,82.0,60,RUTA 9,R03,APELADA,22.0,19.0,,,
670,NTHGLFT,1932-01-01,00:00,55.0,40,AV SIEMPRE VIVA,R01,APELADA,15.0,13.0,/content/tp-herramientas-de-softw/urban_flow/data/raw/imgs/urban_flow_plates/5fb888d79b551331.jpg,NTHGLFT,1.0
671,T0YDR,2022-03-09,00:00,52.0,40,RUTA 9,R03,PAGADA,12.0,10.0,/content/tp-herramientas-de-softw/urban_flow/data/raw/imgs/urban_flow_plates/4cb48c8bf41b70a4_patente.jpg,TBYDR,0.8
675,WEFLYN,2023-08-21,14:23,104.0,60,AV LIBERTADOR,R03,PAGADA,44.0,41.0,/content/tp-herramientas-de-softw/urban_flow/data/raw/imgs/urban_flow_plates/29f7991e696e6e3f_patente.jpg,WEFLYN,1.0
677,990XYK,1932-01-01,00:00,74.0,40,AV LIBERTADOR,R01,IMPAGA,34.0,32.0,/content/tp-herramientas-de-softw/urban_flow/data/raw/imgs/urban_flow_plates/11f80fda2c38011c.jpg,990XWK,0.8333
678,NHZ1002,1932-01-01,14:24,120.0,40,AV LIBERTADOR,R02,ERROR,80.0,78.0,/content/tp-herramientas-de-softw/urban_flow/data/raw/imgs/urban_flow_plates/1071b237587a698b_patente.qoi,NHZ1002,1.0
682,AI7OVF,2021-04-24,14:24,67.0,40,AV LIBERTADOR,,ERROR,27.0,25.0,/content/tp-herramientas-de-softw/urban_flow/data/raw/imgs/urban_flow_plates/747b0f12f54703ee_patente.jpg,AI70VF,0.8333
684,AI7OVF,1932-01-01,18:31,113.0,60,AV LIBERTADOR,R03,APELADA,53.0,50.0,/content/tp-herramientas-de-softw/urban_flow/data/raw/imgs/urban_flow_plates/747b0f12f54703ee_patente.jpg,AI70VF,0.8333
686,VY90540,1932-01-01,00:00,131.0,80,AV LIBERTADOR,,IMPAGA,51.0,47.0,/content/tp-herramientas-de-softw/urban_flow/data/raw/imgs/urban_flow_plates/288a95c01e43cd14_patente.jpg,VY90540,1.0
689,BHRP770,1932-01-01,18:31,114.0,80,AV SIEMPRE VIVA,,IMPAGA,34.0,30.0,/content/tp-herramientas-de-softw/urban_flow/data/raw/imgs/urban_flow_plates/321ffb38656f7311_patente.jpg,BHRP770,1.0
690,VY90540,1932-01-01,18:32,119.0,80,AV LIBERTADOR,,APELADA,39.0,35.0,/content/tp-herramientas-de-softw/urban_flow/data/raw/imgs/urban_flow_plates/288a95c01e43cd14_patente.jpg,VY90540,1.0
698,409,1932-01-01,08:24,149.0,80,AV LIBERTADOR,,IMPAGA,69.0,65.0,/content/tp-herramientas-de-softw/urban_flow/data/raw/imgs/urban_flow_plates/7bcf6b4ec09f1ea7_patente.jpg,409,1.0
699,DK414N,2022-05-28,00:00,133.0,60,RUTA 9,R02,APELADA,73.0,70.0,/content/tp-herramientas-de-softw/urban_flow/data/raw/imgs/urban_flow_plates/2a3e44107826e876_patente.jpg,DK414N,1.0
700,PIW4215,1932-01-01,00:00,96.0,80,AV SIEMPRE VIVA,R03,PAGADA,16.0,12.0,,,
703,M20CPR,1932-01-01,18:32,64.0,40,AV LIBERTADOR,,ERROR,24.0,22.0,,,
709,NTHGLFT,1932-01-01,08:24,101.0,40,RUTA 9,R03,ERROR,61.0,59.0,/content/tp-herramientas-de-softw/urban_flow/data/raw/imgs/urban_flow_plates/5fb888d79b551331.jpg,NTHGLFT,1.0
712,HF3461,1932-01-01,18:32,119.0,40,AV SIEMPRE VIVA,R03,ERROR,79.0,77.0,/content/tp-herramientas-de-softw/urban_flow/data/raw/imgs/urban_flow_plates/a6e3b0b73220cd32_patente.jpg,HF3461,1.0
713,BHRP770,1932-01-01,00:00,119.0,80,AV LIBERTADOR,R01,APELADA,39.0,35.0,/content/tp-herramientas-de-softw/urban_flow/data/raw/imgs/urban_flow_plates/321ffb38656f7311_patente.jpg,BHRP770,1.0
714,9999868,1932-01-01,00:00,149.0,80,AV SIEMPRE VIVA,R01,PAGADA,69.0,65.0,,,
718,831MDB,1932-01-01,08:25,135.0,60,AV LIBERTADOR,R02,APELADA,75.0,72.0,,,
720,RFH373,1932-01-01,08:25,116.0,80,AV LIBERTADOR,R03,APELADA,36.0,32.0,,,
721,WEFLYN,2023-03-23,00:00,89.0,80,RUTA 9,R03,ERROR,9.0,5.0,/content/tp-herramientas-de-softw/urban_flow/data/raw/imgs/urban_flow_plates/29f7991e696e6e3f_patente.jpg,WEFLYN,1.0
725,XIIUME,2020-04-04,14:25,97.0,80,AV SIEMPRE VIVA,,APELADA,17.0,13.0,/content/tp-herramientas-de-softw/urban_flow/data/raw/imgs/urban_flow_plates/64de505bd2bac82b_patente.jpg,XIIUME,1.0
727,HF58HXP,1932-01-01,08:26,69.0,60,AV LIBERTADOR,R01,IMPAGA,9.0,6.0,/content/tp-herramientas-de-softw/urban_flow/data/raw/imgs/urban_flow_plates/9a795bbf4e94d630_patente.jpg,HF5BHXP,0.8571
728,AWS167,1932-01-01,14:25,137.0,80,AV LIBERTADOR,R03,ERROR,57.0,53.0,,,
731,MPX9357,2023-05-23,18:33,107.0,40,AV LIBERTADOR,,ERROR,67.0,65.0,/content/tp-herramientas-de-softw/urban_flow/data/raw/imgs/urban_flow_plates/182268e1f8c6525f_patente.jpg,MPX9357,1.0
732,CT5B876,1932-01-01,14:25,88.0,80,AV SIEMPRE VIVA,R01,IMPAGA,8.0,4.0,/content/tp-herramientas-de-softw/urban_flow/data/raw/imgs/urban_flow_plates/39c193bcc0c00f9e_patente.jpg,C75B876,0.8571
733,2999961,2020-06-05,00:00,127.0,60,RUTA 9,R01,APELADA,67.0,64.0,/content/tp-herramientas-de-softw/urban_flow/data/raw/imgs/urban_flow_plates/5ff91ccfc6f15d04_patente.jpg,2999961,1.0
734,FVIOUHP,1932-01-01,08:26,111.0,80,AV SIEMPRE VIVA,R03,PAGADA,31.0,27.0,/content/tp-herramientas-de-softw/urban_flow/data/raw/imgs/urban_flow_plates/28e26a4eb646c67a_patente.jpg,FVIDUHP,0.8571
737,AWS167,1932-01-01,14:25,118.0,60,AV SIEMPRE VIVA,R01,APELADA,58.0,55.0,,,
741,HF3461,1932-01-01,14:26,130.0,80,RUTA 9,,IMPAGA,50.0,46.0,/content/tp-herramientas-de-softw/urban_flow/data/raw/imgs/urban_flow_plates/a6e3b0b73220cd32_patente.jpg,HF3461,1.0
743,810TCH,2023-04-10,00:00,134.0,60,RUTA 9,,IMPAGA,74.0,71.0,/content/tp-herramientas-de-softw/urban_flow/data/raw/imgs/urban_flow_plates/53ad98b12752ad16_patente.jpg,810TCH,1.0
745,GOOGLE,1932-01-01,14:26,112.0,80,AV SIEMPRE VIVA,R02,ERROR,32.0,28.0,/content/tp-herramientas-de-softw/urban_flow/data/raw/imgs/urban_flow_plates/593e594137f374ab.jpg,GOOGLE,1.0
751,AWS167,1932-01-01,14:26,113.0,40,AV LIBERTADOR,,ERROR,73.0,71.0,,,
752,T0YDR,1932-01-01,18:34,126.0,60,AV SIEMPRE VIVA,R02,IMPAGA,66.0,63.0,/content/tp-herramientas-de-softw/urban_flow/data/raw/imgs/urban_flow_plates/4cb48c8bf41b70a4_patente.jpg,TBYDR,0.8
755,FD1475,1932-01-01,00:00,85.0,40,AV LIBERTADOR,R03,ERROR,45.0,43.0,/content/tp-herramientas-de-softw/urban_flow/data/raw/imgs/urban_flow_plates/d8daed582e6cce2d_patente.jpg,FD147,0.8333
758,81ZFJD,1932-01-01,18:34,158.0,80,RUTA 9,,IMPAGA,78.0,74.0,/content/tp-herramientas-de-softw/urban_flow/data/raw/imgs/urban_flow_plates/02a6ef3d9bd68e91_patente.jpg,81ZFID,0.8333
759,VTIIAHV,1932-01-01,08:27,118.0,60,AV LIBERTADOR,R02,APELADA,58.0,55.0,,,
763,GCP332,2023-10-15,18:35,111.0,80,RUTA 9,,IMPAGA,31.0,27.0,/content/tp-herramientas-de-softw/urban_flow/data/raw/imgs/urban_flow_plates/d648b2ae1abc09f3_patente.jpg,GCP332,1.0
764,AWS167,1932-01-01,00:00,67.0,40,RUTA 9,,IMPAGA,27.0,25.0,,,
765,BB8986,2021-11-25,08:28,97.0,40,AV SIEMPRE VIVA,,IMPAGA,57.0,55.0,/content/tp-herramientas-de-softw/urban_flow/data/raw/imgs/urban_flow_plates/7cbc7ee444622a66_patente.jpg,BB8986,1.0
768,YLO8WUE,1932-01-01,00:00,87.0,60,RUTA 9,R03,ERROR,27.0,24.0,,,
770,RFH373,1932-01-01,00:00,104.0,40,AV LIBERTADOR,R02,APELADA,64.0,62.0,,,
773,DI2LOT,2020-07-17,08:28,115.0,40,AV LIBERTADOR,R03,APELADA,75.0,73.0,,,
776,J1S1,1932-01-01,18:36,89.0,40,RUTA 9,R01,IMPAGA,49.0,47.0,/content/tp-herramientas-de-softw/urban_flow/data/raw/imgs/urban_flow_plates/e82f13b4a2fe69f3_patente_1.jpg,J1S1,1.0
779,OUTSTDN,2023-09-07,00:00,104.0,60,RUTA 9,R03,PAGADA,44.0,41.0,/content/tp-herramientas-de-softw/urban_flow/data/raw/imgs/urban_flow_plates/1ca1155083156d72_patente.jpg,OUTSTDN,1.0
780,GLEN1E,1932-01-01,18:36,71.0,60,AV SIEMPRE VIVA,R02,ERROR,11.0,8.0,/content/tp-herramientas-de-softw/urban_flow/data/raw/imgs/urban_flow_plates/b9f5b9acf1777acf.jpg,GLENIE,0.8333
783,HF58HXP,1932-01-01,08:29,90.0,60,AV SIEMPRE VIVA,R01,PAGADA,30.0,27.0,/content/tp-herramientas-de-softw/urban_flow/data/raw/imgs/urban_flow_plates/9a795bbf4e94d630_patente.jpg,HF5BHXP,0.8571
784,BB8986,2022-01-28,18:36,82.0,60,RUTA 9,R02,IMPAGA,22.0,19.0,/content/tp-herramientas-de-softw/urban_flow/data/raw/imgs/urban_flow_plates/7cbc7ee444622a66_patente.jpg,BB8986,1.0
787,8B90638,1932-01-01,14:28,136.0,80,AV LIBERTADOR,R02,IMPAGA,56.0,52.0,/content/tp-herramientas-de-softw/urban_flow/data/raw/imgs/urban_flow_plates/6a0ef049e5ec4b16_patente.jpg,8B90638,1.0
788,9999868,1932-01-01,14:28,94.0,60,AV LIBERTADOR,R01,ERROR,34.0,31.0,,,
789,990XYK,1932-01-01,00:00,137.0,60,RUTA 9,,PAGADA,77.0,74.0,/content/tp-herramientas-de-softw/urban_flow/data/raw/imgs/urban_flow_plates/11f80fda2c38011c.jpg,990XWK,0.8333
792,589222,1932-01-01,18:37,153.0,80,AV SIEMPRE VIVA,R02,APELADA,73.0,69.0,/content/tp-herramientas-de-softw/urban_flow/data/raw/imgs/urban_flow_plates/246a0e4264a39433_patente.jpg,589222,1.0
793,CBMUK,2022-02-09,00:00,93.0,60,AV LIBERTADOR,R03,IMPAGA,33.0,30.0,,,
795,MVU4688,2022-03-25,14:28,152.0,80,AV SIEMPRE VIVA,,APELADA,72.0,68.0,/content/tp-herramientas-de-softw/urban_flow/data/raw/imgs/urban_flow_plates/3feecc5809a29627_patente.jpg,MVU4688,1.0
806,81ZFJD,1932-01-01,14:29,94.0,80,AV SIEMPRE VIVA,,APELADA,14.0,10.0,/content/tp-herramientas-de-softw/urban_flow/data/raw/imgs/urban_flow_plates/02a6ef3d9bd68e91_patente.jpg,81ZFID,0.8333
807,W326AVE,1932-01-01,08:30,82.0,60,RUTA 9,R02,APELADA,22.0,19.0,/content/tp-herramientas-de-softw/urban_flow/data/raw/imgs/urban_flow_plates/6c144e47161867c2_patente.jpg,W326AVE,1.0
808,XIIUME,1932-01-01,14:29,157.0,80,RUTA 9,R03,ERROR,77.0,73.0,/content/tp-herramientas-de-softw/urban_flow/data/raw/imgs/urban_flow_plates/64de505bd2bac82b_patente.jpg,XIIUME,1.0
811,AWS167,1932-01-01,08:30,71.0,40,AV LIBERTADOR,R03,IMPAGA,31.0,29.0,,,
814,M431ZW,1932-01-01,00:00,132.0,60,AV LIBERTADOR,R01,APELADA,72.0,69.0,/content/tp-herramientas-de-softw/urban_flow/data/raw/imgs/urban_flow_plates/299f0363ae21d1c3_patente.jpg,M431ZM,0.8333
815,HAMSTUR,1932-01-01,14:29,78.0,60,AV SIEMPRE VIVA,R03,ERROR,18.0,15.0,/content/tp-herramientas-de-softw/urban_flow/data/raw/imgs/urban_flow_plates/a929dc75c20da7d8_patente.jpg,HAMSTUR,1.0
816,DK414N,2020-08-22,00:00,117.0,80,AV LIBERTADOR,R03,IMPAGA,37.0,33.0,/content/tp-herramientas-de-softw/urban_flow/data/raw/imgs/urban_flow_plates/2a3e44107826e876_patente.jpg,DK414N,1.0
818,GE1466,1932-01-01,08:31,116.0,80,AV LIBERTADOR,,PAGADA,36.0,32.0,,,
819,6EVY261,1932-01-01,00:00,135.0,80,AV LIBERTADOR,R01,IMPAGA,55.0,51.0,/content/tp-herramientas-de-softw/urban_flow/data/raw/imgs/urban_flow_plates/081f5a6bc61b9c48_patente.jpg,6EVY261,1.0
821,BM351,1932-01-01,00:00,116.0,80,RUTA 9,R01,IMPAGA,36.0,32.0,/content/tp-herramientas-de-softw/urban_flow/data/raw/imgs/urban_flow_plates/9995dfc6e0eae5a1_patente.jpg,BM351,1.0
823,6611172,1932-01-01,08:31,136.0,80,AV LIBERTADOR,R03,ERROR,56.0,52.0,/content/tp-herramientas-de-softw/urban_flow/data/raw/imgs/urban_flow_plates/7a1f9520c7ecd5b1_patente.jpg,6611172,1.0
824,J1S1,1932-01-01,00:00,108.0,40,AV SIEMPRE VIVA,,ERROR,68.0,66.0,/content/tp-herramientas-de-softw/urban_flow/data/raw/imgs/urban_flow_plates/e82f13b4a2fe69f3_patente_1.jpg,J1S1,1.0
827,HF58HXP,1932-01-01,18:38,153.0,80,RUTA 9,R03,IMPAGA,73.0,69.0,/content/tp-herramientas-de-softw/urban_flow/data/raw/imgs/urban_flow_plates/9a795bbf4e94d630_patente.jpg,HF5BHXP,0.8571
830,M20CPR,1932-01-01,18:38,122.0,80,RUTA 9,,APELADA,42.0,38.0,,,
834,9999868,1932-01-01,00:00,96.0,80,AV SIEMPRE VIVA,R03,ERROR,16.0,12.0,,,
837,BM351,1932-01-01,08:32,104.0,80,AV SIEMPRE VIVA,,IMPAGA,24.0,20.0,/content/tp-herramientas-de-softw/urban_flow/data/raw/imgs/urban_flow_plates/9995dfc6e0eae5a1_patente.jpg,BM351,1.0
841,M431ZW,2020-08-28,00:00,114.0,60,AV SIEMPRE VIVA,R03,ERROR,54.0,51.0,/content/tp-herramientas-de-softw/urban_flow/data/raw/imgs/urban_flow_plates/299f0363ae21d1c3_patente.jpg,M431ZM,0.8333
842,AI7OVF,2020-11-19,14:30,54.0,40,AV LIBERTADOR,R03,PAGADA,14.0,12.0,/content/tp-herramientas-de-softw/urban_flow/data/raw/imgs/urban_flow_plates/747b0f12f54703ee_patente.jpg,AI70VF,0.8333
843,CD05601,1932-01-01,14:30,151.0,80,AV SIEMPRE VIVA,R01,PAGADA,71.0,67.0,,,
847,UM96201,1932-01-01,18:38,135.0,60,AV SIEMPRE VIVA,R02,APELADA,75.0,72.0,/content/tp-herramientas-de-softw/urban_flow/data/raw/imgs/urban_flow_plates/09453a7c716a9ef3_patente.jpg,UM96201,1.0
850,6EVY261,2020-06-11,00:00,98.0,80,AV LIBERTADOR,R01,IMPAGA,18.0,14.0,/content/tp-herramientas-de-softw/urban_flow/data/raw/imgs/urban_flow_plates/081f5a6bc61b9c48_patente.jpg,6EVY261,1.0
851,6EVY261,1932-01-01,00:00,117.0,40,AV LIBERTADOR,R02,IMPAGA,77.0,75.0,/content/tp-herramientas-de-softw/urban_flow/data/raw/imgs/urban_flow_plates/081f5a6bc61b9c48_patente.jpg,6EVY261,1.0
853,PIW4215,1932-01-01,00:00,99.0,60,AV LIBERTADOR,R02,IMPAGA,39.0,36.0,,,
855,NTHGLFT,1932-01-01,00:00,108.0,40,AV LIBERTADOR,R01,APELADA,68.0,66.0,/content/tp-herramientas-de-softw/urban_flow/data/raw/imgs/urban_flow_plates/5fb888d79b551331.jpg,NTHGLFT,1.0
856,CBMUK,1932-01-01,00:00,101.0,60,RUTA 9,R01,ERROR,41.0,38.0,,,
865,WU08YWC,1932-01-01,00:00,62.0,40,AV SIEMPRE VIVA,R01,ERROR,22.0,20.0,,,
866,GLEN1E,1932-01-01,00:00,85.0,60,AV LIBERTADOR,,ERROR,25.0,22.0,/content/tp-herramientas-de-softw/urban_flow/data/raw/imgs/urban_flow_plates/b9f5b9acf1777acf.jpg,GLENIE,0.8333
872,990XYK,1932-01-01,14:31,80.0,40,RUTA 9,R01,PAGADA,40.0,38.0,/content/tp-herramientas-de-softw/urban_flow/data/raw/imgs/urban_flow_plates/11f80fda2c38011c.jpg,990XWK,0.8333
873,INTIGR8,1932-01-01,14:32,113.0,60,AV LIBERTADOR,R02,PAGADA,53.0,50.0,/content/tp-herramientas-de-softw/urban_flow/data/raw/imgs/urban_flow_plates/da1352ab6054a2e4_patente.jpg,INTIGR8,1.0
882,BB8986,1932-01-01,14:32,124.0,80,AV LIBERTADOR,R01,APELADA,44.0,40.0,/content/tp-herramientas-de-softw/urban_flow/data/raw/imgs/urban_flow_plates/7cbc7ee444622a66_patente.jpg,BB8986,1.0
883,589222,1932-01-01,14:32,111.0,80,AV LIBERTADOR,,IMPAGA,31.0,27.0,/content/tp-herramientas-de-softw/urban_flow/data/raw/imgs/urban_flow_plates/246a0e4264a39433_patente.jpg,589222,1.0
884,6NCE831,1932-01-01,00:00,69.0,60,AV LIBERTADOR,R01,APELADA,9.0,6.0,/content/tp-herramientas-de-softw/urban_flow/data/raw/imgs/urban_flow_plates/0ee91c4938b6e7ee_patente.jpg,6NCE831,1.0
887,CT5B876,1932-01-01,00:00,83.0,40,RUTA 9,R02,ERROR,43.0,41.0,/content/tp-herramientas-de-softw/urban_flow/data/raw/imgs/urban_flow_plates/39c193bcc0c00f9e_patente.jpg,C75B876,0.8571
888,9999868,1932-01-01,00:00,53.0,40,AV LIBERTADOR,R01,IMPAGA,13.0,11.0,,,
890,BP717,1932-01-01,08:33,133.0,60,AV LIBERTADOR,R03,APELADA,73.0,70.0,/content/tp-herramientas-de-softw/urban_flow/data/raw/imgs/urban_flow_plates/e1120bfe48f85c1b_patente.jpg,BP717,1.0
893,VTIIAHV,1932-01-01,00:00,83.0,40,RUTA 9,R03,IMPAGA,43.0,41.0,,,
897,MVU4688,1932-01-01,08:33,90.0,60,AV LIBERTADOR,R03,IMPAGA,30.0,27.0,/content/tp-herramientas-de-softw/urban_flow/data/raw/imgs/urban_flow_plates/3feecc5809a29627_patente.jpg,MVU4688,1.0
900,BM351,2020-09-04,08:34,85.0,40,AV SIEMPRE VIVA,R01,PAGADA,45.0,43.0,/content/tp-herramientas-de-softw/urban_flow/data/raw/imgs/urban_flow_plates/9995dfc6e0eae5a1_patente.jpg,BM351,1.0
902,HF3461,1932-01-01,14:33,123.0,60,AV LIBERTADOR,,PAGADA,63.0,60.0,/content/tp-herramientas-de-softw/urban_flow/data/raw/imgs/urban_flow_plates/a6e3b0b73220cd32_patente.jpg,HF3461,1.0
904,VTIIAHV,1932-01-01,00:00,85.0,60,AV SIEMPRE VIVA,R02,PAGADA,25.0,22.0,,,
906,41RSTZ,1932-01-01,00:00,57.0,40,AV LIBERTADOR,R01,APELADA,17.0,15.0,/content/tp-herramientas-de-softw/urban_flow/data/raw/imgs/urban_flow_plates/86c92b0402fec141_patente.jpg,41RSTZ,1.0
907,WU341A,1932-01-01,14:33,74.0,60,RUTA 9,,PAGADA,14.0,11.0,,,
909,691XC80,1932-01-01,08:34,117.0,80,AV LIBERTADOR,R02,IMPAGA,37.0,33.0,/content/tp-herramientas-de-softw/urban_flow/data/raw/imgs/urban_flow_plates/5a122adbb1a776b7_patente.jpg,691XC80,1.0
914,UM96201,2021-05-06,18:41,96.0,80,AV LIBERTADOR,R01,APELADA,16.0,12.0,/content/tp-herramientas-de-softw/urban_flow/data/raw/imgs/urban_flow_plates/09453a7c716a9ef3_patente.jpg,UM96201,1.0
915,J1S1,2022-05-29,08:34,105.0,60,RUTA 9,R03,IMPAGA,45.0,42.0,/content/tp-herramientas-de-softw/urban_flow/data/raw/imgs/urban_flow_plates/e82f13b4a2fe69f3_patente_1.jpg,J1S1,1.0
920,DK414N,1932-01-01,00:00,142.0,80,AV LIBERTADOR,R02,APELADA,62.0,58.0,/content/tp-herramientas-de-softw/urban_flow/data/raw/imgs/urban_flow_plates/2a3e44107826e876_patente.jpg,DK414N,1.0
923,8B90638,2022-07-30,08:35,111.0,80,RUTA 9,R03,PAGADA,31.0,27.0,/content/tp-herramientas-de-softw/urban_flow/data/raw/imgs/urban_flow_plates/6a0ef049e5ec4b16_patente.jpg,8B90638,1.0
930,0695DVH,1932-01-01,00:00,116.0,80,AV SIEMPRE VIVA,R02,ERROR,36.0,32.0,/content/tp-herramientas-de-softw/urban_flow/data/raw/imgs/urban_flow_plates/12b7ea40074d3b20.jpg,0695DVH,1.0
932,DK414N,1932-01-01,08:35,67.0,60,AV SIEMPRE VIVA,R01,ERROR,7.0,4.0,/content/tp-herramientas-de-softw/urban_flow/data/raw/imgs/urban_flow_plates/2a3e44107826e876_patente.jpg,DK414N,1.0
935,9999868,1932-01-01,14:34,87.0,80,AV SIEMPRE VIVA,R03,IMPAGA,7.0,3.0,,,
936,41RSTZ,1932-01-01,00:00,74.0,60,RUTA 9,R01,APELADA,14.0,11.0,/content/tp-herramientas-de-softw/urban_flow/data/raw/imgs/urban_flow_plates/86c92b0402fec141_patente.jpg,41RSTZ,1.0
938,41RSTZ,2022-07-21,08:36,148.0,80,RUTA 9,R03,ERROR,68.0,64.0,/content/tp-herramientas-de-softw/urban_flow/data/raw/imgs/urban_flow_plates/86c92b0402fec141_patente.jpg,41RSTZ,1.0
939,691XC80,1932-01-01,14:34,49.0,40,AV LIBERTADOR,,IMPAGA,9.0,7.0,/content/tp-herramientas-de-softw/urban_flow/data/raw/imgs/urban_flow_plates/5a122adbb1a776b7_patente.jpg,691XC80,1.0
942,VTIIAHV,1932-01-01,08:36,73.0,60,AV SIEMPRE VIVA,,PAGADA,13.0,10.0,,,
943,9999868,2022-09-07,14:34,102.0,80,AV SIEMPRE VIVA,,APELADA,22.0,18.0,,,
945,BHRP770,1932-01-01,00:00,95.0,60,AV LIBERTADOR,,APELADA,35.0,32.0,/content/tp-herramientas-de-softw/urban_flow/data/raw/imgs/urban_flow_plates/321ffb38656f7311_patente.jpg,BHRP770,1.0
946,2999961,2022-08-30,00:00,97.0,80,AV SIEMPRE VIVA,R02,PAGADA,17.0,13.0,/content/tp-herramientas-de-softw/urban_flow/data/raw/imgs/urban_flow_plates/5ff91ccfc6f15d04_patente.jpg,2999961,1.0
948,HAMSTUR,1932-01-01,08:36,88.0,60,AV LIBERTADOR,,PAGADA,28.0,25.0,/content/tp-herramientas-de-softw/urban_flow/data/raw/imgs/urban_flow_plates/a929dc75c20da7d8_patente.jpg,HAMSTUR,1.0
949,NHZ1002,1932-01-01,08:36,127.0,60,AV SIEMPRE VIVA,R01,APELADA,67.0,64.0,/content/tp-herramientas-de-softw/urban_flow/data/raw/imgs/urban_flow_plates/1071b237587a698b_patente.qoi,NHZ1002,1.0
954,VTIIAHV,1932-01-01,00:00,91.0,60,RUTA 9,R01,IMPAGA,31.0,28.0,,,
961,OUTSTDN,1932-01-01,18:43,74.0,60,AV SIEMPRE VIVA,,PAGADA,14.0,11.0,/content/tp-herramientas-de-softw/urban_flow/data/raw/imgs/urban_flow_plates/1ca1155083156d72_patente.jpg,OUTSTDN,1.0
966,M20CPR,1932-01-01,00:00,87.0,80,AV LIBERTADOR,R03,IMPAGA,7.0,3.0,,,
967,INTIGR8,2021-11-06,08:38,81.0,60,AV LIBERTADOR,R03,IMPAGA,21.0,18.0,/content/tp-herramientas-de-softw/urban_flow/data/raw/imgs/urban_flow_plates/da1352ab6054a2e4_patente.jpg,INTIGR8,1.0
968,CD05601,1932-01-01,18:43,66.0,60,AV SIEMPRE VIVA,R01,APELADA,6.0,3.0,,,
971,FVIOUHP,1932-01-01,00:00,119.0,60,RUTA 9,R01,ERROR,59.0,56.0,/content/tp-herramientas-de-softw/urban_flow/data/raw/imgs/urban_flow_plates/28e26a4eb646c67a_patente.jpg,FVIDUHP,0.8571
973,HK06YMX,1932-01-01,00:00,121.0,60,AV LIBERTADOR,R02,PAGADA,61.0,58.0,/content/tp-herramientas-de-softw/urban_flow/data/raw/imgs/urban_flow_plates/9a4fe6361597f264_patente.jpg,HKO6YMX,0.8571
975,MVU4688,1932-01-01,18:43,132.0,60,AV LIBERTADOR,R03,ERROR,72.0,69.0,/content/tp-herramientas-de-softw/urban_flow/data/raw/imgs/urban_flow_plates/3feecc5809a29627_patente.jpg,MVU4688,1.0
976,9999868,2023-05-05,14:35,109.0,60,AV SIEMPRE VIVA,R01,PAGADA,49.0,46.0,,,
977,BB8986,1932-01-01,00:00,81.0,60,RUTA 9,R02,PAGADA,21.0,18.0,/content/tp-herramientas-de-softw/urban_flow/data/raw/imgs/urban_flow_plates/7cbc7ee444622a66_patente.jpg,BB8986,1.0
979,XIIUME,1932-01-01,14:36,68.0,60,AV SIEMPRE VIVA,R03,APELADA,8.0,5.0,/content/tp-herramientas-de-softw/urban_flow/data/raw/imgs/urban_flow_plates/64de505bd2bac82b_patente.jpg,XIIUME,1.0
982,BM351,1932-01-01,14:36,81.0,40,AV LIBERTADOR,R03,ERROR,41.0,39.0,/content/tp-herramientas-de-softw/urban_flow/data/raw/imgs/urban_flow_plates/9995dfc6e0eae5a1_patente.jpg,BM351,1.0
983,YLO8WUE,2023-10-07,18:44,59.0,40,AV SIEMPRE VIVA,R01,APELADA,19.0,17.0,,,
988,6NCE831,1932-01-01,00:00,111.0,60,AV LIBERTADOR,R03,APELADA,51.0,48.0,/content/tp-herramientas-de-softw/urban_flow/data/raw/imgs/urban_flow_plates/0ee91c4938b6e7ee_patente.jpg,6NCE831,1.0
992,TL03GOG,2020-01-14,08:39,128.0,60,AV LIBERTADOR,R01,IMPAGA,68.0,65.0,/content/tp-herramientas-de-softw/urban_flow/data/raw/imgs/urban_flow_plates/fdd963edc28bf163_patente.jpg,TL03G0G,0.8571
995,VY90540,1932-01-01,14:36,89.0,60,AV LIBERTADOR,R03,IMPAGA,29.0,26.0,/content/tp-herramientas-de-softw/urban_flow/data/raw/imgs/urban_flow_plates/288a95c01e43cd14_patente.jpg,VY90540,1.0
996,0695DVH,1932-01-01,08:39,59.0,40,AV SIEMPRE VIVA,R03,IMPAGA,19.0,17.0,/content/tp-herramientas-de-softw/urban_flow/data/raw/imgs/urban_flow_plates/12b7ea40074d3b20.jpg,0695DVH,1.0
997,GLEN1E,1932-01-01,00:00,83.0,40,AV LIBERTADOR,R02,PAGADA,43.0,41.0,/content/tp-herramientas-de-softw/urban_flow/data/raw/imgs/urban_flow_plates/b9f5b9acf1777acf.jpg,GLENIE,0.8333
1000,691XC80,1932-01-01,00:00,121.0,60,AV LIBERTADOR,R02,APELADA,61.0,58.0,/content/tp-herramientas-de-softw/urban_flow/data/raw/imgs/urban_flow_plates/5a122adbb1a776b7_patente.jpg,691XC80,1.0
1002,NHZ1002,1932-01-01,18:44,71.0,40,RUTA 9,R03,IMPAGA,31.0,29.0,/content/tp-herramientas-de-softw/urban_flow/data/raw/imgs/urban_flow_plates/1071b237587a698b_patente.qoi,NHZ1002,1.0
1007,T0YDR,2022-12-03,00:00,89.0,60,AV LIBERTADOR,R03,IMPAGA,29.0,26.0,/content/tp-herramientas-de-softw/urban_flow/data/raw/imgs/urban_flow_plates/4cb48c8bf41b70a4_patente.jpg,TBYDR,0.8
1009,HF3461,1932-01-01,18:45,132.0,80,AV SIEMPRE VIVA,R03,APELADA,52.0,48.0,/content/tp-herramientas-de-softw/urban_flow/data/raw/imgs/urban_flow_plates/a6e3b0b73220cd32_patente.jpg,HF3461,1.0
1010,OUTSTDN,1932-01-01,08:40,92.0,40,RUTA 9,R02,ERROR,52.0,50.0,/content/tp-herramientas-de-softw/urban_flow/data/raw/imgs/urban_flow_plates/1ca1155083156d72_patente.jpg,OUTSTDN,1.0
1012,HF3461,2020-06-03,00:00,74.0,40,RUTA 9,,ERROR,34.0,32.0,/content/tp-herramientas-de-softw/urban_flow/data/raw/imgs/urban_flow_plates/a6e3b0b73220cd32_patente.jpg,HF3461,1.0
1013,8B90638,1932-01-01,00:00,55.0,40,RUTA 9,R01,PAGADA,15.0,13.0,/content/tp-herramientas-de-softw/urban_flow/data/raw/imgs/urban_flow_plates/6a0ef049e5ec4b16_patente.jpg,8B90638,1.0
1014,WU08YWC,1932-01-01,08:40,126.0,80,RUTA 9,R01,ERROR,46.0,42.0,,,
1016,BP717,1932-01-01,18:45,82.0,60,AV SIEMPRE VIVA,R03,APELADA,22.0,19.0,/content/tp-herramientas-de-softw/urban_flow/data/raw/imgs/urban_flow_plates/e1120bfe48f85c1b_patente.jpg,BP717,1.0
1018,3646HBH,2022-08-08,18:45,126.0,60,AV SIEMPRE VIVA,R03,ERROR,66.0,63.0,/content/tp-herramientas-de-softw/urban_flow/data/raw/imgs/urban_flow_plates/d3729058c6a4186e_patente.jpg,3646HBH,1.0
1019,HAMSTUR,1932-01-01,18:45,71.0,60,AV LIBERTADOR,R03,IMPAGA,11.0,8.0,/content/tp-herramientas-de-softw/urban_flow/data/raw/imgs/urban_flow_plates/a929dc75c20da7d8_patente.jpg,HAMSTUR,1.0
1021,T0YDR,2023-03-14,18:46,79.0,40,AV SIEMPRE VIVA,,APELADA,39.0,37.0,/content/tp-herramientas-de-softw/urban_flow/data/raw/imgs/urban_flow_plates/4cb48c8bf41b70a4_patente.jpg,TBYDR,0.8
1022,831MDB,1932-01-01,00:00,153.0,80,AV LIBERTADOR,R01,IMPAGA,73.0,69.0,,,
1026,81ZFJD,1932-01-01,08:40,119.0,40,RUTA 9,R03,APELADA,79.0,77.0,/content/tp-herramientas-de-softw/urban_flow/data/raw/imgs/urban_flow_plates/02a6ef3d9bd68e91_patente.jpg,81ZFID,0.8333
1027,HF3461,1932-01-01,08:40,117.0,60,AV SIEMPRE VIVA,,APELADA,57.0,54.0,/content/tp-herramientas-de-softw/urban_flow/data/raw/imgs/urban_flow_plates/a6e3b0b73220cd32_patente.jpg,HF3461,1.0
1032,MVU4688,1932-01-01,00:00,138.0,60,RUTA 9,R03,IMPAGA,78.0,75.0,/content/tp-herramientas-de-softw/urban_flow/data/raw/imgs/urban_flow_plates/3feecc5809a29627_patente.jpg,MVU4688,1.0
1033,DI2LOT,1932-01-01,08:41,114.0,40,AV SIEMPRE VIVA,,APELADA,74.0,72.0,,,
1035,VY90540,2023-09-24,08:41,118.0,40,AV LIBERTADOR,R02,PAGADA,78.0,76.0,/content/tp-herramientas-de-softw/urban_flow/data/raw/imgs/urban_flow_plates/288a95c01e43cd14_patente.jpg,VY90540,1.0
1037,HF58HXP,1932-01-01,00:00,91.0,80,RUTA 9,R01,IMPAGA,11.0,7.0,/content/tp-herramientas-de-softw/urban_flow/data/raw/imgs/urban_flow_plates/9a795bbf4e94d630_patente.jpg,HF5BHXP,0.8571
1043,M20CPR,1932-01-01,00:00,140.0,60,AV LIBERTADOR,R03,APELADA,80.0,77.0,,,
1046,9999868,1932-01-01,14:38,101.0,60,RUTA 9,R02,APELADA,41.0,38.0,,,
1048,41RSTZ,1932-01-01,14:38,118.0,60,AV SIEMPRE VIVA,R01,PAGADA,58.0,55.0,/content/tp-herramientas-de-softw/urban_flow/data/raw/imgs/urban_flow_plates/86c92b0402fec141_patente.jpg,41RSTZ,1.0
1049,GOOGLE,1932-01-01,00:00,86.0,40,AV SIEMPRE VIVA,R01,ERROR,46.0,44.0,/content/tp-herramientas-de-softw/urban_flow/data/raw/imgs/urban_flow_plates/593e594137f374ab.jpg,GOOGLE,1.0
1050,GOOGLE,1932-01-01,00:00,69.0,60,AV LIBERTADOR,,APELADA,9.0,6.0,/content/tp-herramientas-de-softw/urban_flow/data/raw/imgs/urban_flow_plates/593e594137f374ab.jpg,GOOGLE,1.0
1053,691XC80,1932-01-01,08:41,129.0,60,AV LIBERTADOR,R03,ERROR,69.0,66.0,/content/tp-herramientas-de-softw/urban_flow/data/raw/imgs/urban_flow_plates/5a122adbb1a776b7_patente.jpg,691XC80,1.0
1058,BM351,1932-01-01,00:00,135.0,80,AV LIBERTADOR,,IMPAGA,55.0,51.0,/content/tp-herramientas-de-softw/urban_flow/data/raw/imgs/urban_flow_plates/9995dfc6e0eae5a1_patente.jpg,BM351,1.0
1062,UM96201,1932-01-01,18:47,93.0,60,AV LIBERTADOR,R03,PAGADA,33.0,30.0,/content/tp-herramientas-de-softw/urban_flow/data/raw/imgs/urban_flow_plates/09453a7c716a9ef3_patente.jpg,UM96201,1.0
1063,409,1932-01-01,14:39,126.0,80,RUTA 9,R01,IMPAGA,46.0,42.0,/content/tp-herramientas-de-softw/urban_flow/data/raw/imgs/urban_flow_plates/7bcf6b4ec09f1ea7_patente.jpg,409,1.0
1064,RFH373,2021-07-09,18:47,117.0,80,AV LIBERTADOR,R01,ERROR,37.0,33.0,,,
1065,HF3461,1932-01-01,08:42,120.0,80,AV SIEMPRE VIVA,,PAGADA,40.0,36.0,/content/tp-herramientas-de-softw/urban_flow/data/raw/imgs/urban_flow_plates/a6e3b0b73220cd32_patente.jpg,HF3461,1.0
1068,GOOGLE,2023-05-04,14:39,45.0,40,AV SIEMPRE VIVA,,PAGADA,5.0,3.0,/content/tp-herramientas-de-softw/urban_flow/data/raw/imgs/urban_flow_plates/593e594137f374ab.jpg,GOOGLE,1.0
1069,GLEN1E,1932-01-01,08:42,61.0,40,AV LIBERTADOR,,PAGADA,21.0,19.0,/content/tp-herramientas-de-softw/urban_flow/data/raw/imgs/urban_flow_plates/b9f5b9acf1777acf.jpg,GLENIE,0.8333
1074,T0YDR,1932-01-01,00:00,157.0,80,AV SIEMPRE VIVA,R02,IMPAGA,77.0,73.0,/content/tp-herramientas-de-softw/urban_flow/data/raw/imgs/urban_flow_plates/4cb48c8bf41b70a4_patente.jpg,TBYDR,0.8
1077,DK414N,1932-01-01,08:42,119.0,80,RUTA 9,R02,ERROR,39.0,35.0,/content/tp-herramientas-de-softw/urban_flow/data/raw/imgs/urban_flow_plates/2a3e44107826e876_patente.jpg,DK414N,1.0
1079,UW3932,2022-11-27,18:48,141.0,80,AV LIBERTADOR,R01,IMPAGA,61.0,57.0,,,
1080,WEFLYN,1932-01-01,14:39,148.0,80,RUTA 9,R01,APELADA,68.0,64.0,/content/tp-herramientas-de-softw/urban_flow/data/raw/imgs/urban_flow_plates/29f7991e696e6e3f_patente.jpg,WEFLYN,1.0
1081,YLO8WUE,1932-01-01,14:40,97.0,40,RUTA 9,,PAGADA,57.0,55.0,,,
1082,AWS167,1932-01-01,00:00,131.0,60,AV SIEMPRE VIVA,R03,ERROR,71.0,68.0,,,
1085,81ZFJD,1932-01-01,18:48,123.0,80,AV LIBERTADOR,R01,IMPAGA,43.0,39.0,/content/tp-herramientas-de-softw/urban_flow/data/raw/imgs/urban_flow_plates/02a6ef3d9bd68e91_patente.jpg,81ZFID,0.8333
1087,GN64OTP,1932-01-01,00:00,101.0,40,AV LIBERTADOR,,IMPAGA,61.0,59.0,,,
1088,990XYK,1932-01-01,18:48,85.0,80,AV SIEMPRE VIVA,R01,ERROR,5.0,1.0,/content/tp-herramientas-de-softw/urban_flow/data/raw/imgs/urban_flow_plates/11f80fda2c38011c.jpg,990XWK,0.8333
1089,UW3932,2021-03-02,08:43,153.0,80,AV LIBERTADOR,R01,IMPAGA,73.0,69.0,,,
1090,6611172,1932-01-01,00:00,136.0,80,AV SIEMPRE VIVA,R03,PAGADA,56.0,52.0,/content/tp-herramientas-de-softw/urban_flow/data/raw/imgs/urban_flow_plates/7a1f9520c7ecd5b1_patente.jpg,6611172,1.0
1091,FVIOUHP,1932-01-01,14:40,142.0,80,AV LIBERTADOR,R01,APELADA,62.0,58.0,/content/tp-herramientas-de-softw/urban_flow/data/raw/imgs/urban_flow_plates/28e26a4eb646c67a_patente.jpg,FVIDUHP,0.8571
1094,TL03GOG,1932-01-01,14:40,113.0,60,RUTA 9,R01,PAGADA,53.0,50.0,/content/tp-herramientas-de-softw/urban_flow/data/raw/imgs/urban_flow_plates/fdd963edc28bf163_patente.jpg,TL03G0G,0.8571
1095,GE1466,1932-01-01,14:41,86.0,40,RUTA 9,R03,PAGADA,46.0,44.0,,,
1097,M431ZW,1932-01-01,00:00,69.0,60,AV LIBERTADOR,R02,PAGADA,9.0,6.0,/content/tp-herramientas-de-softw/urban_flow/data/raw/imgs/urban_flow_plates/299f0363ae21d1c3_patente.jpg,M431ZM,0.8333
1101,6EVY261,1932-01-01,18:49,47.0,40,AV SIEMPRE VIVA,R01,APELADA,7.0,5.0,/content/tp-herramientas-de-softw/urban_flow/data/raw/imgs/urban_flow_plates/081f5a6bc61b9c48_patente.jpg,6EVY261,1.0
1102,FD1475,1932-01-01,00:00,140.0,80,RUTA 9,R02,ERROR,60.0,56.0,/content/tp-herramientas-de-softw/urban_flow/data/raw/imgs/urban_flow_plates/d8daed582e6cce2d_patente.jpg,FD147,0.8333
1105,W326AVE,2023-08-20,14:41,96.0,40,AV LIBERTADOR,,ERROR,56.0,54.0,/content/tp-herramientas-de-softw/urban_flow/data/raw/imgs/urban_flow_plates/6c144e47161867c2_patente.jpg,W326AVE,1.0
1108,GN64OTP,1932-01-01,18:49,85.0,60,RUTA 9,R03,ERROR,25.0,22.0,,,
1109,T0YDR,1932-01-01,14:41,90.0,80,AV LIBERTADOR,,ERROR,10.0,6.0,/content/tp-herramientas-de-softw/urban_flow/data/raw/imgs/urban_flow_plates/4cb48c8bf41b70a4_patente.jpg,TBYDR,0.8
1113,INTIGR8,1932-01-01,00:00,95.0,40,AV SIEMPRE VIVA,R02,PAGADA,55.0,53.0,/content/tp-herramientas-de-softw/urban_flow/data/raw/imgs/urban_flow_plates/da1352ab6054a2e4_patente.jpg,INTIGR8,1.0
1115,6EVY261,1932-01-01,00:00,121.0,80,AV LIBERTADOR,,ERROR,41.0,37.0,/content/tp-herramientas-de-softw/urban_flow/data/raw/imgs/urban_flow_plates/081f5a6bc61b9c48_patente.jpg,6EVY261,1.0
1117,BHRP770,1932-01-01,00:00,158.0,80,RUTA 9,,APELADA,78.0,74.0,/content/tp-herramientas-de-softw/urban_flow/data/raw/imgs/urban_flow_plates/321ffb38656f7311_patente.jpg,BHRP770,1.0
1120,T0YDR,1932-01-01,18:50,68.0,40,AV LIBERTADOR,R03,IMPAGA,28.0,26.0,/content/tp-herramientas-de-softw/urban_flow/data/raw/imgs/urban_flow_plates/4cb48c8bf41b70a4_patente.jpg,TBYDR,0.8
1125,3646HBH,1932-01-01,08:44,142.0,80,AV LIBERTADOR,,ERROR,62.0,58.0,/content/tp-herramientas-de-softw/urban_flow/data/raw/imgs/urban_flow_plates/d3729058c6a4186e_patente.jpg,3646HBH,1.0
1126,DK414N,1932-01-01,08:44,88.0,40,RUTA 9,R03,ERROR,48.0,46.0,/content/tp-herramientas-de-softw/urban_flow/data/raw/imgs/urban_flow_plates/2a3e44107826e876_patente.jpg,DK414N,1.0
1127,2999961,1932-01-01,00:00,88.0,60,AV LIBERTADOR,R02,APELADA,28.0,25.0,/content/tp-herramientas-de-softw/urban_flow/data/raw/imgs/urban_flow_plates/5ff91ccfc6f15d04_patente.jpg,2999961,1.0
1128,INTIGR8,1932-01-01,00:00,114.0,60,AV SIEMPRE VIVA,R02,APELADA,54.0,51.0,/content/tp-herramientas-de-softw/urban_flow/data/raw/imgs/urban_flow_plates/da1352ab6054a2e4_patente.jpg,INTIGR8,1.0
1129,XIIUME,1932-01-01,14:42,158.0,80,AV SIEMPRE VIVA,R03,IMPAGA,78.0,74.0,/content/tp-herramientas-de-softw/urban_flow/data/raw/imgs/urban_flow_plates/64de505bd2bac82b_patente.jpg,XIIUME,1.0
1137,AWS167,1932-01-01,18:50,56.0,40,RUTA 9,R01,ERROR,16.0,14.0,,,
1138,NAN,2020-06-28,00:00,91.0,80,AV LIBERTADOR,R02,ERROR,11.0,7.0,/content/tp-herramientas-de-softw/urban_flow/data/raw/imgs/urban_flow_plates/b01d46f9911d558b.jpg,NAN,1.0
1139,GLEN1E,1932-01-01,14:42,75.0,40,AV SIEMPRE VIVA,R02,PAGADA,35.0,33.0,/content/tp-herramientas-de-softw/urban_flow/data/raw/imgs/urban_flow_plates/b9f5b9acf1777acf.jpg,GLENIE,0.8333
1140,990XYK,1932-01-01,18:50,103.0,40,AV SIEMPRE VIVA,,PAGADA,63.0,61.0,/content/tp-herramientas-de-softw/urban_flow/data/raw/imgs/urban_flow_plates/11f80fda2c38011c.jpg,990XWK,0.8333
1141,J1S1,1932-01-01,00:00,91.0,40,AV SIEMPRE VIVA,R03,APELADA,51.0,49.0,/content/tp-herramientas-de-softw/urban_flow/data/raw/imgs/urban_flow_plates/e82f13b4a2fe69f3_patente_1.jpg,J1S1,1.0
1145,6611172,1932-01-01,00:00,150.0,80,AV LIBERTADOR,,ERROR,70.0,66.0,/content/tp-herramientas-de-softw/urban_flow/data/raw/imgs/urban_flow_plates/7a1f9520c7ecd5b1_patente.jpg,6611172,1.0
1147,AI7OVF,1932-01-01,14:42,114.0,60,AV LIBERTADOR,R01,ERROR,54.0,51.0,/content/tp-herramientas-de-softw/urban_flow/data/raw/imgs/urban_flow_plates/747b0f12f54703ee_patente.jpg,AI70VF,0.8333
1148,WU08YWC,1932-01-01,14:42,146.0,80,AV LIBERTADOR,R03,IMPAGA,66.0,62.0,,,
1149,BB8986,1932-01-01,00:00,73.0,60,RUTA 9,,ERROR,13.0,10.0,/content/tp-herramientas-de-softw/urban_flow/data/raw/imgs/urban_flow_plates/7cbc7ee444622a66_patente.jpg,BB8986,1.0
1150,9999868,1932-01-01,08:45,123.0,80,AV LIBERTADOR,,PAGADA,43.0,39.0,,,
1155,6NCE831,1932-01-01,08:45,140.0,80,RUTA 9,,IMPAGA,60.0,56.0,/content/tp-herramientas-de-softw/urban_flow/data/raw/imgs/urban_flow_plates/0ee91c4938b6e7ee_patente.jpg,6NCE831,1.0
1156,M431ZW,2021-08-20,00:00,114.0,60,AV SIEMPRE VIVA,R03,PAGADA,54.0,51.0,/content/tp-herramientas-de-softw/urban_flow/data/raw/imgs/urban_flow_plates/299f0363ae21d1c3_patente.jpg,M431ZM,0.8333
1162,6NCE831,1932-01-01,08:46,62.0,40,AV LIBERTADOR,R01,PAGADA,22.0,20.0,/content/tp-herramientas-de-softw/urban_flow/data/raw/imgs/urban_flow_plates/0ee91c4938b6e7ee_patente.jpg,6NCE831,1.0
1164,AWS167,2020-02-03,08:46,85.0,40,RUTA 9,R01,IMPAGA,45.0,43.0,,,
1165,409,1932-01-01,00:00,111.0,40,AV LIBERTADOR,R03,IMPAGA,71.0,69.0,/content/tp-herramientas-de-softw/urban_flow/data/raw/imgs/urban_flow_plates/7bcf6b4ec09f1ea7_patente.jpg,409,1.0
1166,PIW4215,1932-01-01,08:46,109.0,80,AV SIEMPRE VIVA,,APELADA,29.0,25.0,,,
1167,81ZFJD,1932-01-01,00:00,113.0,40,AV SIEMPRE VIVA,R02,IMPAGA,73.0,71.0,/content/tp-herramientas-de-softw/urban_flow/data/raw/imgs/urban_flow_plates/02a6ef3d9bd68e91_patente.jpg,81ZFID,0.8333
1169,2999961,2023-12-02,00:00,155.0,80,RUTA 9,R02,APELADA,75.0,71.0,/content/tp-herramientas-de-softw/urban_flow/data/raw/imgs/urban_flow_plates/5ff91ccfc6f15d04_patente.jpg,2999961,1.0
1170,81ZFJD,2023-02-06,00:00,116.0,60,AV SIEMPRE VIVA,R02,IMPAGA,56.0,53.0,/content/tp-herramientas-de-softw/urban_flow/data/raw/imgs/urban_flow_plates/02a6ef3d9bd68e91_patente.jpg,81ZFID,0.8333
1172,YLO8WUE,1932-01-01,08:47,108.0,40,AV LIBERTADOR,,IMPAGA,68.0,66.0,,,
1173,2999961,1932-01-01,14:43,112.0,80,RUTA 9,,PAGADA,32.0,28.0,/content/tp-herramientas-de-softw/urban_flow/data/raw/imgs/urban_flow_plates/5ff91ccfc6f15d04_patente.jpg,2999961,1.0
1176,409,1932-01-01,08:47,90.0,80,RUTA 9,R03,APELADA,10.0,6.0,/content/tp-herramientas-de-softw/urban_flow/data/raw/imgs/urban_flow_plates/7bcf6b4ec09f1ea7_patente.jpg,409,1.0
1181,NHZ1002,1932-01-01,18:51,71.0,40,RUTA 9,R03,APELADA,31.0,29.0,/content/tp-herramientas-de-softw/urban_flow/data/raw/imgs/urban_flow_plates/1071b237587a698b_patente.qoi,NHZ1002,1.0
1184,HK06YMX,1932-01-01,18:52,116.0,60,AV SIEMPRE VIVA,R01,ERROR,56.0,53.0,/content/tp-herramientas-de-softw/urban_flow/data/raw/imgs/urban_flow_plates/9a4fe6361597f264_patente.jpg,HKO6YMX,0.8571
1186,WEFLYN,1932-01-01,00:00,121.0,60,AV LIBERTADOR,R03,ERROR,61.0,58.0,/content/tp-herramientas-de-softw/urban_flow/data/raw/imgs/urban_flow_plates/29f7991e696e6e3f_patente.jpg,WEFLYN,1.0
1190,FD1475,2022-03-04,00:00,58.0,40,AV LIBERTADOR,R03,ERROR,18.0,16.0,/content/tp-herramientas-de-softw/urban_flow/data/raw/imgs/urban_flow_plates/d8daed582e6cce2d_patente.jpg,FD147,0.8333
1191,WU08YWC,1932-01-01,00:00,86.0,80,AV SIEMPRE VIVA,R01,PAGADA,6.0,2.0,,,
1193,CT5B876,1932-01-01,18:52,46.0,40,RUTA 9,R03,ERROR,6.0,4.0,/content/tp-herramientas-de-softw/urban_flow/data/raw/imgs/urban_flow_plates/39c193bcc0c00f9e_patente.jpg,C75B876,0.8571
1194,MPX9357,1932-01-01,14:44,143.0,80,AV SIEMPRE VIVA,,ERROR,63.0,59.0,/content/tp-herramientas-de-softw/urban_flow/data/raw/imgs/urban_flow_plates/182268e1f8c6525f_patente.jpg,MPX9357,1.0
1195,AI7OVF,1932-01-01,00:00,60.0,40,RUTA 9,R01,IMPAGA,20.0,18.0,/content/tp-herramientas-de-softw/urban_flow/data/raw/imgs/urban_flow_plates/747b0f12f54703ee_patente.jpg,AI70VF,0.8333
1197,GOOGLE,1932-01-01,08:47,67.0,60,AV LIBERTADOR,R02,PAGADA,7.0,4.0,/content/tp-herramientas-de-softw/urban_flow/data/raw/imgs/urban_flow_plates/593e594137f374ab.jpg,GOOGLE,1.0
1200,WU08YWC,1932-01-01,14:44,111.0,60,RUTA 9,R01,IMPAGA,51.0,48.0,,,
1203,BB8986,1932-01-01,00:00,104.0,60,AV LIBERTADOR,R01,APELADA,44.0,41.0,/content/tp-herramientas-de-softw/urban_flow/data/raw/imgs/urban_flow_plates/7cbc7ee444622a66_patente.jpg,BB8986,1.0
1204,HF3461,1932-01-01,18:53,94.0,80,AV SIEMPRE VIVA,R01,PAGADA,14.0,10.0,/content/tp-herramientas-de-softw/urban_flow/data/raw/imgs/urban_flow_plates/a6e3b0b73220cd32_patente.jpg,HF3461,1.0
1208,6611172,2020-05-07,18:53,61.0,40,AV LIBERTADOR,R03,ERROR,21.0,19.0,/content/tp-herramientas-de-softw/urban_flow/data/raw/imgs/urban_flow_plates/7a1f9520c7ecd5b1_patente.jpg,6611172,1.0
1209,GN64OTP,2021-07-13,00:00,118.0,80,AV LIBERTADOR,R02,PAGADA,38.0,34.0,,,
1211,WEFLYN,1932-01-01,00:00,105.0,40,AV SIEMPRE VIVA,,APELADA,65.0,63.0,/content/tp-herramientas-de-softw/urban_flow/data/raw/imgs/urban_flow_plates/29f7991e696e6e3f_patente.jpg,WEFLYN,1.0
1221,BM351,2020-05-20,00:00,125.0,80,AV SIEMPRE VIVA,R02,ERROR,45.0,41.0,/content/tp-herramientas-de-softw/urban_flow/data/raw/imgs/urban_flow_plates/9995dfc6e0eae5a1_patente.jpg,BM351,1.0
1224,PIW4215,1932-01-01,14:44,134.0,80,AV SIEMPRE VIVA,,PAGADA,54.0,50.0,,,
1226,XIIUME,1932-01-01,00:00,98.0,80,AV LIBERTADOR,,PAGADA,18.0,14.0,/content/tp-herramientas-de-softw/urban_flow/data/raw/imgs/urban_flow_plates/64de505bd2bac82b_patente.jpg,XIIUME,1.0
1230,GCP332,1932-01-01,00:00,111.0,40,AV LIBERTADOR,R01,IMPAGA,71.0,69.0,/content/tp-herramientas-de-softw/urban_flow/data/raw/imgs/urban_flow_plates/d648b2ae1abc09f3_patente.jpg,GCP332,1.0
1231,BHRP770,1932-01-01,14:44,115.0,60,AV LIBERTADOR,R02,APELADA,55.0,52.0,/content/tp-herramientas-de-softw/urban_flow/data/raw/imgs/urban_flow_plates/321ffb38656f7311_patente.jpg,BHRP770,1.0
1236,T0YDR,1932-01-01,00:00,120.0,60,AV SIEMPRE VIVA,R02,PAGADA,60.0,57.0,/content/tp-herramientas-de-softw/urban_flow/data/raw/imgs/urban_flow_plates/4cb48c8bf41b70a4_patente.jpg,TBYDR,0.8
1242,409,2021-12-25,00:00,107.0,60,AV LIBERTADOR,R02,PAGADA,47.0,44.0,/content/tp-herramientas-de-softw/urban_flow/data/raw/imgs/urban_flow_plates/7bcf6b4ec09f1ea7_patente.jpg,409,1.0
1246,WEFLYN,2023-03-05,08:49,46.0,40,RUTA 9,R02,ERROR,6.0,4.0,/content/tp-herramientas-de-softw/urban_flow/data/raw/imgs/urban_flow_plates/29f7991e696e6e3f_patente.jpg,WEFLYN,1.0
1248,VTIIAHV,1932-01-01,14:45,49.0,40,RUTA 9,,PAGADA,9.0,7.0,,,
1249,81ZFJD,2021-05-19,00:00,120.0,40,RUTA 9,,ERROR,80.0,78.0,/content/tp-herramientas-de-softw/urban_flow/data/raw/imgs/urban_flow_plates/02a6ef3d9bd68e91_patente.jpg,81ZFID,0.8333
1251,6EVY261,2023-01-05,14:45,133.0,60,AV SIEMPRE VIVA,,ERROR,73.0,70.0,/content/tp-herramientas-de-softw/urban_flow/data/raw/imgs/urban_flow_plates/081f5a6bc61b9c48_patente.jpg,6EVY261,1.0
1254,HF58HXP,2023-07-28,00:00,86.0,80,AV SIEMPRE VIVA,R03,IMPAGA,6.0,2.0,/content/tp-herramientas-de-softw/urban_flow/data/raw/imgs/urban_flow_plates/9a795bbf4e94d630_patente.jpg,HF5BHXP,0.8571
1255,T0YDR,2020-12-01,00:00,139.0,60,AV LIBERTADOR,R03,APELADA,79.0,76.0,/content/tp-herramientas-de-softw/urban_flow/data/raw/imgs/urban_flow_plates/4cb48c8bf41b70a4_patente.jpg,TBYDR,0.8
1256,BX55DOG,1932-01-01,00:00,156.0,80,AV SIEMPRE VIVA,,ERROR,76.0,72.0,,,
1257,J1S1,2023-08-09,08:50,60.0,40,AV LIBERTADOR,R01,IMPAGA,20.0,18.0,/content/tp-herramientas-de-softw/urban_flow/data/raw/imgs/urban_flow_plates/e82f13b4a2fe69f3_patente_1.jpg,J1S1,1.0
1258,AWS167,2020-11-05,00:00,107.0,40,AV SIEMPRE VIVA,R01,APELADA,67.0,65.0,,,
1259,691XC80,1932-01-01,00:00,117.0,80,AV LIBERTADOR,,APELADA,37.0,33.0,/content/tp-herramientas-de-softw/urban_flow/data/raw/imgs/urban_flow_plates/5a122adbb1a776b7_patente.jpg,691XC80,1.0
1260,FD1475,1932-01-01,08:50,79.0,60,AV SIEMPRE VIVA,R02,IMPAGA,19.0,16.0,/content/tp-herramientas-de-softw/urban_flow/data/raw/imgs/urban_flow_plates/d8daed582e6cce2d_patente.jpg,FD147,0.8333
1263,M431ZW,1932-01-01,00:00,120.0,60,RUTA 9,R03,APELADA,60.0,57.0,/content/tp-herramientas-de-softw/urban_flow/data/raw/imgs/urban_flow_plates/299f0363ae21d1c3_patente.jpg,M431ZM,0.8333
1264,M431ZW,1932-01-01,08:50,132.0,60,AV LIBERTADOR,R01,ERROR,72.0,69.0,/content/tp-herramientas-de-softw/urban_flow/data/raw/imgs/urban_flow_plates/299f0363ae21d1c3_patente.jpg,M431ZM,0.8333
1266,990XYK,2022-05-24,18:55,109.0,40,RUTA 9,R01,PAGADA,69.0,67.0,/content/tp-herramientas-de-softw/urban_flow/data/raw/imgs/urban_flow_plates/11f80fda2c38011c.jpg,990XWK,0.8333
1270,UW3932,2023-07-14,08:51,117.0,80,RUTA 9,R03,IMPAGA,37.0,33.0,,,
1272,WU341A,1932-01-01,08:51,76.0,40,AV SIEMPRE VIVA,R02,ERROR,36.0,34.0,,,
1273,GN64OTP,2021-12-23,00:00,78.0,40,AV LIBERTADOR,R01,IMPAGA,38.0,36.0,,,
1276,6EVY261,2021-10-24,00:00,107.0,80,AV LIBERTADOR,R02,PAGADA,27.0,23.0,/content/tp-herramientas-de-softw/urban_flow/data/raw/imgs/urban_flow_plates/081f5a6bc61b9c48_patente.jpg,6EVY261,1.0
1277,DK414N,2022-10-01,14:46,103.0,80,AV SIEMPRE VIVA,,IMPAGA,23.0,19.0,/content/tp-herramientas-de-softw/urban_flow/data/raw/imgs/urban_flow_plates/2a3e44107826e876_patente.jpg,DK414N,1.0
1279,UW3932,1932-01-01,00:00,68.0,40,RUTA 9,,IMPAGA,28.0,26.0,,,
1280,81ZFJD,1932-01-01,08:51,103.0,40,RUTA 9,,APELADA,63.0,61.0,/content/tp-herramientas-de-softw/urban_flow/data/raw/imgs/urban_flow_plates/02a6ef3d9bd68e91_patente.jpg,81ZFID,0.8333
1281,FVIOUHP,1932-01-01,00:00,113.0,80,AV LIBERTADOR,,IMPAGA,33.0,29.0,/content/tp-herramientas-de-softw/urban_flow/data/raw/imgs/urban_flow_plates/28e26a4eb646c67a_patente.jpg,FVIDUHP,0.8571
1283,NAN,1932-01-01,00:00,90.0,60,AV SIEMPRE VIVA,R03,IMPAGA,30.0,27.0,/content/tp-herramientas-de-softw/urban_flow/data/raw/imgs/urban_flow_plates/b01d46f9911d558b.jpg,NAN,1.0
1284,5777770,2022-04-11,18:56,64.0,40,AV SIEMPRE VIVA,R02,IMPAGA,24.0,22.0,/content/tp-herramientas-de-softw/urban_flow/data/raw/imgs/urban_flow_plates/7f56adf4b9306ac9_patente.jpg,5777770,1.0
1286,NHZ1002,1932-01-01,08:52,79.0,40,AV SIEMPRE VIVA,R03,IMPAGA,39.0,37.0,/content/tp-herramientas-de-softw/urban_flow/data/raw/imgs/urban_flow_plates/1071b237587a698b_patente.qoi,NHZ1002,1.0
1289,NHZ1002,1932-01-01,14:46,146.0,80,RUTA 9,R02,ERROR,66.0,62.0,/content/tp-herramientas-de-softw/urban_flow/data/raw/imgs/urban_flow_plates/1071b237587a698b_patente.qoi,NHZ1002,1.0
1294,TL03GOG,1932-01-01,00:00,87.0,40,RUTA 9,R01,PAGADA,47.0,45.0,/content/tp-herramientas-de-softw/urban_flow/data/raw/imgs/urban_flow_plates/fdd963edc28bf163_patente.jpg,TL03G0G,0.8571
1295,990XYK,2021-08-08,18:56,141.0,80,AV LIBERTADOR,,IMPAGA,61.0,57.0,/content/tp-herramientas-de-softw/urban_flow/data/raw/imgs/urban_flow_plates/11f80fda2c38011c.jpg,990XWK,0.8333
1301,589222,2020-12-17,14:47,122.0,60,AV SIEMPRE VIVA,R02,PAGADA,62.0,59.0,/content/tp-herramientas-de-softw/urban_flow/data/raw/imgs/urban_flow_plates/246a0e4264a39433_patente.jpg,589222,1.0
1302,589222,1932-01-01,18:56,64.0,60,RUTA 9,R01,ERROR,4.0,1.0,/content/tp-herramientas-de-softw/urban_flow/data/raw/imgs/urban_flow_plates/246a0e4264a39433_patente.jpg,589222,1.0
1304,8B90638,2021-01-11,00:00,94.0,80,RUTA 9,R02,APELADA,14.0,10.0,/content/tp-herramientas-de-softw/urban_flow/data/raw/imgs/urban_flow_plates/6a0ef049e5ec4b16_patente.jpg,8B90638,1.0
1305,BM351,2020-08-12,08:53,81.0,40,AV LIBERTADOR,R02,PAGADA,41.0,39.0,/content/tp-herramientas-de-softw/urban_flow/data/raw/imgs/urban_flow_plates/9995dfc6e0eae5a1_patente.jpg,BM351,1.0
1306,810TCH,1932-01-01,00:00,72.0,40,RUTA 9,,PAGADA,32.0,30.0,/content/tp-herramientas-de-softw/urban_flow/data/raw/imgs/urban_flow_plates/53ad98b12752ad16_patente.jpg,810TCH,1.0
1309,2999961,1932-01-01,14:47,122.0,60,AV LIBERTADOR,R01,PAGADA,62.0,59.0,/content/tp-herramientas-de-softw/urban_flow/data/raw/imgs/urban_flow_plates/5ff91ccfc6f15d04_patente.jpg,2999961,1.0
1310,DK414N,2023-11-26,00:00,153.0,80,AV LIBERTADOR,R03,PAGADA,73.0,69.0,/content/tp-herramientas-de-softw/urban_flow/data/raw/imgs/urban_flow_plates/2a3e44107826e876_patente.jpg,DK414N,1.0
1313,CD05601,1932-01-01,14:47,100.0,80,AV LIBERTADOR,R01,ERROR,20.0,16.0,,,
1315,831MDB,1932-01-01,08:54,76.0,60,AV LIBERTADOR,R02,ERROR,16.0,13.0,,,
1316,GOOGLE,1932-01-01,00:00,79.0,40,AV SIEMPRE VIVA,,IMPAGA,39.0,37.0,/content/tp-herramientas-de-softw/urban_flow/data/raw/imgs/urban_flow_plates/593e594137f374ab.jpg,GOOGLE,1.0
1317,B81JKY,1932-01-01,08:54,96.0,60,AV LIBERTADOR,,IMPAGA,36.0,33.0,/content/tp-herramientas-de-softw/urban_flow/data/raw/imgs/urban_flow_plates/80e02a518ffe4cb2.jpg,B81JKY,1.0
1318,GCP332,2023-02-09,00:00,125.0,80,AV LIBERTADOR,R03,APELADA,45.0,41.0,/content/tp-herramientas-de-softw/urban_flow/data/raw/imgs/urban_flow_plates/d648b2ae1abc09f3_patente.jpg,GCP332,1.0
1321,UW3932,1932-01-01,14:48,43.0,40,RUTA 9,R03,IMPAGA,3.0,1.0,,,
1322,GOOGLE,1932-01-01,00:00,92.0,60,AV LIBERTADOR,,APELADA,32.0,29.0,/content/tp-herramientas-de-softw/urban_flow/data/raw/imgs/urban_flow_plates/593e594137f374ab.jpg,GOOGLE,1.0
1326,VY90540,1932-01-01,18:57,145.0,80,AV LIBERTADOR,R03,APELADA,65.0,61.0,/content/tp-herramientas-de-softw/urban_flow/data/raw/imgs/urban_flow_plates/288a95c01e43cd14_patente.jpg,VY90540,1.0
1328,W326AVE,1932-01-01,14:48,126.0,80,AV LIBERTADOR,R02,ERROR,46.0,42.0,/content/tp-herramientas-de-softw/urban_flow/data/raw/imgs/urban_flow_plates/6c144e47161867c2_patente.jpg,W326AVE,1.0
1329,GOOGLE,1932-01-01,18:57,46.0,40,AV LIBERTADOR,R01,PAGADA,6.0,4.0,/content/tp-herramientas-de-softw/urban_flow/data/raw/imgs/urban_flow_plates/593e594137f374ab.jpg,GOOGLE,1.0
1330,VNK296GP,1932-01-01,08:54,107.0,80,RUTA 9,R01,APELADA,27.0,23.0,,,
1331,NTHGLFT,1932-01-01,00:00,102.0,80,AV LIBERTADOR,R02,IMPAGA,22.0,18.0,/content/tp-herramientas-de-softw/urban_flow/data/raw/imgs/urban_flow_plates/5fb888d79b551331.jpg,NTHGLFT,1.0
1332,UM96201,1932-01-01,18:57,91.0,60,AV LIBERTADOR,R02,APELADA,31.0,28.0,/content/tp-herramientas-de-softw/urban_flow/data/raw/imgs/urban_flow_plates/09453a7c716a9ef3_patente.jpg,UM96201,1.0
1335,OUTSTDN,2023-10-27,00:00,58.0,40,RUTA 9,R01,PAGADA,18.0,16.0,/content/tp-herramientas-de-softw/urban_flow/data/raw/imgs/urban_flow_plates/1ca1155083156d72_patente.jpg,OUTSTDN,1.0
1336,NHZ1002,1932-01-01,00:00,96.0,40,AV LIBERTADOR,R01,ERROR,56.0,54.0,/content/tp-herramientas-de-softw/urban_flow/data/raw/imgs/urban_flow_plates/1071b237587a698b_patente.qoi,NHZ1002,1.0
1337,MVU4688,1932-01-01,18:57,122.0,60,AV LIBERTADOR,R03,IMPAGA,62.0,59.0,/content/tp-herramientas-de-softw/urban_flow/data/raw/imgs/urban_flow_plates/3feecc5809a29627_patente.jpg,MVU4688,1.0
1339,RFH373,1932-01-01,00:00,72.0,40,AV SIEMPRE VIVA,,IMPAGA,32.0,30.0,,,
1340,9999868,1932-01-01,08:55,128.0,80,AV SIEMPRE VIVA,R03,APELADA,48.0,44.0,,,
1342,GLEN1E,2022-03-15,00:00,130.0,60,AV SIEMPRE VIVA,R01,ERROR,70.0,67.0,/content/tp-herramientas-de-softw/urban_flow/data/raw/imgs/urban_flow_plates/b9f5b9acf1777acf.jpg,GLENIE,0.8333
1346,CBMUK,1932-01-01,08:55,117.0,80,AV SIEMPRE VIVA,,IMPAGA,37.0,33.0,,,
1348,NTHGLFT,1932-01-01,14:48,98.0,60,AV LIBERTADOR,,PAGADA,38.0,35.0,/content/tp-herramientas-de-softw/urban_flow/data/raw/imgs/urban_flow_plates/5fb888d79b551331.jpg,NTHGLFT,1.0
1349,GOOGLE,1932-01-01,18:58,49.0,40,RUTA 9,R02,PAGADA,9.0,7.0,/content/tp-herramientas-de-softw/urban_flow/data/raw/imgs/urban_flow_plates/593e594137f374ab.jpg,GOOGLE,1.0
1351,691XC80,1932-01-01,18:58,78.0,60,AV LIBERTADOR,,APELADA,18.0,15.0,/content/tp-herramientas-de-softw/urban_flow/data/raw/imgs/urban_flow_plates/5a122adbb1a776b7_patente.jpg,691XC80,1.0
1352,B81JKY,1932-01-01,00:00,117.0,80,RUTA 9,R01,IMPAGA,37.0,33.0,/content/tp-herramientas-de-softw/urban_flow/data/raw/imgs/urban_flow_plates/80e02a518ffe4cb2.jpg,B81JKY,1.0
1354,W326AVE,1932-01-01,14:48,117.0,60,RUTA 9,R03,IMPAGA,57.0,54.0,/content/tp-herramientas-de-softw/urban_flow/data/raw/imgs/urban_flow_plates/6c144e47161867c2_patente.jpg,W326AVE,1.0
1359,0695DVH,1932-01-01,00:00,126.0,60,AV SIEMPRE VIVA,R03,PAGADA,66.0,63.0,/content/tp-herramientas-de-softw/urban_flow/data/raw/imgs/urban_flow_plates/12b7ea40074d3b20.jpg,0695DVH,1.0
1361,6NCE831,1932-01-01,08:55,75.0,60,AV LIBERTADOR,R01,IMPAGA,15.0,12.0,/content/tp-herramientas-de-softw/urban_flow/data/raw/imgs/urban_flow_plates/0ee91c4938b6e7ee_patente.jpg,6NCE831,1.0
1368,VNK296GP,1932-01-01,08:56,68.0,60,AV LIBERTADOR,,IMPAGA,8.0,5.0,,,
1369,J1S1,2023-07-29,18:59,98.0,80,AV SIEMPRE VIVA,R03,ERROR,18.0,14.0,/content/tp-herramientas-de-softw/urban_flow/data/raw/imgs/urban_flow_plates/e82f13b4a2fe69f3_patente_1.jpg,J1S1,1.0
1370,CBMUK,1932-01-01,00:00,112.0,80,AV SIEMPRE VIVA,R03,APELADA,32.0,28.0,,,
1372,CBMUK,1932-01-01,00:00,126.0,80,RUTA 9,R03,ERROR,46.0,42.0,,,
1373,41RSTZ,1932-01-01,14:48,43.0,40,AV LIBERTADOR,R01,ERROR,3.0,1.0,/content/tp-herramientas-de-softw/urban_flow/data/raw/imgs/urban_flow_plates/86c92b0402fec141_patente.jpg,41RSTZ,1.0
1374,HAMSTUR,1932-01-01,08:56,107.0,80,RUTA 9,R02,ERROR,27.0,23.0,/content/tp-herramientas-de-softw/urban_flow/data/raw/imgs/urban_flow_plates/a929dc75c20da7d8_patente.jpg,HAMSTUR,1.0
1379,HK06YMX,2020-02-04,14:49,91.0,60,RUTA 9,,PAGADA,31.0,28.0,/content/tp-herramientas-de-softw/urban_flow/data/raw/imgs/urban_flow_plates/9a4fe6361597f264_patente.jpg,HKO6YMX,0.8571
1380,BM351,1932-01-01,08:56,90.0,80,RUTA 9,R01,PAGADA,10.0,6.0,/content/tp-herramientas-de-softw/urban_flow/data/raw/imgs/urban_flow_plates/9995dfc6e0eae5a1_patente.jpg,BM351,1.0
1381,BM351,1932-01-01,14:49,107.0,40,AV LIBERTADOR,R01,APELADA,67.0,65.0,/content/tp-herramientas-de-softw/urban_flow/data/raw/imgs/urban_flow_plates/9995dfc6e0eae5a1_patente.jpg,BM351,1.0
1383,M20CPR,1932-01-01,19:00,99.0,60,AV LIBERTADOR,,APELADA,39.0,36.0,,,
1387,6NCE831,1932-01-01,00:00,136.0,80,AV SIEMPRE VIVA,,PAGADA,56.0,52.0,/content/tp-herramientas-de-softw/urban_flow/data/raw/imgs/urban_flow_plates/0ee91c4938b6e7ee_patente.jpg,6NCE831,1.0
1388,2999961,1932-01-01,14:50,118.0,80,AV LIBERTADOR,R03,IMPAGA,38.0,34.0,/content/tp-herramientas-de-softw/urban_flow/data/raw/imgs/urban_flow_plates/5ff91ccfc6f15d04_patente.jpg,2999961,1.0
1389,VTIIAHV,1932-01-01,08:57,57.0,40,RUTA 9,R03,ERROR,17.0,15.0,,,
1391,UM96201,1932-01-01,08:57,94.0,80,RUTA 9,R03,PAGADA,14.0,10.0,/content/tp-herramientas-de-softw/urban_flow/data/raw/imgs/urban_flow_plates/09453a7c716a9ef3_patente.jpg,UM96201,1.0
1394,41RSTZ,1932-01-01,08:57,137.0,80,AV LIBERTADOR,R01,ERROR,57.0,53.0,/content/tp-herramientas-de-softw/urban_flow/data/raw/imgs/urban_flow_plates/86c92b0402fec141_patente.jpg,41RSTZ,1.0
1396,CBMUK,1932-01-01,08:57,69.0,40,RUTA 9,R02,PAGADA,29.0,27.0,,,
1398,TL03GOG,2023-03-15,14:50,86.0,60,RUTA 9,R01,IMPAGA,26.0,23.0,/content/tp-herramientas-de-softw/urban_flow/data/raw/imgs/urban_flow_plates/fdd963edc28bf163_patente.jpg,TL03G0G,0.8571
1399,XIIUME,1932-01-01,00:00,105.0,40,AV LIBERTADOR,R02,IMPAGA,65.0,63.0,/content/tp-herramientas-de-softw/urban_flow/data/raw/imgs/urban_flow_plates/64de505bd2bac82b_patente.jpg,XIIUME,1.0
1401,DI2LOT,2020-11-14,19:00,98.0,80,AV LIBERTADOR,,APELADA,18.0,14.0,,,
1409,691XC80,1932-01-01,00:00,145.0,80,AV LIBERTADOR,R02,PAGADA,65.0,61.0,/content/tp-herramientas-de-softw/urban_flow/data/raw/imgs/urban_flow_plates/5a122adbb1a776b7_patente.jpg,691XC80,1.0
1410,HF3461,1932-01-01,00:00,65.0,60,AV SIEMPRE VIVA,,PAGADA,5.0,2.0,/content/tp-herramientas-de-softw/urban_flow/data/raw/imgs/urban_flow_plates/a6e3b0b73220cd32_patente.jpg,HF3461,1.0
1411,AWS167,1932-01-01,19:01,126.0,80,AV LIBERTADOR,,ERROR,46.0,42.0,,,
1412,GE1466,1932-01-01,14:51,117.0,60,AV SIEMPRE VIVA,R03,PAGADA,57.0,54.0,,,
1414,HAMSTUR,2023-11-21,14:51,147.0,80,AV SIEMPRE VIVA,R02,IMPAGA,67.0,63.0,/content/tp-herramientas-de-softw/urban_flow/data/raw/imgs/urban_flow_plates/a929dc75c20da7d8_patente.jpg,HAMSTUR,1.0
1416,FVIOUHP,2020-07-13,00:00,100.0,80,AV LIBERTADOR,R03,ERROR,20.0,16.0,/content/tp-herramientas-de-softw/urban_flow/data/raw/imgs/urban_flow_plates/28e26a4eb646c67a_patente.jpg,FVIDUHP,0.8571
1419,W326AVE,1932-01-01,00:00,72.0,40,RUTA 9,R02,APELADA,32.0,30.0,/content/tp-herramientas-de-softw/urban_flow/data/raw/imgs/urban_flow_plates/6c144e47161867c2_patente.jpg,W326AVE,1.0
1420,6NCE831,1932-01-01,14:52,108.0,60,AV SIEMPRE VIVA,R03,PAGADA,48.0,45.0,/content/tp-herramientas-de-softw/urban_flow/data/raw/imgs/urban_flow_plates/0ee91c4938b6e7ee_patente.jpg,6NCE831,1.0
1423,FD1475,1932-01-01,08:58,106.0,80,AV LIBERTADOR,,IMPAGA,26.0,22.0,/content/tp-herramientas-de-softw/urban_flow/data/raw/imgs/urban_flow_plates/d8daed582e6cce2d_patente.jpg,FD147,0.8333
1424,M431ZW,1932-01-01,19:01,96.0,80,AV SIEMPRE VIVA,R02,ERROR,16.0,12.0,/content/tp-herramientas-de-softw/urban_flow/data/raw/imgs/urban_flow_plates/299f0363ae21d1c3_patente.jpg,M431ZM,0.8333
1427,HF3461,1932-01-01,00:00,98.0,40,AV LIBERTADOR,R01,PAGADA,58.0,56.0,/content/tp-herramientas-de-softw/urban_flow/data/raw/imgs/urban_flow_plates/a6e3b0b73220cd32_patente.jpg,HF3461,1.0
1428,BP717,2020-10-12,00:00,55.0,40,AV SIEMPRE VIVA,R03,IMPAGA,15.0,13.0,/content/tp-herramientas-de-softw/urban_flow/data/raw/imgs/urban_flow_plates/e1120bfe48f85c1b_patente.jpg,BP717,1.0
1431,81ZFJD,1932-01-01,00:00,120.0,80,AV LIBERTADOR,,ERROR,40.0,36.0,/content/tp-herramientas-de-softw/urban_flow/data/raw/imgs/urban_flow_plates/02a6ef3d9bd68e91_patente.jpg,81ZFID,0.8333
1434,NTHGLFT,1932-01-01,19:02,122.0,60,AV LIBERTADOR,R01,PAGADA,62.0,59.0,/content/tp-herramientas-de-softw/urban_flow/data/raw/imgs/urban_flow_plates/5fb888d79b551331.jpg,NTHGLFT,1.0
1437,BB8986,1932-01-01,00:00,102.0,80,AV LIBERTADOR,R03,PAGADA,22.0,18.0,/content/tp-herramientas-de-softw/urban_flow/data/raw/imgs/urban_flow_plates/7cbc7ee444622a66_patente.jpg,BB8986,1.0
1438,NHZ1002,1932-01-01,14:53,113.0,40,AV LIBERTADOR,R01,APELADA,73.0,71.0,/content/tp-herramientas-de-softw/urban_flow/data/raw/imgs/urban_flow_plates/1071b237587a698b_patente.qoi,NHZ1002,1.0
1440,OUTSTDN,1932-01-01,19:02,115.0,60,AV LIBERTADOR,,PAGADA,55.0,52.0,/content/tp-herramientas-de-softw/urban_flow/data/raw/imgs/urban_flow_plates/1ca1155083156d72_patente.jpg,OUTSTDN,1.0
1443,WU341A,2021-07-10,00:00,136.0,60,AV SIEMPRE VIVA,R01,APELADA,76.0,73.0,,,
1449,CT5B876,1932-01-01,08:59,96.0,40,AV SIEMPRE VIVA,R02,PAGADA,56.0,54.0,/content/tp-herramientas-de-softw/urban_flow/data/raw/imgs/urban_flow_plates/39c193bcc0c00f9e_patente.jpg,C75B876,0.8571
1451,831MDB,1932-01-01,14:53,100.0,80,RUTA 9,,IMPAGA,20.0,16.0,,,
1452,3646HBH,2022-09-15,08:59,154.0,80,RUTA 9,R02,ERROR,74.0,70.0,/content/tp-herramientas-de-softw/urban_flow/data/raw/imgs/urban_flow_plates/d3729058c6a4186e_patente.jpg,3646HBH,1.0
1453,409,1932-01-01,14:53,65.0,40,AV LIBERTADOR,R03,IMPAGA,25.0,23.0,/content/tp-herramientas-de-softw/urban_flow/data/raw/imgs/urban_flow_plates/7bcf6b4ec09f1ea7_patente.jpg,409,1.0
1454,B81JKY,1932-01-01,14:54,110.0,40,AV LIBERTADOR,,IMPAGA,70.0,68.0,/content/tp-herramientas-de-softw/urban_flow/data/raw/imgs/urban_flow_plates/80e02a518ffe4cb2.jpg,B81JKY,1.0
1458,VNK296GP,1932-01-01,19:03,99.0,60,AV LIBERTADOR,R01,PAGADA,39.0,36.0,,,
1460,6611172,1932-01-01,19:03,126.0,80,RUTA 9,R01,ERROR,46.0,42.0,/content/tp-herramientas-de-softw/urban_flow/data/raw/imgs/urban_flow_plates/7a1f9520c7ecd5b1_patente.jpg,6611172,1.0
1463,MX60NZA,1932-01-01,14:54,73.0,40,AV SIEMPRE VIVA,R01,ERROR,33.0,31.0,,,
1465,GLEN1E,2021-10-22,09:00,89.0,40,RUTA 9,R01,ERROR,49.0,47.0,/content/tp-herramientas-de-softw/urban_flow/data/raw/imgs/urban_flow_plates/b9f5b9acf1777acf.jpg,GLENIE,0.8333
1466,HF58HXP,1932-01-01,19:03,121.0,80,RUTA 9,,APELADA,41.0,37.0,/content/tp-herramientas-de-softw/urban_flow/data/raw/imgs/urban_flow_plates/9a795bbf4e94d630_patente.jpg,HF5BHXP,0.8571
1468,BHRP770,1932-01-01,09:00,95.0,80,AV SIEMPRE VIVA,R02,IMPAGA,15.0,11.0,/content/tp-herramientas-de-softw/urban_flow/data/raw/imgs/urban_flow_plates/321ffb38656f7311_patente.jpg,BHRP770,1.0
1475,AI7OVF,1932-01-01,19:04,106.0,60,AV LIBERTADOR,,ERROR,46.0,43.0,/content/tp-herramientas-de-softw/urban_flow/data/raw/imgs/urban_flow_plates/747b0f12f54703ee_patente.jpg,AI70VF,0.8333
1476,HK06YMX,1932-01-01,19:04,125.0,80,AV LIBERTADOR,R01,ERROR,45.0,41.0,/content/tp-herramientas-de-softw/urban_flow/data/raw/imgs/urban_flow_plates/9a4fe6361597f264_patente.jpg,HKO6YMX,0.8571
1477,VTIIAHV,1932-01-01,00:00,102.0,60,AV LIBERTADOR,,IMPAGA,42.0,39.0,,,
1481,PIW4215,1932-01-01,00:00,73.0,60,AV LIBERTADOR,R01,PAGADA,13.0,10.0,,,
1483,MX60NZA,1932-01-01,14:54,148.0,80,AV LIBERTADOR,,IMPAGA,68.0,64.0,,,
1490,M20CPR,1932-01-01,14:55,93.0,80,RUTA 9,R01,IMPAGA,13.0,9.0,,,
1491,UW3932,1932-01-01,09:02,118.0,60,AV SIEMPRE VIVA,R03,IMPAGA,58.0,55.0,,,
1493,UM96201,2020-02-29,00:00,118.0,40,AV SIEMPRE VIVA,R03,ERROR,78.0,76.0,/content/tp-herramientas-de-softw/urban_flow/data/raw/imgs/urban_flow_plates/09453a7c716a9ef3_patente.jpg,UM96201,1.0
1495,FVIOUHP,1932-01-01,00:00,119.0,60,AV SIEMPRE VIVA,R01,PAGADA,59.0,56.0,/content/tp-herramientas-de-softw/urban_flow/data/raw/imgs/urban_flow_plates/28e26a4eb646c67a_patente.jpg,FVIDUHP,0.8571
1499,NHZ1002,2023-05-29,00:00,56.0,40,RUTA 9,R01,APELADA,16.0,14.0,/content/tp-herramientas-de-softw/urban_flow/data/raw/imgs/urban_flow_plates/1071b237587a698b_patente.qoi,NHZ1002,1.0
1500,NTHGLFT,1932-01-01,19:05,81.0,60,RUTA 9,R02,APELADA,21.0,18.0,/content/tp-herramientas-de-softw/urban_flow/data/raw/imgs/urban_flow_plates/5fb888d79b551331.jpg,NTHGLFT,1.0
1503,6611172,2022-02-23,14:55,92.0,40,AV LIBERTADOR,,PAGADA,52.0,50.0,/content/tp-herramientas-de-softw/urban_flow/data/raw/imgs/urban_flow_plates/7a1f9520c7ecd5b1_patente.jpg,6611172,1.0
1504,XIIUME,2020-03-18,09:02,100.0,80,AV LIBERTADOR,R02,ERROR,20.0,16.0,/content/tp-herramientas-de-softw/urban_flow/data/raw/imgs/urban_flow_plates/64de505bd2bac82b_patente.jpg,XIIUME,1.0
1505,990XYK,2023-04-03,00:00,117.0,40,RUTA 9,R01,APELADA,77.0,75.0,/content/tp-herramientas-de-softw/urban_flow/data/raw/imgs/urban_flow_plates/11f80fda2c38011c.jpg,990XWK,0.8333
1510,6NCE831,1932-01-01,00:00,109.0,80,RUTA 9,R03,ERROR,29.0,25.0,/content/tp-herramientas-de-softw/urban_flow/data/raw/imgs/urban_flow_plates/0ee91c4938b6e7ee_patente.jpg,6NCE831,1.0
1513,NTHGLFT,1932-01-01,00:00,114.0,80,RUTA 9,R01,PAGADA,34.0,30.0,/content/tp-herramientas-de-softw/urban_flow/data/raw/imgs/urban_flow_plates/5fb888d79b551331.jpg,NTHGLFT,1.0
1514,GLEN1E,1932-01-01,00:00,137.0,80,RUTA 9,R02,ERROR,57.0,53.0,/content/tp-herramientas-de-softw/urban_flow/data/raw/imgs/urban_flow_plates/b9f5b9acf1777acf.jpg,GLENIE,0.8333
1516,MX60NZA,1932-01-01,14:56,99.0,60,AV SIEMPRE VIVA,R02,ERROR,39.0,36.0,,,
1517,BHRP770,1932-01-01,19:05,101.0,40,RUTA 9,R02,IMPAGA,61.0,59.0,/content/tp-herramientas-de-softw/urban_flow/data/raw/imgs/urban_flow_plates/321ffb38656f7311_patente.jpg,BHRP770,1.0
1519,B81JKY,2021-01-03,00:00,94.0,80,AV SIEMPRE VIVA,R02,APELADA,14.0,10.0,/content/tp-herramientas-de-softw/urban_flow/data/raw/imgs/urban_flow_plates/80e02a518ffe4cb2.jpg,B81JKY,1.0
1521,HAMSTUR,1932-01-01,09:02,94.0,40,AV SIEMPRE VIVA,R03,APELADA,54.0,52.0,/content/tp-herramientas-de-softw/urban_flow/data/raw/imgs/urban_flow_plates/a929dc75c20da7d8_patente.jpg,HAMSTUR,1.0
1524,810TCH,1932-01-01,19:06,132.0,60,AV SIEMPRE VIVA,,ERROR,72.0,69.0,/content/tp-herramientas-de-softw/urban_flow/data/raw/imgs/urban_flow_plates/53ad98b12752ad16_patente.jpg,810TCH,1.0
1525,5777770,1932-01-01,00:00,91.0,80,AV SIEMPRE VIVA,,ERROR,11.0,7.0,/content/tp-herramientas-de-softw/urban_flow/data/raw/imgs/urban_flow_plates/7f56adf4b9306ac9_patente.jpg,5777770,1.0
1526,TL03GOG,2020-03-08,00:00,133.0,80,AV LIBERTADOR,R02,PAGADA,53.0,49.0,/content/tp-herramientas-de-softw/urban_flow/data/raw/imgs/urban_flow_plates/fdd963edc28bf163_patente.jpg,TL03G0G,0.8571
1528,691XC80,2021-01-06,09:03,105.0,60,AV SIEMPRE VIVA,R01,IMPAGA,45.0,42.0,/content/tp-herramientas-de-softw/urban_flow/data/raw/imgs/urban_flow_plates/5a122adbb1a776b7_patente.jpg,691XC80,1.0
1530,3646HBH,2023-11-12,09:03,123.0,80,AV LIBERTADOR,,PAGADA,43.0,39.0,/content/tp-herramientas-de-softw/urban_flow/data/raw/imgs/urban_flow_plates/d3729058c6a4186e_patente.jpg,3646HBH,1.0
1531,M20CPR,1932-01-01,00:00,96.0,40,AV SIEMPRE VIVA,R01,APELADA,56.0,54.0,,,
1535,HK06YMX,1932-01-01,00:00,128.0,60,RUTA 9,R01,ERROR,68.0,65.0,/content/tp-herramientas-de-softw/urban_flow/data/raw/imgs/urban_flow_plates/9a4fe6361597f264_patente.jpg,HKO6YMX,0.8571
1538,409,2023-10-10,00:00,116.0,60,AV SIEMPRE VIVA,R03,ERROR,56.0,53.0,/content/tp-herramientas-de-softw/urban_flow/data/raw/imgs/urban_flow_plates/7bcf6b4ec09f1ea7_patente.jpg,409,1.0
1541,TL03GOG,1932-01-01,19:06,75.0,40,AV SIEMPRE VIVA,R02,PAGADA,35.0,33.0,/content/tp-herramientas-de-softw/urban_flow/data/raw/imgs/urban_flow_plates/fdd963edc28bf163_patente.jpg,TL03G0G,0.8571
1542,5777770,1932-01-01,00:00,88.0,60,AV LIBERTADOR,R02,APELADA,28.0,25.0,/content/tp-herramientas-de-softw/urban_flow/data/raw/imgs/urban_flow_plates/7f56adf4b9306ac9_patente.jpg,5777770,1.0
1547,BX55DOG,1932-01-01,00:00,51.0,40,AV LIBERTADOR,R01,PAGADA,11.0,9.0,,,
1549,MPX9357,1932-01-01,14:57,74.0,40,AV SIEMPRE VIVA,R01,PAGADA,34.0,32.0,/content/tp-herramientas-de-softw/urban_flow/data/raw/imgs/urban_flow_plates/182268e1f8c6525f_patente.jpg,MPX9357,1.0
1552,41RSTZ,1932-01-01,00:00,98.0,80,AV SIEMPRE VIVA,R02,PAGADA,18.0,14.0,/content/tp-herramientas-de-softw/urban_flow/data/raw/imgs/urban_flow_plates/86c92b0402fec141_patente.jpg,41RSTZ,1.0
1554,UW3932,2023-07-08,00:00,87.0,80,AV LIBERTADOR,R03,APELADA,7.0,3.0,,,
1559,831MDB,1932-01-01,09:03,89.0,40,AV SIEMPRE VIVA,R03,IMPAGA,49.0,47.0,,,
1561,VNK296GP,1932-01-01,09:04,120.0,40,AV SIEMPRE VIVA,,APELADA,80.0,78.0,,,
1562,2999961,1932-01-01,09:04,80.0,40,AV SIEMPRE VIVA,R02,APELADA,40.0,38.0,/content/tp-herramientas-de-softw/urban_flow/data/raw/imgs/urban_flow_plates/5ff91ccfc6f15d04_patente.jpg,2999961,1.0
1563,W326AVE,1932-01-01,00:00,153.0,80,RUTA 9,R01,PAGADA,73.0,69.0,/content/tp-herramientas-de-softw/urban_flow/data/raw/imgs/urban_flow_plates/6c144e47161867c2_patente.jpg,W326AVE,1.0
1565,OUTSTDN,1932-01-01,09:04,89.0,60,AV LIBERTADOR,R01,PAGADA,29.0,26.0,/content/tp-herramientas-de-softw/urban_flow/data/raw/imgs/urban_flow_plates/1ca1155083156d72_patente.jpg,OUTSTDN,1.0
1566,DI2LOT,1932-01-01,09:04,71.0,40,AV LIBERTADOR,R02,PAGADA,31.0,29.0,,,
1570,VY90540,1932-01-01,14:58,58.0,40,RUTA 9,R01,APELADA,18.0,16.0,/content/tp-herramientas-de-softw/urban_flow/data/raw/imgs/urban_flow_plates/288a95c01e43cd14_patente.jpg,VY90540,1.0
1571,GOOGLE,1932-01-01,00:00,46.0,40,RUTA 9,,IMPAGA,6.0,4.0,/content/tp-herramientas-de-softw/urban_flow/data/raw/imgs/urban_flow_plates/593e594137f374ab.jpg,GOOGLE,1.0
1572,YLO8WUE,2022-09-15,19:07,119.0,60,AV LIBERTADOR,R01,IMPAGA,59.0,56.0,,,
1573,VTIIAHV,1932-01-01,09:04,91.0,40,AV LIBERTADOR,R01,APELADA,51.0,49.0,,,
1575,6611172,2020-01-18,09:05,92.0,40,RUTA 9,,IMPAGA,52.0,50.0,/content/tp-herramientas-de-softw/urban_flow/data/raw/imgs/urban_flow_plates/7a1f9520c7ecd5b1_patente.jpg,6611172,1.0
1578,TL03GOG,1932-01-01,00:00,84.0,60,RUTA 9,R02,IMPAGA,24.0,21.0,/content/tp-herramientas-de-softw/urban_flow/data/raw/imgs/urban_flow_plates/fdd963edc28bf163_patente.jpg,TL03G0G,0.8571
1582,CBMUK,1932-01-01,09:05,87.0,80,AV SIEMPRE VIVA,,APELADA,7.0,3.0,,,
1588,MX60NZA,1932-01-01,19:07,94.0,40,AV SIEMPRE VIVA,R02,ERROR,54.0,52.0,,,
1589,691XC80,1932-01-01,00:00,134.0,60,AV SIEMPRE VIVA,R02,PAGADA,74.0,71.0,/content/tp-herramientas-de-softw/urban_flow/data/raw/imgs/urban_flow_plates/5a122adbb1a776b7_patente.jpg,691XC80,1.0
1590,FD1475,1932-01-01,09:06,110.0,40,AV SIEMPRE VIVA,R03,PAGADA,70.0,68.0,/content/tp-herramientas-de-softw/urban_flow/data/raw/imgs/urban_flow_plates/d8daed582e6cce2d_patente.jpg,FD147,0.8333
1595,6611172,1932-01-01,00:00,144.0,80,RUTA 9,R01,APELADA,64.0,60.0,/content/tp-herramientas-de-softw/urban_flow/data/raw/imgs/urban_flow_plates/7a1f9520c7ecd5b1_patente.jpg,6611172,1.0
1596,M431ZW,1932-01-01,00:00,122.0,80,AV SIEMPRE VIVA,R02,IMPAGA,42.0,38.0,/content/tp-herramientas-de-softw/urban_flow/data/raw/imgs/urban_flow_plates/299f0363ae21d1c3_patente.jpg,M431ZM,0.8333
1597,GCP332,1932-01-01,00:00,53.0,40,AV LIBERTADOR,,IMPAGA,13.0,11.0,/content/tp-herramientas-de-softw/urban_flow/data/raw/imgs/urban_flow_plates/d648b2ae1abc09f3_patente.jpg,GCP332,1.0
1600,WU08YWC,1932-01-01,19:08,114.0,80,RUTA 9,,APELADA,34.0,30.0,,,
1602,409,2023-07-28,00:00,51.0,40,AV SIEMPRE VIVA,R03,ERROR,11.0,9.0,/content/tp-herramientas-de-softw/urban_flow/data/raw/imgs/urban_flow_plates/7bcf6b4ec09f1ea7_patente.jpg,409,1.0
1605,UW3932,1932-01-01,00:00,81.0,60,AV SIEMPRE VIVA,R03,IMPAGA,21.0,18.0,,,
1607,810TCH,1932-01-01,14:59,49.0,40,AV LIBERTADOR,R02,APELADA,9.0,7.0,/content/tp-herramientas-de-softw/urban_flow/data/raw/imgs/urban_flow_plates/53ad98b12752ad16_patente.jpg,810TCH,1.0
1608,WU08YWC,2023-10-03,00:00,107.0,60,AV SIEMPRE VIVA,R01,ERROR,47.0,44.0,,,
1616,41RSTZ,1932-01-01,00:00,120.0,80,AV LIBERTADOR,,PAGADA,40.0,36.0,/content/tp-herramientas-de-softw/urban_flow/data/raw/imgs/urban_flow_plates/86c92b0402fec141_patente.jpg,41RSTZ,1.0
1617,990XYK,1932-01-01,19:09,95.0,60,AV LIBERTADOR,,APELADA,35.0,32.0,/content/tp-herramientas-de-softw/urban_flow/data/raw/imgs/urban_flow_plates/11f80fda2c38011c.jpg,990XWK,0.8333
1618,B81JKY,1932-01-01,00:00,105.0,60,AV SIEMPRE VIVA,R01,IMPAGA,45.0,42.0,/content/tp-herramientas-de-softw/urban_flow/data/raw/imgs/urban_flow_plates/80e02a518ffe4cb2.jpg,B81JKY,1.0
1622,HF3461,1932-01-01,14:59,45.0,40,RUTA 9,R01,IMPAGA,5.0,3.0,/content/tp-herramientas-de-softw/urban_flow/data/raw/imgs/urban_flow_plates/a6e3b0b73220cd32_patente.jpg,HF3461,1.0
1623,810TCH,1932-01-01,19:09,95.0,80,AV LIBERTADOR,R01,ERROR,15.0,11.0,/content/tp-herramientas-de-softw/urban_flow/data/raw/imgs/urban_flow_plates/53ad98b12752ad16_patente.jpg,810TCH,1.0
1624,5777770,1932-01-01,00:00,106.0,60,AV LIBERTADOR,,APELADA,46.0,43.0,/content/tp-herramientas-de-softw/urban_flow/data/raw/imgs/urban_flow_plates/7f56adf4b9306ac9_patente.jpg,5777770,1.0
1628,FVIOUHP,2022-08-01,00:00,135.0,60,AV LIBERTADOR,R02,IMPAGA,75.0,72.0,/content/tp-herramientas-de-softw/urban_flow/data/raw/imgs/urban_flow_plates/28e26a4eb646c67a_patente.jpg,FVIDUHP,0.8571
1630,3646HBH,1932-01-01,09:07,112.0,40,AV LIBERTADOR,R03,IMPAGA,72.0,70.0,/content/tp-herramientas-de-softw/urban_flow/data/raw/imgs/urban_flow_plates/d3729058c6a4186e_patente.jpg,3646HBH,1.0
1631,W326AVE,2021-06-23,14:59,90.0,40,AV SIEMPRE VIVA,R02,APELADA,50.0,48.0,/content/tp-herramientas-de-softw/urban_flow/data/raw/imgs/urban_flow_plates/6c144e47161867c2_patente.jpg,W326AVE,1.0
1632,HF3461,2021-04-09,00:00,57.0,40,AV SIEMPRE VIVA,R01,APELADA,17.0,15.0,/content/tp-herramientas-de-softw/urban_flow/data/raw/imgs/urban_flow_plates/a6e3b0b73220cd32_patente.jpg,HF3461,1.0
1634,B81JKY,1932-01-01,00:00,123.0,60,AV SIEMPRE VIVA,R03,PAGADA,63.0,60.0,/content/tp-herramientas-de-softw/urban_flow/data/raw/imgs/urban_flow_plates/80e02a518ffe4cb2.jpg,B81JKY,1.0
1636,0695DVH,1932-01-01,19:10,151.0,80,RUTA 9,R02,ERROR,71.0,67.0,/content/tp-herramientas-de-softw/urban_flow/data/raw/imgs/urban_flow_plates/12b7ea40074d3b20.jpg,0695DVH,1.0
1639,NAN,1932-01-01,00:00,58.0,40,AV LIBERTADOR,R02,PAGADA,18.0,16.0,/content/tp-herramientas-de-softw/urban_flow/data/raw/imgs/urban_flow_plates/b01d46f9911d558b.jpg,NAN,1.0
1641,81ZFJD,2023-10-23,15:00,91.0,60,AV LIBERTADOR,R03,ERROR,31.0,28.0,/content/tp-herramientas-de-softw/urban_flow/data/raw/imgs/urban_flow_plates/02a6ef3d9bd68e91_patente.jpg,81ZFID,0.8333
1644,WEFLYN,1932-01-01,15:00,109.0,80,AV LIBERTADOR,R03,PAGADA,29.0,25.0,/content/tp-herramientas-de-softw/urban_flow/data/raw/imgs/urban_flow_plates/29f7991e696e6e3f_patente.jpg,WEFLYN,1.0
1645,TL03GOG,1932-01-01,00:00,111.0,60,AV LIBERTADOR,R03,APELADA,51.0,48.0,/content/tp-herramientas-de-softw/urban_flow/data/raw/imgs/urban_flow_plates/fdd963edc28bf163_patente.jpg,TL03G0G,0.8571
1647,RFH373,1932-01-01,15:00,86.0,60,RUTA 9,R02,IMPAGA,26.0,23.0,,,
1650,41RSTZ,1932-01-01,00:00,78.0,60,RUTA 9,R02,PAGADA,18.0,15.0,/content/tp-herramientas-de-softw/urban_flow/data/raw/imgs/urban_flow_plates/86c92b0402fec141_patente.jpg,41RSTZ,1.0
1651,VNK296GP,2021-12-29,09:08,89.0,80,RUTA 9,R03,ERROR,9.0,5.0,,,
1653,CD05601,1932-01-01,19:10,135.0,60,AV SIEMPRE VIVA,R02,PAGADA,75.0,72.0,,,
1654,HK06YMX,2023-11-01,15:00,160.0,80,RUTA 9,,PAGADA,80.0,76.0,/content/tp-herramientas-de-softw/urban_flow/data/raw/imgs/urban_flow_plates/9a4fe6361597f264_patente.jpg,HKO6YMX,0.8571
1657,6EVY261,1932-01-01,00:00,75.0,60,AV SIEMPRE VIVA,R01,IMPAGA,15.0,12.0,/content/tp-herramientas-de-softw/urban_flow/data/raw/imgs/urban_flow_plates/081f5a6bc61b9c48_patente.jpg,6EVY261,1.0
1664,CD05601,1932-01-01,19:11,71.0,40,AV LIBERTADOR,R03,ERROR,31.0,29.0,,,
1665,GOOGLE,1932-01-01,09:08,79.0,60,RUTA 9,R03,PAGADA,19.0,16.0,/content/tp-herramientas-de-softw/urban_flow/data/raw/imgs/urban_flow_plates/593e594137f374ab.jpg,GOOGLE,1.0
1667,W326AVE,1932-01-01,00:00,127.0,60,AV SIEMPRE VIVA,,IMPAGA,67.0,64.0,/content/tp-herramientas-de-softw/urban_flow/data/raw/imgs/urban_flow_plates/6c144e47161867c2_patente.jpg,W326AVE,1.0
1668,FVIOUHP,2022-06-03,00:00,84.0,60,AV LIBERTADOR,R01,IMPAGA,24.0,21.0,/content/tp-herramientas-de-softw/urban_flow/data/raw/imgs/urban_flow_plates/28e26a4eb646c67a_patente.jpg,FVIDUHP,0.8571
1669,NAN,1932-01-01,09:08,106.0,60,RUTA 9,R03,APELADA,46.0,43.0,/content/tp-herramientas-de-softw/urban_flow/data/raw/imgs/urban_flow_plates/b01d46f9911d558b.jpg,NAN,1.0
1673,GN64OTP,1932-01-01,19:11,158.0,80,RUTA 9,,IMPAGA,78.0,74.0,,,
1680,MPX9357,1932-01-01,09:08,151.0,80,AV LIBERTADOR,R03,APELADA,71.0,67.0,/content/tp-herramientas-de-softw/urban_flow/data/raw/imgs/urban_flow_plates/182268e1f8c6525f_patente.jpg,MPX9357,1.0
1683,810TCH,1932-01-01,00:00,116.0,80,AV SIEMPRE VIVA,,APELADA,36.0,32.0,/content/tp-herramientas-de-softw/urban_flow/data/raw/imgs/urban_flow_plates/53ad98b12752ad16_patente.jpg,810TCH,1.0
1686,FVIOUHP,1932-01-01,19:12,43.0,40,RUTA 9,R01,PAGADA,3.0,1.0,/content/tp-herramientas-de-softw/urban_flow/data/raw/imgs/urban_flow_plates/28e26a4eb646c67a_patente.jpg,FVIDUHP,0.8571
1687,589222,2023-08-05,09:09,81.0,60,RUTA 9,,ERROR,21.0,18.0,/content/tp-herramientas-de-softw/urban_flow/data/raw/imgs/urban_flow_plates/246a0e4264a39433_patente.jpg,589222,1.0
1692,HAMSTUR,2020-08-01,19:12,116.0,40,AV LIBERTADOR,R03,APELADA,76.0,74.0,/content/tp-herramientas-de-softw/urban_flow/data/raw/imgs/urban_flow_plates/a929dc75c20da7d8_patente.jpg,HAMSTUR,1.0
1695,409,1932-01-01,09:09,93.0,60,AV LIBERTADOR,R01,ERROR,33.0,30.0,/content/tp-herramientas-de-softw/urban_flow/data/raw/imgs/urban_flow_plates/7bcf6b4ec09f1ea7_patente.jpg,409,1.0
1700,M20CPR,2020-12-18,09:10,97.0,80,AV SIEMPRE VIVA,R01,ERROR,17.0,13.0,,,
1701,9999868,1932-01-01,00:00,89.0,60,RUTA 9,R01,APELADA,29.0,26.0,,,
1702,WU08YWC,1932-01-01,19:13,80.0,40,RUTA 9,R02,PAGADA,40.0,38.0,,,
1707,6EVY261,2021-07-23,19:13,103.0,80,AV LIBERTADOR,,ERROR,23.0,19.0,/content/tp-herramientas-de-softw/urban_flow/data/raw/imgs/urban_flow_plates/081f5a6bc61b9c48_patente.jpg,6EVY261,1.0
1708,990XYK,1932-01-01,09:10,89.0,80,AV SIEMPRE VIVA,,PAGADA,9.0,5.0,/content/tp-herramientas-de-softw/urban_flow/data/raw/imgs/urban_flow_plates/11f80fda2c38011c.jpg,990XWK,0.8333
1709,RFH373,1932-01-01,19:13,123.0,80,AV SIEMPRE VIVA,,ERROR,43.0,39.0,,,
1711,TL03GOG,1932-01-01,00:00,80.0,40,AV LIBERTADOR,R01,IMPAGA,40.0,38.0,/content/tp-herramientas-de-softw/urban_flow/data/raw/imgs/urban_flow_plates/fdd963edc28bf163_patente.jpg,TL03G0G,0.8571
1713,M20CPR,1932-01-01,09:10,125.0,80,AV LIBERTADOR,,IMPAGA,45.0,41.0,,,
1716,BP717,1932-01-01,19:14,94.0,40,AV SIEMPRE VIVA,R03,PAGADA,54.0,52.0,/content/tp-herramientas-de-softw/urban_flow/data/raw/imgs/urban_flow_plates/e1120bfe48f85c1b_patente.jpg,BP717,1.0
1717,CD05601,1932-01-01,19:14,118.0,40,RUTA 9,R02,IMPAGA,78.0,76.0,,,
1718,409,1932-01-01,19:14,117.0,60,AV SIEMPRE VIVA,,APELADA,57.0,54.0,/content/tp-herramientas-de-softw/urban_flow/data/raw/imgs/urban_flow_plates/7bcf6b4ec09f1ea7_patente.jpg,409,1.0
1720,M431ZW,2021-10-26,00:00,86.0,60,AV LIBERTADOR,R01,ERROR,26.0,23.0,/content/tp-herramientas-de-softw/urban_flow/data/raw/imgs/urban_flow_plates/299f0363ae21d1c3_patente.jpg,M431ZM,0.8333
1724,8B90638,1932-01-01,15:02,104.0,80,AV SIEMPRE VIVA,R02,ERROR,24.0,20.0,/content/tp-herramientas-de-softw/urban_flow/data/raw/imgs/urban_flow_plates/6a0ef049e5ec4b16_patente.jpg,8B90638,1.0
1726,RFH373,1932-01-01,15:03,110.0,60,AV LIBERTADOR,R02,IMPAGA,50.0,47.0,,,
1729,HF58HXP,1932-01-01,19:15,97.0,60,RUTA 9,R01,PAGADA,37.0,34.0,/content/tp-herramientas-de-softw/urban_flow/data/raw/imgs/urban_flow_plates/9a795bbf4e94d630_patente.jpg,HF5BHXP,0.8571
1730,RFH373,1932-01-01,09:11,53.0,40,AV LIBERTADOR,,ERROR,13.0,11.0,,,
1731,B81JKY,1932-01-01,09:11,92.0,40,AV SIEMPRE VIVA,R01,APELADA,52.0,50.0,/content/tp-herramientas-de-softw/urban_flow/data/raw/imgs/urban_flow_plates/80e02a518ffe4cb2.jpg,B81JKY,1.0
1733,UM96201,2020-03-20,19:15,125.0,80,AV LIBERTADOR,R02,APELADA,45.0,41.0,/content/tp-herramientas-de-softw/urban_flow/data/raw/imgs/urban_flow_plates/09453a7c716a9ef3_patente.jpg,UM96201,1.0
1735,AI7OVF,1932-01-01,00:00,151.0,80,AV SIEMPRE VIVA,R02,ERROR,71.0,67.0,/content/tp-herramientas-de-softw/urban_flow/data/raw/imgs/urban_flow_plates/747b0f12f54703ee_patente.jpg,AI70VF,0.8333
1736,BP717,1932-01-01,19:15,65.0,40,AV LIBERTADOR,R03,IMPAGA,25.0,23.0,/content/tp-herramientas-de-softw/urban_flow/data/raw/imgs/urban_flow_plates/e1120bfe48f85c1b_patente.jpg,BP717,1.0
1737,81ZFJD,1932-01-01,00:00,87.0,40,AV LIBERTADOR,R03,APELADA,47.0,45.0,/content/tp-herramientas-de-softw/urban_flow/data/raw/imgs/urban_flow_plates/02a6ef3d9bd68e91_patente.jpg,81ZFID,0.8333
1743,MVU4688,1932-01-01,19:16,72.0,40,AV SIEMPRE VIVA,R03,ERROR,32.0,30.0,/content/tp-herramientas-de-softw/urban_flow/data/raw/imgs/urban_flow_plates/3feecc5809a29627_patente.jpg,MVU4688,1.0
1746,HF58HXP,1932-01-01,00:00,112.0,40,RUTA 9,R03,PAGADA,72.0,70.0,/content/tp-herramientas-de-softw/urban_flow/data/raw/imgs/urban_flow_plates/9a795bbf4e94d630_patente.jpg,HF5BHXP,0.8571
1748,BP717,1932-01-01,00:00,139.0,80,AV SIEMPRE VIVA,R03,IMPAGA,59.0,55.0,/content/tp-herramientas-de-softw/urban_flow/data/raw/imgs/urban_flow_plates/e1120bfe48f85c1b_patente.jpg,BP717,1.0
1749,NHZ1002,1932-01-01,19:16,102.0,40,AV SIEMPRE VIVA,R01,APELADA,62.0,60.0,/content/tp-herramientas-de-softw/urban_flow/data/raw/imgs/urban_flow_plates/1071b237587a698b_patente.qoi,NHZ1002,1.0
1751,GE1466,1932-01-01,15:03,146.0,80,AV LIBERTADOR,R02,ERROR,66.0,62.0,,,
1752,WEFLYN,1932-01-01,15:03,145.0,80,AV LIBERTADOR,R03,ERROR,65.0,61.0,/content/tp-herramientas-de-softw/urban_flow/data/raw/imgs/urban_flow_plates/29f7991e696e6e3f_patente.jpg,WEFLYN,1.0
1754,6611172,2023-02-19,00:00,89.0,60,AV SIEMPRE VIVA,R02,APELADA,29.0,26.0,/content/tp-herramientas-de-softw/urban_flow/data/raw/imgs/urban_flow_plates/7a1f9520c7ecd5b1_patente.jpg,6611172,1.0
1755,T0YDR,1932-01-01,00:00,97.0,80,RUTA 9,,PAGADA,17.0,13.0,/content/tp-herramientas-de-softw/urban_flow/data/raw/imgs/urban_flow_plates/4cb48c8bf41b70a4_patente.jpg,TBYDR,0.8
1760,PIW4215,1932-01-01,00:00,137.0,80,AV SIEMPRE VIVA,R03,ERROR,57.0,53.0,,,
1761,GCP332,1932-01-01,09:12,89.0,40,AV SIEMPRE VIVA,R01,APELADA,49.0,47.0,/content/tp-herramientas-de-softw/urban_flow/data/raw/imgs/urban_flow_plates/d648b2ae1abc09f3_patente.jpg,GCP332,1.0
1762,GE1466,2021-11-04,19:16,87.0,60,AV SIEMPRE VIVA,,IMPAGA,27.0,24.0,,,
1763,GCP332,1932-01-01,00:00,110.0,40,RUTA 9,R02,ERROR,70.0,68.0,/content/tp-herramientas-de-softw/urban_flow/data/raw/imgs/urban_flow_plates/d648b2ae1abc09f3_patente.jpg,GCP332,1.0
1765,BHRP770,2021-04-19,15:04,104.0,80,RUTA 9,,ERROR,24.0,20.0,/content/tp-herramientas-de-softw/urban_flow/data/raw/imgs/urban_flow_plates/321ffb38656f7311_patente.jpg,BHRP770,1.0
1766,GN64OTP,2022-06-28,15:04,123.0,60,AV LIBERTADOR,R01,PAGADA,63.0,60.0,,,
1767,AWS167,1932-01-01,00:00,128.0,80,AV LIBERTADOR,R02,APELADA,48.0,44.0,,,
1770,VTIIAHV,1932-01-01,09:12,143.0,80,RUTA 9,R03,APELADA,63.0,59.0,,,
1771,OUTSTDN,1932-01-01,19:16,67.0,40,AV LIBERTADOR,,PAGADA,27.0,25.0,/content/tp-herramientas-de-softw/urban_flow/data/raw/imgs/urban_flow_plates/1ca1155083156d72_patente.jpg,OUTSTDN,1.0
1777,81ZFJD,1932-01-01,19:17,116.0,60,AV LIBERTADOR,R01,ERROR,56.0,53.0,/content/tp-herramientas-de-softw/urban_flow/data/raw/imgs/urban_flow_plates/02a6ef3d9bd68e91_patente.jpg,81ZFID,0.8333
1778,MVU4688,1932-01-01,19:17,84.0,60,AV SIEMPRE VIVA,,IMPAGA,24.0,21.0,/content/tp-herramientas-de-softw/urban_flow/data/raw/imgs/urban_flow_plates/3feecc5809a29627_patente.jpg,MVU4688,1.0
1779,J1S1,1932-01-01,00:00,112.0,40,AV SIEMPRE VIVA,R01,ERROR,72.0,70.0,/content/tp-herramientas-de-softw/urban_flow/data/raw/imgs/urban_flow_plates/e82f13b4a2fe69f3_patente_1.jpg,J1S1,1.0
1780,M20CPR,1932-01-01,00:00,150.0,80,AV LIBERTADOR,R03,APELADA,70.0,66.0,,,
1783,9999868,1932-01-01,19:17,91.0,80,AV LIBERTADOR,,PAGADA,11.0,7.0,,,
1788,831MDB,1932-01-01,00:00,105.0,80,AV SIEMPRE VIVA,R03,ERROR,25.0,21.0,,,
1789,RFH373,1932-01-01,00:00,153.0,80,AV SIEMPRE VIVA,,APELADA,73.0,69.0,,,
1790,CT5B876,1932-01-01,15:05,59.0,40,AV LIBERTADOR,R03,PAGADA,19.0,17.0,/content/tp-herramientas-de-softw/urban_flow/data/raw/imgs/urban_flow_plates/39c193bcc0c00f9e_patente.jpg,C75B876,0.8571
1792,CT5B876,2021-07-09,15:05,132.0,60,AV LIBERTADOR,,IMPAGA,72.0,69.0,/content/tp-herramientas-de-softw/urban_flow/data/raw/imgs/urban_flow_plates/39c193bcc0c00f9e_patente.jpg,C75B876,0.8571
1793,GOOGLE,1932-01-01,19:17,129.0,80,AV LIBERTADOR,R02,ERROR,49.0,45.0,/content/tp-herramientas-de-softw/urban_flow/data/raw/imgs/urban_flow_plates/593e594137f374ab.jpg,GOOGLE,1.0
1794,6EVY261,1932-01-01,00:00,65.0,60,RUTA 9,R02,PAGADA,5.0,2.0,/content/tp-herramientas-de-softw/urban_flow/data/raw/imgs/urban_flow_plates/081f5a6bc61b9c48_patente.jpg,6EVY261,1.0
1797,9999868,1932-01-01,15:05,101.0,80,AV SIEMPRE VIVA,R02,IMPAGA,21.0,17.0,,,
1798,6EVY261,1932-01-01,09:12,133.0,60,AV LIBERTADOR,,PAGADA,73.0,70.0,/content/tp-herramientas-de-softw/urban_flow/data/raw/imgs/urban_flow_plates/081f5a6bc61b9c48_patente.jpg,6EVY261,1.0
1801,AWS167,2022-12-07,15:05,61.0,40,AV SIEMPRE VIVA,R03,ERROR,21.0,19.0,,,
1803,GN64OTP,1932-01-01,00:00,49.0,40,RUTA 9,,PAGADA,9.0,7.0,,,
1804,MVU4688,1932-01-01,09:13,97.0,80,AV SIEMPRE VIVA,R01,ERROR,17.0,13.0,/content/tp-herramientas-de-softw/urban_flow/data/raw/imgs/urban_flow_plates/3feecc5809a29627_patente.jpg,MVU4688,1.0
1805,WEFLYN,1932-01-01,15:06,46.0,40,AV SIEMPRE VIVA,,ERROR,6.0,4.0,/content/tp-herramientas-de-softw/urban_flow/data/raw/imgs/urban_flow_plates/29f7991e696e6e3f_patente.jpg,WEFLYN,1.0
1806,FD1475,1932-01-01,15:06,82.0,60,AV SIEMPRE VIVA,R03,IMPAGA,22.0,19.0,/content/tp-herramientas-de-softw/urban_flow/data/raw/imgs/urban_flow_plates/d8daed582e6cce2d_patente.jpg,FD147,0.8333
1810,9999868,1932-01-01,00:00,158.0,80,AV LIBERTADOR,R03,ERROR,78.0,74.0,,,
1812,MX60NZA,1932-01-01,15:06,83.0,60,AV LIBERTADOR,R02,APELADA,23.0,20.0,,,
1814,GLEN1E,1932-01-01,09:13,118.0,80,AV SIEMPRE VIVA,R01,ERROR,38.0,34.0,/content/tp-herramientas-de-softw/urban_flow/data/raw/imgs/urban_flow_plates/b9f5b9acf1777acf.jpg,GLENIE,0.8333
1817,VNK296GP,1932-01-01,00:00,88.0,40,AV SIEMPRE VIVA,R02,APELADA,48.0,46.0,,,
1820,MX60NZA,1932-01-01,15:07,134.0,60,RUTA 9,,PAGADA,74.0,71.0,,,
1821,831MDB,1932-01-01,19:18,95.0,40,AV LIBERTADOR,,IMPAGA,55.0,53.0,,,
1822,GCP332,1932-01-01,09:13,101.0,80,AV LIBERTADOR,R03,APELADA,21.0,17.0,/content/tp-herramientas-de-softw/urban_flow/data/raw/imgs/urban_flow_plates/d648b2ae1abc09f3_patente.jpg,GCP332,1.0
1828,810TCH,1932-01-01,09:14,160.0,80,AV LIBERTADOR,R01,IMPAGA,80.0,76.0,/content/tp-herramientas-de-softw/urban_flow/data/raw/imgs/urban_flow_plates/53ad98b12752ad16_patente.jpg,810TCH,1.0
1831,OUTSTDN,2020-10-30,15:07,137.0,60,RUTA 9,R02,ERROR,77.0,74.0,/content/tp-herramientas-de-softw/urban_flow/data/raw/imgs/urban_flow_plates/1ca1155083156d72_patente.jpg,OUTSTDN,1.0
1832,J1S1,1932-01-01,09:14,48.0,40,RUTA 9,R02,APELADA,8.0,6.0,/content/tp-herramientas-de-softw/urban_flow/data/raw/imgs/urban_flow_plates/e82f13b4a2fe69f3_patente_1.jpg,J1S1,1.0
1833,MVU4688,2022-10-30,00:00,74.0,60,RUTA 9,R01,APELADA,14.0,11.0,/content/tp-herramientas-de-softw/urban_flow/data/raw/imgs/urban_flow_plates/3feecc5809a29627_patente.jpg,MVU4688,1.0
1840,3646HBH,1932-01-01,09:15,86.0,40,AV LIBERTADOR,R03,APELADA,46.0,44.0,/content/tp-herramientas-de-softw/urban_flow/data/raw/imgs/urban_flow_plates/d3729058c6a4186e_patente.jpg,3646HBH,1.0
1841,DK414N,1932-01-01,09:15,124.0,60,AV SIEMPRE VIVA,,IMPAGA,64.0,61.0,/content/tp-herramientas-de-softw/urban_flow/data/raw/imgs/urban_flow_plates/2a3e44107826e876_patente.jpg,DK414N,1.0
1842,831MDB,1932-01-01,09:15,98.0,40,AV LIBERTADOR,,ERROR,58.0,56.0,,,
1845,W326AVE,1932-01-01,09:15,78.0,60,AV LIBERTADOR,R03,PAGADA,18.0,15.0,/content/tp-herramientas-de-softw/urban_flow/data/raw/imgs/urban_flow_plates/6c144e47161867c2_patente.jpg,W326AVE,1.0
1847,BHRP770,1932-01-01,09:16,67.0,40,RUTA 9,R03,APELADA,27.0,25.0,/content/tp-herramientas-de-softw/urban_flow/data/raw/imgs/urban_flow_plates/321ffb38656f7311_patente.jpg,BHRP770,1.0
1848,DK414N,1932-01-01,09:16,81.0,40,AV SIEMPRE VIVA,R01,PAGADA,41.0,39.0,/content/tp-herramientas-de-softw/urban_flow/data/raw/imgs/urban_flow_plates/2a3e44107826e876_patente.jpg,DK414N,1.0
1851,HAMSTUR,1932-01-01,19:19,95.0,40,AV LIBERTADOR,R01,ERROR,55.0,53.0,/content/tp-herramientas-de-softw/urban_flow/data/raw/imgs/urban_flow_plates/a929dc75c20da7d8_patente.jpg,HAMSTUR,1.0
1852,810TCH,2022-06-02,09:16,70.0,40,AV LIBERTADOR,,APELADA,30.0,28.0,/content/tp-herramientas-de-softw/urban_flow/data/raw/imgs/urban_flow_plates/53ad98b12752ad16_patente.jpg,810TCH,1.0
1853,HF3461,1932-01-01,00:00,79.0,60,AV SIEMPRE VIVA,,PAGADA,19.0,16.0,/content/tp-herramientas-de-softw/urban_flow/data/raw/imgs/urban_flow_plates/a6e3b0b73220cd32_patente.jpg,HF3461,1.0
1854,YLO8WUE,1932-01-01,00:00,98.0,80,AV LIBERTADOR,R02,IMPAGA,18.0,14.0,,,
1855,T0YDR,1932-01-01,09:16,105.0,60,AV SIEMPRE VIVA,R01,ERROR,45.0,42.0,/content/tp-herramientas-de-softw/urban_flow/data/raw/imgs/urban_flow_plates/4cb48c8bf41b70a4_patente.jpg,TBYDR,0.8
1857,GCP332,1932-01-01,00:00,159.0,80,RUTA 9,R01,IMPAGA,79.0,75.0,/content/tp-herramientas-de-softw/urban_flow/data/raw/imgs/urban_flow_plates/d648b2ae1abc09f3_patente.jpg,GCP332,1.0
1861,CD05601,2022-05-18,15:07,120.0,60,RUTA 9,R03,IMPAGA,60.0,57.0,,,
1863,WU341A,1932-01-01,00:00,123.0,60,AV SIEMPRE VIVA,R01,PAGADA,63.0,60.0,,,
1865,MVU4688,2023-02-25,00:00,88.0,60,AV SIEMPRE VIVA,R02,IMPAGA,28.0,25.0,/content/tp-herramientas-de-softw/urban_flow/data/raw/imgs/urban_flow_plates/3feecc5809a29627_patente.jpg,MVU4688,1.0
1866,GLEN1E,1932-01-01,15:07,122.0,60,RUTA 9,,IMPAGA,62.0,59.0,/content/tp-herramientas-de-softw/urban_flow/data/raw/imgs/urban_flow_plates/b9f5b9acf1777acf.jpg,GLENIE,0.8333
1867,GN64OTP,1932-01-01,00:00,44.0,40,AV LIBERTADOR,R01,ERROR,4.0,2.0,,,
1872,GCP332,1932-01-01,15:08,96.0,40,RUTA 9,R03,ERROR,56.0,54.0,/content/tp-herramientas-de-softw/urban_flow/data/raw/imgs/urban_flow_plates/d648b2ae1abc09f3_patente.jpg,GCP332,1.0
1876,VTIIAHV,1932-01-01,00:00,110.0,60,AV LIBERTADOR,R03,PAGADA,50.0,47.0,,,
1878,AWS167,1932-01-01,00:00,144.0,80,AV LIBERTADOR,R01,PAGADA,64.0,60.0,,,
1880,UW3932,1932-01-01,15:08,96.0,40,AV LIBERTADOR,R01,ERROR,56.0,54.0,,,
1887,810TCH,2023-02-14,00:00,91.0,80,AV LIBERTADOR,,PAGADA,11.0,7.0,/content/tp-herramientas-de-softw/urban_flow/data/raw/imgs/urban_flow_plates/53ad98b12752ad16_patente.jpg,810TCH,1.0
1892,WU341A,2023-04-15,19:20,109.0,80,AV LIBERTADOR,R01,IMPAGA,29.0,25.0,,,
1894,RFH373,1932-01-01,09:18,75.0,40,AV LIBERTADOR,R03,ERROR,35.0,33.0,,,
1899,PIW4215,1932-01-01,00:00,93.0,80,RUTA 9,R02,IMPAGA,13.0,9.0,,,
1901,B81JKY,1932-01-01,00:00,75.0,60,AV LIBERTADOR,R01,APELADA,15.0,12.0,/content/tp-herramientas-de-softw/urban_flow/data/raw/imgs/urban_flow_plates/80e02a518ffe4cb2.jpg,B81JKY,1.0
1904,M431ZW,2021-05-23,00:00,66.0,40,AV SIEMPRE VIVA,,APELADA,26.0,24.0,/content/tp-herramientas-de-softw/urban_flow/data/raw/imgs/urban_flow_plates/299f0363ae21d1c3_patente.jpg,M431ZM,0.8333
1907,2999961,1932-01-01,00:00,157.0,80,RUTA 9,R03,IMPAGA,77.0,73.0,/content/tp-herramientas-de-softw/urban_flow/data/raw/imgs/urban_flow_plates/5ff91ccfc6f15d04_patente.jpg,2999961,1.0
1910,HAMSTUR,1932-01-01,19:21,111.0,40,AV LIBERTADOR,R03,APELADA,71.0,69.0,/content/tp-herramientas-de-softw/urban_flow/data/raw/imgs/urban_flow_plates/a929dc75c20da7d8_patente.jpg,HAMSTUR,1.0
1912,8B90638,1932-01-01,00:00,112.0,60,AV LIBERTADOR,,IMPAGA,52.0,49.0,/content/tp-herramientas-de-softw/urban_flow/data/raw/imgs/urban_flow_plates/6a0ef049e5ec4b16_patente.jpg,8B90638,1.0
1914,HF58HXP,1932-01-01,00:00,78.0,40,AV LIBERTADOR,R01,PAGADA,38.0,36.0,/content/tp-herramientas-de-softw/urban_flow/data/raw/imgs/urban_flow_plates/9a795bbf4e94d630_patente.jpg,HF5BHXP,0.8571
1915,MVU4688,1932-01-01,15:10,79.0,60,AV SIEMPRE VIVA,R02,APELADA,19.0,16.0,/content/tp-herramientas-de-softw/urban_flow/data/raw/imgs/urban_flow_plates/3feecc5809a29627_patente.jpg,MVU4688,1.0
1918,831MDB,2022-05-28,19:21,104.0,80,AV LIBERTADOR,,IMPAGA,24.0,20.0,,,
1919,TL03GOG,1932-01-01,19:21,83.0,40,RUTA 9,R02,IMPAGA,43.0,41.0,/content/tp-herramientas-de-softw/urban_flow/data/raw/imgs/urban_flow_plates/fdd963edc28bf163_patente.jpg,TL03G0G,0.8571
1920,GN64OTP,1932-01-01,15:10,99.0,80,AV SIEMPRE VIVA,R02,IMPAGA,19.0,15.0,,,
1921,M431ZW,1932-01-01,09:19,105.0,60,AV SIEMPRE VIVA,R03,PAGADA,45.0,42.0,/content/tp-herramientas-de-softw/urban_flow/data/raw/imgs/urban_flow_plates/299f0363ae21d1c3_patente.jpg,M431ZM,0.8333
1922,INTIGR8,1932-01-01,00:00,74.0,40,AV LIBERTADOR,,APELADA,34.0,32.0,/content/tp-herramientas-de-softw/urban_flow/data/raw/imgs/urban_flow_plates/da1352ab6054a2e4_patente.jpg,INTIGR8,1.0
1924,M20CPR,1932-01-01,00:00,116.0,60,AV SIEMPRE VIVA,R01,ERROR,56.0,53.0,,,
1927,M20CPR,1932-01-01,09:20,155.0,80,AV LIBERTADOR,,IMPAGA,75.0,71.0,,,
1934,WU08YWC,2022-06-01,15:10,159.0,80,AV LIBERTADOR,R02,ERROR,79.0,75.0,,,
1935,T0YDR,1932-01-01,00:00,102.0,60,AV SIEMPRE VIVA,,PAGADA,42.0,39.0,/content/tp-herramientas-de-softw/urban_flow/data/raw/imgs/urban_flow_plates/4cb48c8bf41b70a4_patente.jpg,TBYDR,0.8
1936,GOOGLE,2021-08-20,09:20,129.0,80,AV LIBERTADOR,R02,IMPAGA,49.0,45.0,/content/tp-herramientas-de-softw/urban_flow/data/raw/imgs/urban_flow_plates/593e594137f374ab.jpg,GOOGLE,1.0
1939,BB8986,1932-01-01,19:21,101.0,60,RUTA 9,,ERROR,41.0,38.0,/content/tp-herramientas-de-softw/urban_flow/data/raw/imgs/urban_flow_plates/7cbc7ee444622a66_patente.jpg,BB8986,1.0
1943,DK414N,1932-01-01,00:00,100.0,40,AV SIEMPRE VIVA,R03,PAGADA,60.0,58.0,/content/tp-herramientas-de-softw/urban_flow/data/raw/imgs/urban_flow_plates/2a3e44107826e876_patente.jpg,DK414N,1.0
1944,WU08YWC,1932-01-01,09:20,77.0,40,AV SIEMPRE VIVA,,ERROR,37.0,35.0,,,
1947,RFH373,2023-05-21,19:22,74.0,60,AV SIEMPRE VIVA,R03,IMPAGA,14.0,11.0,,,
1948,CT5B876,1932-01-01,19:22,155.0,80,RUTA 9,R01,APELADA,75.0,71.0,/content/tp-herramientas-de-softw/urban_flow/data/raw/imgs/urban_flow_plates/39c193bcc0c00f9e_patente.jpg,C75B876,0.8571
1951,41RSTZ,1932-01-01,19:22,116.0,40,RUTA 9,R01,ERROR,76.0,74.0,/content/tp-herramientas-de-softw/urban_flow/data/raw/imgs/urban_flow_plates/86c92b0402fec141_patente.jpg,41RSTZ,1.0
1953,FVIOUHP,1932-01-01,09:20,115.0,60,AV SIEMPRE VIVA,R03,IMPAGA,55.0,52.0,/content/tp-herramientas-de-softw/urban_flow/data/raw/imgs/urban_flow_plates/28e26a4eb646c67a_patente.jpg,FVIDUHP,0.8571
1954,AWS167,1932-01-01,15:11,150.0,80,RUTA 9,R03,ERROR,70.0,66.0,,,
1955,0695DVH,2021-12-05,19:23,139.0,60,AV LIBERTADOR,R01,PAGADA,79.0,76.0,/content/tp-herramientas-de-softw/urban_flow/data/raw/imgs/urban_flow_plates/12b7ea40074d3b20.jpg,0695DVH,1.0
1956,VY90540,1932-01-01,00:00,46.0,40,RUTA 9,R02,ERROR,6.0,4.0,/content/tp-herramientas-de-softw/urban_flow/data/raw/imgs/urban_flow_plates/288a95c01e43cd14_patente.jpg,VY90540,1.0
1958,GCP332,2021-06-07,00:00,124.0,80,AV LIBERTADOR,R01,APELADA,44.0,40.0,/content/tp-herramientas-de-softw/urban_flow/data/raw/imgs/urban_flow_plates/d648b2ae1abc09f3_patente.jpg,GCP332,1.0
1968,OUTSTDN,1932-01-01,00:00,117.0,80,AV LIBERTADOR,R03,ERROR,37.0,33.0,/content/tp-herramientas-de-softw/urban_flow/data/raw/imgs/urban_flow_plates/1ca1155083156d72_patente.jpg,OUTSTDN,1.0
1970,VY90540,1932-01-01,09:21,116.0,60,RUTA 9,R02,PAGADA,56.0,53.0,/content/tp-herramientas-de-softw/urban_flow/data/raw/imgs/urban_flow_plates/288a95c01e43cd14_patente.jpg,VY90540,1.0
1977,409,1932-01-01,00:00,87.0,40,AV LIBERTADOR,R03,ERROR,47.0,45.0,/content/tp-herramientas-de-softw/urban_flow/data/raw/imgs/urban_flow_plates/7bcf6b4ec09f1ea7_patente.jpg,409,1.0
1979,HAMSTUR,1932-01-01,00:00,107.0,40,RUTA 9,R02,APELADA,67.0,65.0,/content/tp-herramientas-de-softw/urban_flow/data/raw/imgs/urban_flow_plates/a929dc75c20da7d8_patente.jpg,HAMSTUR,1.0
1981,GN64OTP,2021-05-03,00:00,107.0,40,AV LIBERTADOR,R01,PAGADA,67.0,65.0,,,
1984,AWS167,1932-01-01,15:11,78.0,40,AV LIBERTADOR,R03,APELADA,38.0,36.0,,,
1985,M431ZW,1932-01-01,19:25,137.0,80,AV SIEMPRE VIVA,R01,ERROR,57.0,53.0,/content/tp-herramientas-de-softw/urban_flow/data/raw/imgs/urban_flow_plates/299f0363ae21d1c3_patente.jpg,M431ZM,0.8333
1989,W326AVE,1932-01-01,15:12,109.0,40,AV LIBERTADOR,R03,APELADA,69.0,67.0,/content/tp-herramientas-de-softw/urban_flow/data/raw/imgs/urban_flow_plates/6c144e47161867c2_patente.jpg,W326AVE,1.0
1990,BB8986,1932-01-01,00:00,121.0,80,AV SIEMPRE VIVA,,ERROR,41.0,37.0,/content/tp-herramientas-de-softw/urban_flow/data/raw/imgs/urban_flow_plates/7cbc7ee444622a66_patente.jpg,BB8986,1.0
1999,XIIUME,1932-01-01,00:00,131.0,80,AV LIBERTADOR,R02,ERROR,51.0,47.0,/content/tp-herramientas-de-softw/urban_flow/data/raw/imgs/urban_flow_plates/64de505bd2bac82b_patente.jpg,XIIUME,1.0
2000,CT5B876,1932-01-01,19:25,86.0,40,RUTA 9,R01,APELADA,46.0,44.0,/content/tp-herramientas-de-softw/urban_flow/data/raw/imgs/urban_flow_plates/39c193bcc0c00f9e_patente.jpg,C75B876,0.8571
2002,HF3461,1932-01-01,00:00,100.0,80,RUTA 9,R01,APELADA,20.0,16.0,/content/tp-herramientas-de-softw/urban_flow/data/raw/imgs/urban_flow_plates/a6e3b0b73220cd32_patente.jpg,HF3461,1.0
2003,0695DVH,1932-01-01,19:26,154.0,80,RUTA 9,R01,APELADA,74.0,70.0,/content/tp-herramientas-de-softw/urban_flow/data/raw/imgs/urban_flow_plates/12b7ea40074d3b20.jpg,0695DVH,1.0
2005,810TCH,1932-01-01,09:22,64.0,40,AV SIEMPRE VIVA,R01,APELADA,24.0,22.0,/content/tp-herramientas-de-softw/urban_flow/data/raw/imgs/urban_flow_plates/53ad98b12752ad16_patente.jpg,810TCH,1.0
2007,8B90638,1932-01-01,15:12,84.0,60,RUTA 9,R01,ERROR,24.0,21.0,/content/tp-herramientas-de-softw/urban_flow/data/raw/imgs/urban_flow_plates/6a0ef049e5ec4b16_patente.jpg,8B90638,1.0
2008,W326AVE,1932-01-01,15:13,93.0,60,AV LIBERTADOR,R02,APELADA,33.0,30.0,/content/tp-herramientas-de-softw/urban_flow/data/raw/imgs/urban_flow_plates/6c144e47161867c2_patente.jpg,W326AVE,1.0
2009,3646HBH,1932-01-01,00:00,120.0,60,AV SIEMPRE VIVA,R02,IMPAGA,60.0,57.0,/content/tp-herramientas-de-softw/urban_flow/data/raw/imgs/urban_flow_plates/d3729058c6a4186e_patente.jpg,3646HBH,1.0
2010,831MDB,1932-01-01,00:00,75.0,40,RUTA 9,R03,APELADA,35.0,33.0,,,
2011,990XYK,2020-07-18,09:22,118.0,80,RUTA 9,R03,IMPAGA,38.0,34.0,/content/tp-herramientas-de-softw/urban_flow/data/raw/imgs/urban_flow_plates/11f80fda2c38011c.jpg,990XWK,0.8333
2012,NHZ1002,1932-01-01,19:26,128.0,80,RUTA 9,R01,IMPAGA,48.0,44.0,/content/tp-herramientas-de-softw/urban_flow/data/raw/imgs/urban_flow_plates/1071b237587a698b_patente.qoi,NHZ1002,1.0
2014,AWS167,1932-01-01,15:13,159.0,80,AV LIBERTADOR,R01,IMPAGA,79.0,75.0,,,
2017,M431ZW,2023-09-19,00:00,122.0,80,RUTA 9,R03,ERROR,42.0,38.0,/content/tp-herramientas-de-softw/urban_flow/data/raw/imgs/urban_flow_plates/299f0363ae21d1c3_patente.jpg,M431ZM,0.8333
2019,UM96201,1932-01-01,09:22,112.0,40,AV SIEMPRE VIVA,R02,APELADA,72.0,70.0,/content/tp-herramientas-de-softw/urban_flow/data/raw/imgs/urban_flow_plates/09453a7c716a9ef3_patente.jpg,UM96201,1.0
2020,9999868,1932-01-01,19:27,89.0,40,AV LIBERTADOR,,ERROR,49.0,47.0,,,
2021,AWS167,1932-01-01,19:27,51.0,40,AV SIEMPRE VIVA,R01,PAGADA,11.0,9.0,,,
2022,810TCH,1932-01-01,00:00,81.0,60,AV LIBERTADOR,R02,IMPAGA,21.0,18.0,/content/tp-herramientas-de-softw/urban_flow/data/raw/imgs/urban_flow_plates/53ad98b12752ad16_patente.jpg,810TCH,1.0
2023,INTIGR8,1932-01-01,19:27,105.0,60,AV SIEMPRE VIVA,R02,ERROR,45.0,42.0,/content/tp-herramientas-de-softw/urban_flow/data/raw/imgs/urban_flow_plates/da1352ab6054a2e4_patente.jpg,INTIGR8,1.0
2026,HK06YMX,1932-01-01,19:27,116.0,40,RUTA 9,,ERROR,76.0,74.0,/content/tp-herramientas-de-softw/urban_flow/data/raw/imgs/urban_flow_plates/9a4fe6361597f264_patente.jpg,HKO6YMX,0.8571
2029,6611172,1932-01-01,09:23,115.0,80,AV LIBERTADOR,,PAGADA,35.0,31.0,/content/tp-herramientas-de-softw/urban_flow/data/raw/imgs/urban_flow_plates/7a1f9520c7ecd5b1_patente.jpg,6611172,1.0
2032,GE1466,1932-01-01,00:00,106.0,80,AV LIBERTADOR,R03,ERROR,26.0,22.0,,,
2033,CBMUK,1932-01-01,15:13,85.0,60,AV LIBERTADOR,R01,PAGADA,25.0,22.0,,,
2036,3646HBH,2020-10-19,09:23,86.0,40,RUTA 9,R01,ERROR,46.0,44.0,/content/tp-herramientas-de-softw/urban_flow/data/raw/imgs/urban_flow_plates/d3729058c6a4186e_patente.jpg,3646HBH,1.0
2040,FD1475,1932-01-01,19:28,97.0,60,AV SIEMPRE VIVA,R01,IMPAGA,37.0,34.0,/content/tp-herramientas-de-softw/urban_flow/data/raw/imgs/urban_flow_plates/d8daed582e6cce2d_patente.jpg,FD147,0.8333
2042,XIIUME,1932-01-01,09:23,81.0,60,AV LIBERTADOR,R01,PAGADA,21.0,18.0,/content/tp-herramientas-de-softw/urban_flow/data/raw/imgs/urban_flow_plates/64de505bd2bac82b_patente.jpg,XIIUME,1.0
2044,6611172,1932-01-01,09:24,155.0,80,AV SIEMPRE VIVA,R02,IMPAGA,75.0,71.0,/content/tp-herramientas-de-softw/urban_flow/data/raw/imgs/urban_flow_plates/7a1f9520c7ecd5b1_patente.jpg,6611172,1.0
2050,0695DVH,1932-01-01,15:14,116.0,60,AV LIBERTADOR,R01,IMPAGA,56.0,53.0,/content/tp-herramientas-de-softw/urban_flow/data/raw/imgs/urban_flow_plates/12b7ea40074d3b20.jpg,0695DVH,1.0
2052,409,1932-01-01,00:00,108.0,60,AV SIEMPRE VIVA,R01,ERROR,48.0,45.0,/content/tp-herramientas-de-softw/urban_flow/data/raw/imgs/urban_flow_plates/7bcf6b4ec09f1ea7_patente.jpg,409,1.0
2055,W326AVE,1932-01-01,19:28,159.0,80,AV LIBERTADOR,R01,IMPAGA,79.0,75.0,/content/tp-herramientas-de-softw/urban_flow/data/raw/imgs/urban_flow_plates/6c144e47161867c2_patente.jpg,W326AVE,1.0
2060,VNK296GP,1932-01-01,19:29,149.0,80,RUTA 9,R02,PAGADA,69.0,65.0,,,
2061,41RSTZ,1932-01-01,00:00,44.0,40,RUTA 9,,ERROR,4.0,2.0,/content/tp-herramientas-de-softw/urban_flow/data/raw/imgs/urban_flow_plates/86c92b0402fec141_patente.jpg,41RSTZ,1.0
2065,PIW4215,1932-01-01,09:25,85.0,60,AV LIBERTADOR,R01,PAGADA,25.0,22.0,,,
2067,NAN,2021-01-12,00:00,149.0,80,AV LIBERTADOR,R01,PAGADA,69.0,65.0,/content/tp-herramientas-de-softw/urban_flow/data/raw/imgs/urban_flow_plates/b01d46f9911d558b.jpg,NAN,1.0
2074,GN64OTP,1932-01-01,19:29,95.0,80,RUTA 9,R02,ERROR,15.0,11.0,,,
2075,CT5B876,1932-01-01,19:29,103.0,80,AV LIBERTADOR,R02,PAGADA,23.0,19.0,/content/tp-herramientas-de-softw/urban_flow/data/raw/imgs/urban_flow_plates/39c193bcc0c00f9e_patente.jpg,C75B876,0.8571
2078,NHZ1002,2021-01-06,19:30,111.0,60,AV SIEMPRE VIVA,R01,IMPAGA,51.0,48.0,/content/tp-herramientas-de-softw/urban_flow/data/raw/imgs/urban_flow_plates/1071b237587a698b_patente.qoi,NHZ1002,1.0
2081,BM351,1932-01-01,00:00,96.0,60,AV LIBERTADOR,R03,APELADA,36.0,33.0,/content/tp-herramientas-de-softw/urban_flow/data/raw/imgs/urban_flow_plates/9995dfc6e0eae5a1_patente.jpg,BM351,1.0
2082,VY90540,1932-01-01,09:25,58.0,40,AV SIEMPRE VIVA,R02,ERROR,18.0,16.0,/content/tp-herramientas-de-softw/urban_flow/data/raw/imgs/urban_flow_plates/288a95c01e43cd14_patente.jpg,VY90540,1.0
2085,831MDB,2022-08-19,00:00,101.0,40,RUTA 9,,IMPAGA,61.0,59.0,,,
2088,B81JKY,1932-01-01,15:15,107.0,80,AV LIBERTADOR,R01,PAGADA,27.0,23.0,/content/tp-herramientas-de-softw/urban_flow/data/raw/imgs/urban_flow_plates/80e02a518ffe4cb2.jpg,B81JKY,1.0
2091,41RSTZ,1932-01-01,19:30,85.0,80,AV LIBERTADOR,R03,APELADA,5.0,1.0,/content/tp-herramientas-de-softw/urban_flow/data/raw/imgs/urban_flow_plates/86c92b0402fec141_patente.jpg,41RSTZ,1.0
2093,CBMUK,2022-12-31,09:26,87.0,80,AV LIBERTADOR,R01,ERROR,7.0,3.0,,,
2100,GN64OTP,1932-01-01,15:16,51.0,40,RUTA 9,R01,ERROR,11.0,9.0,,,
2102,810TCH,1932-01-01,15:16,60.0,40,AV LIBERTADOR,R01,PAGADA,20.0,18.0,/content/tp-herramientas-de-softw/urban_flow/data/raw/imgs/urban_flow_plates/53ad98b12752ad16_patente.jpg,810TCH,1.0
2107,BB8986,1932-01-01,00:00,91.0,80,RUTA 9,R02,APELADA,11.0,7.0,/content/tp-herramientas-de-softw/urban_flow/data/raw/imgs/urban_flow_plates/7cbc7ee444622a66_patente.jpg,BB8986,1.0
2108,RFH373,1932-01-01,00:00,100.0,60,RUTA 9,R01,ERROR,40.0,37.0,,,
2109,AWS167,2022-11-16,00:00,73.0,40,AV LIBERTADOR,R03,IMPAGA,33.0,31.0,,,
2110,WEFLYN,1932-01-01,09:27,116.0,60,AV LIBERTADOR,R01,IMPAGA,56.0,53.0,/content/tp-herramientas-de-softw/urban_flow/data/raw/imgs/urban_flow_plates/29f7991e696e6e3f_patente.jpg,WEFLYN,1.0
2112,HK06YMX,1932-01-01,00:00,148.0,80,AV SIEMPRE VIVA,R03,APELADA,68.0,64.0,/content/tp-herramientas-de-softw/urban_flow/data/raw/imgs/urban_flow_plates/9a4fe6361597f264_patente.jpg,HKO6YMX,0.8571
2113,BP717,1932-01-01,09:27,92.0,40,RUTA 9,,ERROR,52.0,50.0,/content/tp-herramientas-de-softw/urban_flow/data/raw/imgs/urban_flow_plates/e1120bfe48f85c1b_patente.jpg,BP717,1.0
2114,CBMUK,1932-01-01,00:00,111.0,80,AV LIBERTADOR,,PAGADA,31.0,27.0,,,
2115,GLEN1E,1932-01-01,00:00,89.0,60,AV LIBERTADOR,R02,ERROR,29.0,26.0,/content/tp-herramientas-de-softw/urban_flow/data/raw/imgs/urban_flow_plates/b9f5b9acf1777acf.jpg,GLENIE,0.8333
2118,FD1475,1932-01-01,00:00,106.0,60,AV LIBERTADOR,R01,IMPAGA,46.0,43.0,/content/tp-herramientas-de-softw/urban_flow/data/raw/imgs/urban_flow_plates/d8daed582e6cce2d_patente.jpg,FD147,0.8333
2120,2999961,2022-08-03,09:27,139.0,60,RUTA 9,R02,APELADA,79.0,76.0,/content/tp-herramientas-de-softw/urban_flow/data/raw/imgs/urban_flow_plates/5ff91ccfc6f15d04_patente.jpg,2999961,1.0
2123,J1S1,1932-01-01,19:30,44.0,40,AV SIEMPRE VIVA,R01,IMPAGA,4.0,2.0,/content/tp-herramientas-de-softw/urban_flow/data/raw/imgs/urban_flow_plates/e82f13b4a2fe69f3_patente_1.jpg,J1S1,1.0
2128,6NCE831,1932-01-01,09:27,141.0,80,AV SIEMPRE VIVA,R02,IMPAGA,61.0,57.0,/content/tp-herramientas-de-softw/urban_flow/data/raw/imgs/urban_flow_plates/0ee91c4938b6e7ee_patente.jpg,6NCE831,1.0
2130,831MDB,1932-01-01,00:00,90.0,60,RUTA 9,R01,ERROR,30.0,27.0,,,
2135,409,2021-12-15,00:00,45.0,40,RUTA 9,R02,APELADA,5.0,3.0,/content/tp-herramientas-de-softw/urban_flow/data/raw/imgs/urban_flow_plates/7bcf6b4ec09f1ea7_patente.jpg,409,1.0
2141,HK06YMX,2022-03-15,00:00,149.0,80,AV LIBERTADOR,R01,IMPAGA,69.0,65.0,/content/tp-herramientas-de-softw/urban_flow/data/raw/imgs/urban_flow_plates/9a4fe6361597f264_patente.jpg,HKO6YMX,0.8571
2146,YLO8WUE,1932-01-01,00:00,113.0,40,AV LIBERTADOR,R03,IMPAGA,73.0,71.0,,,
2147,6611172,1932-01-01,00:00,93.0,40,AV LIBERTADOR,R02,ERROR,53.0,51.0,/content/tp-herramientas-de-softw/urban_flow/data/raw/imgs/urban_flow_plates/7a1f9520c7ecd5b1_patente.jpg,6611172,1.0
2149,INTIGR8,1932-01-01,19:31,72.0,60,AV SIEMPRE VIVA,R01,PAGADA,12.0,9.0,/content/tp-herramientas-de-softw/urban_flow/data/raw/imgs/urban_flow_plates/da1352ab6054a2e4_patente.jpg,INTIGR8,1.0
2151,HAMSTUR,1932-01-01,00:00,134.0,80,RUTA 9,R02,APELADA,54.0,50.0,/content/tp-herramientas-de-softw/urban_flow/data/raw/imgs/urban_flow_plates/a929dc75c20da7d8_patente.jpg,HAMSTUR,1.0
2152,GN64OTP,1932-01-01,00:00,56.0,40,AV SIEMPRE VIVA,R01,ERROR,16.0,14.0,,,
2154,FD1475,1932-01-01,00:00,82.0,60,RUTA 9,R02,PAGADA,22.0,19.0,/content/tp-herramientas-de-softw/urban_flow/data/raw/imgs/urban_flow_plates/d8daed582e6cce2d_patente.jpg,FD147,0.8333
2156,AI7OVF,1932-01-01,09:28,113.0,80,AV LIBERTADOR,R02,ERROR,33.0,29.0,/content/tp-herramientas-de-softw/urban_flow/data/raw/imgs/urban_flow_plates/747b0f12f54703ee_patente.jpg,AI70VF,0.8333
2157,RFH373,2020-11-24,19:31,115.0,80,AV SIEMPRE VIVA,R03,ERROR,35.0,31.0,,,
2160,PIW4215,1932-01-01,00:00,136.0,60,AV LIBERTADOR,R02,APELADA,76.0,73.0,,,
2161,VY90540,1932-01-01,00:00,95.0,40,AV LIBERTADOR,R01,ERROR,55.0,53.0,/content/tp-herramientas-de-softw/urban_flow/data/raw/imgs/urban_flow_plates/288a95c01e43cd14_patente.jpg,VY90540,1.0
2167,WU341A,2020-12-12,19:32,103.0,40,AV LIBERTADOR,R02,ERROR,63.0,61.0,,,
2170,BB8986,1932-01-01,09:29,97.0,80,AV LIBERTADOR,R02,APELADA,17.0,13.0,/content/tp-herramientas-de-softw/urban_flow/data/raw/imgs/urban_flow_plates/7cbc7ee444622a66_patente.jpg,BB8986,1.0
2174,INTIGR8,1932-01-01,09:30,104.0,40,RUTA 9,R03,ERROR,64.0,62.0,/content/tp-herramientas-de-softw/urban_flow/data/raw/imgs/urban_flow_plates/da1352ab6054a2e4_patente.jpg,INTIGR8,1.0
2175,8B90638,1932-01-01,19:32,114.0,40,AV LIBERTADOR,R03,IMPAGA,74.0,72.0,/content/tp-herramientas-de-softw/urban_flow/data/raw/imgs/urban_flow_plates/6a0ef049e5ec4b16_patente.jpg,8B90638,1.0
2180,BHRP770,1932-01-01,09:30,79.0,40,AV LIBERTADOR,R03,ERROR,39.0,37.0,/content/tp-herramientas-de-softw/urban_flow/data/raw/imgs/urban_flow_plates/321ffb38656f7311_patente.jpg,BHRP770,1.0
2181,UM96201,2021-06-07,19:33,116.0,40,AV SIEMPRE VIVA,R01,ERROR,76.0,74.0,/content/tp-herramientas-de-softw/urban_flow/data/raw/imgs/urban_flow_plates/09453a7c716a9ef3_patente.jpg,UM96201,1.0
2182,990XYK,1932-01-01,19:33,123.0,80,RUTA 9,R01,IMPAGA,43.0,39.0,/content/tp-herramientas-de-softw/urban_flow/data/raw/imgs/urban_flow_plates/11f80fda2c38011c.jpg,990XWK,0.8333
2185,GOOGLE,1932-01-01,00:00,144.0,80,AV LIBERTADOR,,ERROR,64.0,60.0,/content/tp-herramientas-de-softw/urban_flow/data/raw/imgs/urban_flow_plates/593e594137f374ab.jpg,GOOGLE,1.0
2186,M431ZW,1932-01-01,15:17,115.0,40,AV LIBERTADOR,,ERROR,75.0,73.0,/content/tp-herramientas-de-softw/urban_flow/data/raw/imgs/urban_flow_plates/299f0363ae21d1c3_patente.jpg,M431ZM,0.8333
2188,XIIUME,1932-01-01,15:18,129.0,80,AV LIBERTADOR,R02,IMPAGA,49.0,45.0,/content/tp-herramientas-de-softw/urban_flow/data/raw/imgs/urban_flow_plates/64de505bd2bac82b_patente.jpg,XIIUME,1.0
2192,589222,1932-01-01,00:00,89.0,60,AV SIEMPRE VIVA,R02,PAGADA,29.0,26.0,/content/tp-herramientas-de-softw/urban_flow/data/raw/imgs/urban_flow_plates/246a0e4264a39433_patente.jpg,589222,1.0
2195,409,1932-01-01,19:34,99.0,80,RUTA 9,R01,PAGADA,19.0,15.0,/content/tp-herramientas-de-softw/urban_flow/data/raw/imgs/urban_flow_plates/7bcf6b4ec09f1ea7_patente.jpg,409,1.0
2196,6NCE831,2021-03-10,00:00,88.0,40,AV SIEMPRE VIVA,R03,ERROR,48.0,46.0,/content/tp-herramientas-de-softw/urban_flow/data/raw/imgs/urban_flow_plates/0ee91c4938b6e7ee_patente.jpg,6NCE831,1.0
2197,VTIIAHV,1932-01-01,00:00,116.0,40,RUTA 9,R01,APELADA,76.0,74.0,,,
2198,81ZFJD,2021-12-17,09:30,143.0,80,AV LIBERTADOR,R02,ERROR,63.0,59.0,/content/tp-herramientas-de-softw/urban_flow/data/raw/imgs/urban_flow_plates/02a6ef3d9bd68e91_patente.jpg,81ZFID,0.8333
2199,3646HBH,1932-01-01,00:00,145.0,80,AV LIBERTADOR,,PAGADA,65.0,61.0,/content/tp-herramientas-de-softw/urban_flow/data/raw/imgs/urban_flow_plates/d3729058c6a4186e_patente.jpg,3646HBH,1.0
2201,0695DVH,1932-01-01,00:00,112.0,80,AV LIBERTADOR,R02,IMPAGA,32.0,28.0,/content/tp-herramientas-de-softw/urban_flow/data/raw/imgs/urban_flow_plates/12b7ea40074d3b20.jpg,0695DVH,1.0
2202,MX60NZA,2021-12-18,09:30,96.0,40,RUTA 9,R02,IMPAGA,56.0,54.0,,,
2203,M20CPR,1932-01-01,15:18,133.0,80,RUTA 9,,APELADA,53.0,49.0,,,
2205,6NCE831,1932-01-01,00:00,103.0,80,AV LIBERTADOR,R02,PAGADA,23.0,19.0,/content/tp-herramientas-de-softw/urban_flow/data/raw/imgs/urban_flow_plates/0ee91c4938b6e7ee_patente.jpg,6NCE831,1.0
2206,M20CPR,1932-01-01,19:34,68.0,60,AV SIEMPRE VIVA,,ERROR,8.0,5.0,,,
2213,M431ZW,1932-01-01,00:00,108.0,80,AV LIBERTADOR,R01,IMPAGA,28.0,24.0,/content/tp-herramientas-de-softw/urban_flow/data/raw/imgs/urban_flow_plates/299f0363ae21d1c3_patente.jpg,M431ZM,0.8333
2217,BP717,1932-01-01,09:31,97.0,80,AV LIBERTADOR,R02,APELADA,17.0,13.0,/content/tp-herramientas-de-softw/urban_flow/data/raw/imgs/urban_flow_plates/e1120bfe48f85c1b_patente.jpg,BP717,1.0
2225,HF3461,1932-01-01,00:00,81.0,60,RUTA 9,R03,PAGADA,21.0,18.0,/content/tp-herramientas-de-softw/urban_flow/data/raw/imgs/urban_flow_plates/a6e3b0b73220cd32_patente.jpg,HF3461,1.0
2226,UM96201,1932-01-01,00:00,106.0,40,AV LIBERTADOR,R02,PAGADA,66.0,64.0,/content/tp-herramientas-de-softw/urban_flow/data/raw/imgs/urban_flow_plates/09453a7c716a9ef3_patente.jpg,UM96201,1.0
2230,GOOGLE,1932-01-01,09:31,115.0,40,AV SIEMPRE VIVA,,PAGADA,75.0,73.0,/content/tp-herramientas-de-softw/urban_flow/data/raw/imgs/urban_flow_plates/593e594137f374ab.jpg,GOOGLE,1.0
2236,409,1932-01-01,19:36,81.0,60,RUTA 9,R02,IMPAGA,21.0,18.0,/content/tp-herramientas-de-softw/urban_flow/data/raw/imgs/urban_flow_plates/7bcf6b4ec09f1ea7_patente.jpg,409,1.0
2237,MPX9357,2020-12-09,15:19,84.0,60,AV LIBERTADOR,R01,APELADA,24.0,21.0,/content/tp-herramientas-de-softw/urban_flow/data/raw/imgs/urban_flow_plates/182268e1f8c6525f_patente.jpg,MPX9357,1.0
2239,J1S1,1932-01-01,09:31,127.0,80,AV LIBERTADOR,R03,APELADA,47.0,43.0,/content/tp-herramientas-de-softw/urban_flow/data/raw/imgs/urban_flow_plates/e82f13b4a2fe69f3_patente_1.jpg,J1S1,1.0
2241,HAMSTUR,2020-06-14,09:32,120.0,80,AV LIBERTADOR,,IMPAGA,40.0,36.0,/content/tp-herramientas-de-softw/urban_flow/data/raw/imgs/urban_flow_plates/a929dc75c20da7d8_patente.jpg,HAMSTUR,1.0
2243,9999868,1932-01-01,00:00,75.0,60,RUTA 9,R01,PAGADA,15.0,12.0,,,
2244,RFH373,1932-01-01,19:36,44.0,40,AV SIEMPRE VIVA,,PAGADA,4.0,2.0,,,
2245,9999868,2022-09-28,00:00,91.0,40,AV LIBERTADOR,R02,IMPAGA,51.0,49.0,,,
2246,FVIOUHP,1932-01-01,00:00,110.0,60,AV SIEMPRE VIVA,,ERROR,50.0,47.0,/content/tp-herramientas-de-softw/urban_flow/data/raw/imgs/urban_flow_plates/28e26a4eb646c67a_patente.jpg,FVIDUHP,0.8571
2247,WU08YWC,1932-01-01,15:19,74.0,60,AV SIEMPRE VIVA,R03,IMPAGA,14.0,11.0,,,
2248,BM351,1932-01-01,15:19,112.0,60,RUTA 9,R03,PAGADA,52.0,49.0,/content/tp-herramientas-de-softw/urban_flow/data/raw/imgs/urban_flow_plates/9995dfc6e0eae5a1_patente.jpg,BM351,1.0
2250,INTIGR8,1932-01-01,00:00,117.0,40,AV SIEMPRE VIVA,R03,ERROR,77.0,75.0,/content/tp-herramientas-de-softw/urban_flow/data/raw/imgs/urban_flow_plates/da1352ab6054a2e4_patente.jpg,INTIGR8,1.0
2255,6EVY261,1932-01-01,00:00,99.0,80,AV LIBERTADOR,R02,APELADA,19.0,15.0,/content/tp-herramientas-de-softw/urban_flow/data/raw/imgs/urban_flow_plates/081f5a6bc61b9c48_patente.jpg,6EVY261,1.0
2260,VNK296GP,1932-01-01,00:00,126.0,60,AV LIBERTADOR,R02,PAGADA,66.0,63.0,,,
2261,6611172,1932-01-01,15:20,136.0,80,AV LIBERTADOR,R02,PAGADA,56.0,52.0,/content/tp-herramientas-de-softw/urban_flow/data/raw/imgs/urban_flow_plates/7a1f9520c7ecd5b1_patente.jpg,6611172,1.0
2263,6NCE831,1932-01-01,00:00,109.0,60,AV LIBERTADOR,R02,APELADA,49.0,46.0,/content/tp-herramientas-de-softw/urban_flow/data/raw/imgs/urban_flow_plates/0ee91c4938b6e7ee_patente.jpg,6NCE831,1.0
2267,GLEN1E,1932-01-01,15:20,109.0,80,AV SIEMPRE VIVA,R03,IMPAGA,29.0,25.0,/content/tp-herramientas-de-softw/urban_flow/data/raw/imgs/urban_flow_plates/b9f5b9acf1777acf.jpg,GLENIE,0.8333
2269,GE1466,1932-01-01,09:32,159.0,80,RUTA 9,R03,APELADA,79.0,75.0,,,
2270,HF58HXP,2022-08-16,19:37,101.0,80,AV SIEMPRE VIVA,,ERROR,21.0,17.0,/content/tp-herramientas-de-softw/urban_flow/data/raw/imgs/urban_flow_plates/9a795bbf4e94d630_patente.jpg,HF5BHXP,0.8571
2274,GE1466,1932-01-01,00:00,122.0,60,RUTA 9,R01,APELADA,62.0,59.0,,,
2276,6NCE831,1932-01-01,15:21,94.0,80,AV LIBERTADOR,R02,IMPAGA,14.0,10.0,/content/tp-herramientas-de-softw/urban_flow/data/raw/imgs/urban_flow_plates/0ee91c4938b6e7ee_patente.jpg,6NCE831,1.0
2278,MVU4688,1932-01-01,09:33,105.0,80,AV LIBERTADOR,,ERROR,25.0,21.0,/content/tp-herramientas-de-softw/urban_flow/data/raw/imgs/urban_flow_plates/3feecc5809a29627_patente.jpg,MVU4688,1.0
2279,0695DVH,1932-01-01,00:00,121.0,60,AV LIBERTADOR,R01,IMPAGA,61.0,58.0,/content/tp-herramientas-de-softw/urban_flow/data/raw/imgs/urban_flow_plates/12b7ea40074d3b20.jpg,0695DVH,1.0
2281,FD1475,1932-01-01,09:33,67.0,40,AV SIEMPRE VIVA,R03,ERROR,27.0,25.0,/content/tp-herramientas-de-softw/urban_flow/data/raw/imgs/urban_flow_plates/d8daed582e6cce2d_patente.jpg,FD147,0.8333
2286,MPX9357,1932-01-01,09:34,66.0,40,RUTA 9,,IMPAGA,26.0,24.0,/content/tp-herramientas-de-softw/urban_flow/data/raw/imgs/urban_flow_plates/182268e1f8c6525f_patente.jpg,MPX9357,1.0
2288,81ZFJD,1932-01-01,00:00,114.0,40,AV SIEMPRE VIVA,R02,IMPAGA,74.0,72.0,/content/tp-herramientas-de-softw/urban_flow/data/raw/imgs/urban_flow_plates/02a6ef3d9bd68e91_patente.jpg,81ZFID,0.8333
2289,BX55DOG,1932-01-01,00:00,91.0,60,AV LIBERTADOR,R03,ERROR,31.0,28.0,,,
2296,3646HBH,1932-01-01,00:00,116.0,60,RUTA 9,R02,PAGADA,56.0,53.0,/content/tp-herramientas-de-softw/urban_flow/data/raw/imgs/urban_flow_plates/d3729058c6a4186e_patente.jpg,3646HBH,1.0
2297,810TCH,1932-01-01,15:21,80.0,60,RUTA 9,,ERROR,20.0,17.0,/content/tp-herramientas-de-softw/urban_flow/data/raw/imgs/urban_flow_plates/53ad98b12752ad16_patente.jpg,810TCH,1.0
2302,NTHGLFT,1932-01-01,00:00,105.0,40,AV LIBERTADOR,,PAGADA,65.0,63.0,/content/tp-herramientas-de-softw/urban_flow/data/raw/imgs/urban_flow_plates/5fb888d79b551331.jpg,NTHGLFT,1.0
2303,BX55DOG,1932-01-01,00:00,156.0,80,AV SIEMPRE VIVA,R02,IMPAGA,76.0,72.0,,,
2305,589222,1932-01-01,15:22,134.0,60,AV LIBERTADOR,,APELADA,74.0,71.0,/content/tp-herramientas-de-softw/urban_flow/data/raw/imgs/urban_flow_plates/246a0e4264a39433_patente.jpg,589222,1.0
2308,MX60NZA,1932-01-01,00:00,53.0,40,AV LIBERTADOR,R01,APELADA,13.0,11.0,,,
2309,INTIGR8,1932-01-01,09:35,92.0,60,AV SIEMPRE VIVA,R03,APELADA,32.0,29.0,/content/tp-herramientas-de-softw/urban_flow/data/raw/imgs/urban_flow_plates/da1352ab6054a2e4_patente.jpg,INTIGR8,1.0
2310,M431ZW,1932-01-01,00:00,89.0,80,AV LIBERTADOR,R01,ERROR,9.0,5.0,/content/tp-herramientas-de-softw/urban_flow/data/raw/imgs/urban_flow_plates/299f0363ae21d1c3_patente.jpg,M431ZM,0.8333
2311,BP717,1932-01-01,15:22,132.0,60,AV SIEMPRE VIVA,R03,APELADA,72.0,69.0,/content/tp-herramientas-de-softw/urban_flow/data/raw/imgs/urban_flow_plates/e1120bfe48f85c1b_patente.jpg,BP717,1.0
2314,81ZFJD,1932-01-01,15:23,106.0,60,AV LIBERTADOR,R03,ERROR,46.0,43.0,/content/tp-herramientas-de-softw/urban_flow/data/raw/imgs/urban_flow_plates/02a6ef3d9bd68e91_patente.jpg,81ZFID,0.8333
2317,WEFLYN,1932-01-01,19:38,126.0,80,RUTA 9,,ERROR,46.0,42.0,/content/tp-herramientas-de-softw/urban_flow/data/raw/imgs/urban_flow_plates/29f7991e696e6e3f_patente.jpg,WEFLYN,1.0
2319,DI2LOT,1932-01-01,00:00,47.0,40,AV LIBERTADOR,,IMPAGA,7.0,5.0,,,
2320,GE1466,1932-01-01,19:38,84.0,60,AV LIBERTADOR,R02,PAGADA,24.0,21.0,,,
2323,TL03GOG,1932-01-01,19:38,126.0,80,RUTA 9,,IMPAGA,46.0,42.0,/content/tp-herramientas-de-softw/urban_flow/data/raw/imgs/urban_flow_plates/fdd963edc28bf163_patente.jpg,TL03G0G,0.8571
2325,WU08YWC,2023-06-28,09:36,103.0,40,RUTA 9,R01,PAGADA,63.0,61.0,,,
2327,PIW4215,1932-01-01,15:23,142.0,80,AV SIEMPRE VIVA,R01,ERROR,62.0,58.0,,,
2333,BM351,1932-01-01,00:00,50.0,40,AV SIEMPRE VIVA,R03,PAGADA,10.0,8.0,/content/tp-herramientas-de-softw/urban_flow/data/raw/imgs/urban_flow_plates/9995dfc6e0eae5a1_patente.jpg,BM351,1.0
2334,MX60NZA,1932-01-01,15:23,130.0,80,AV LIBERTADOR,R02,APELADA,50.0,46.0,,,
2336,NHZ1002,2023-06-18,00:00,70.0,40,AV SIEMPRE VIVA,R03,IMPAGA,30.0,28.0,/content/tp-herramientas-de-softw/urban_flow/data/raw/imgs/urban_flow_plates/1071b237587a698b_patente.qoi,NHZ1002,1.0
2338,AWS167,1932-01-01,00:00,92.0,60,AV LIBERTADOR,,IMPAGA,32.0,29.0,,,
2342,5777770,1932-01-01,00:00,126.0,80,AV LIBERTADOR,R03,IMPAGA,46.0,42.0,/content/tp-herramientas-de-softw/urban_flow/data/raw/imgs/urban_flow_plates/7f56adf4b9306ac9_patente.jpg,5777770,1.0
2344,8B90638,1932-01-01,09:37,140.0,60,RUTA 9,R03,IMPAGA,80.0,77.0,/content/tp-herramientas-de-softw/urban_flow/data/raw/imgs/urban_flow_plates/6a0ef049e5ec4b16_patente.jpg,8B90638,1.0
2345,81ZFJD,2022-08-13,19:39,69.0,40,AV SIEMPRE VIVA,,ERROR,29.0,27.0,/content/tp-herramientas-de-softw/urban_flow/data/raw/imgs/urban_flow_plates/02a6ef3d9bd68e91_patente.jpg,81ZFID,0.8333
2346,TL03GOG,1932-01-01,15:23,120.0,80,AV SIEMPRE VIVA,R02,PAGADA,40.0,36.0,/content/tp-herramientas-de-softw/urban_flow/data/raw/imgs/urban_flow_plates/fdd963edc28bf163_patente.jpg,TL03G0G,0.8571
2347,5777770,2022-11-04,00:00,129.0,60,RUTA 9,R03,PAGADA,69.0,66.0,/content/tp-herramientas-de-softw/urban_flow/data/raw/imgs/urban_flow_plates/7f56adf4b9306ac9_patente.jpg,5777770,1.0
2348,M20CPR,1932-01-01,15:24,125.0,60,AV LIBERTADOR,R03,IMPAGA,65.0,62.0,,,
2349,RFH373,1932-01-01,09:37,130.0,60,RUTA 9,,ERROR,70.0,67.0,,,
2350,FVIOUHP,2021-12-25,00:00,50.0,40,AV SIEMPRE VIVA,R01,APELADA,10.0,8.0,/content/tp-herramientas-de-softw/urban_flow/data/raw/imgs/urban_flow_plates/28e26a4eb646c67a_patente.jpg,FVIDUHP,0.8571
2351,BX55DOG,1932-01-01,15:24,74.0,40,AV LIBERTADOR,R02,IMPAGA,34.0,32.0,,,
2358,XIIUME,1932-01-01,19:40,114.0,40,RUTA 9,R01,PAGADA,74.0,72.0,/content/tp-herramientas-de-softw/urban_flow/data/raw/imgs/urban_flow_plates/64de505bd2bac82b_patente.jpg,XIIUME,1.0
2360,WU08YWC,1932-01-01,15:24,68.0,60,AV SIEMPRE VIVA,R02,ERROR,8.0,5.0,,,
2364,TL03GOG,2022-03-30,00:00,133.0,60,AV LIBERTADOR,R02,APELADA,73.0,70.0,/content/tp-herramientas-de-softw/urban_flow/data/raw/imgs/urban_flow_plates/fdd963edc28bf163_patente.jpg,TL03G0G,0.8571
2365,T0YDR,1932-01-01,00:00,121.0,60,AV SIEMPRE VIVA,R03,PAGADA,61.0,58.0,/content/tp-herramientas-de-softw/urban_flow/data/raw/imgs/urban_flow_plates/4cb48c8bf41b70a4_patente.jpg,TBYDR,0.8
2368,GE1466,1932-01-01,00:00,91.0,40,AV LIBERTADOR,,APELADA,51.0,49.0,,,
2369,691XC80,2023-04-22,19:40,107.0,60,AV SIEMPRE VIVA,R01,ERROR,47.0,44.0,/content/tp-herramientas-de-softw/urban_flow/data/raw/imgs/urban_flow_plates/5a122adbb1a776b7_patente.jpg,691XC80,1.0
2370,RFH373,1932-01-01,00:00,98.0,80,AV SIEMPRE VIVA,R02,IMPAGA,18.0,14.0,,,
2371,GN64OTP,1932-01-01,00:00,93.0,80,AV LIBERTADOR,R03,PAGADA,13.0,9.0,,,
2372,MPX9357,1932-01-01,15:25,128.0,80,RUTA 9,,PAGADA,48.0,44.0,/content/tp-herramientas-de-softw/urban_flow/data/raw/imgs/urban_flow_plates/182268e1f8c6525f_patente.jpg,MPX9357,1.0
2374,W326AVE,1932-01-01,09:37,80.0,40,RUTA 9,R03,ERROR,40.0,38.0,/content/tp-herramientas-de-softw/urban_flow/data/raw/imgs/urban_flow_plates/6c144e47161867c2_patente.jpg,W326AVE,1.0
2375,DI2LOT,1932-01-01,19:41,80.0,40,AV LIBERTADOR,,PAGADA,40.0,38.0,,,
2377,BHRP770,1932-01-01,19:41,148.0,80,AV SIEMPRE VIVA,,PAGADA,68.0,64.0,/content/tp-herramientas-de-softw/urban_flow/data/raw/imgs/urban_flow_plates/321ffb38656f7311_patente.jpg,BHRP770,1.0
2378,RFH373,1932-01-01,00:00,148.0,80,RUTA 9,R02,APELADA,68.0,64.0,,,
2381,INTIGR8,2020-06-30,00:00,97.0,40,RUTA 9,R03,PAGADA,57.0,55.0,/content/tp-herramientas-de-softw/urban_flow/data/raw/imgs/urban_flow_plates/da1352ab6054a2e4_patente.jpg,INTIGR8,1.0
2382,BP717,1932-01-01,00:00,112.0,40,AV SIEMPRE VIVA,R01,APELADA,72.0,70.0,/content/tp-herramientas-de-softw/urban_flow/data/raw/imgs/urban_flow_plates/e1120bfe48f85c1b_patente.jpg,BP717,1.0
2383,691XC80,1932-01-01,00:00,67.0,60,AV LIBERTADOR,R01,APELADA,7.0,4.0,/content/tp-herramientas-de-softw/urban_flow/data/raw/imgs/urban_flow_plates/5a122adbb1a776b7_patente.jpg,691XC80,1.0
2384,3646HBH,1932-01-01,00:00,68.0,40,AV LIBERTADOR,R01,IMPAGA,28.0,26.0,/content/tp-herramientas-de-softw/urban_flow/data/raw/imgs/urban_flow_plates/d3729058c6a4186e_patente.jpg,3646HBH,1.0
2385,GE1466,1932-01-01,00:00,89.0,80,AV SIEMPRE VIVA,,ERROR,9.0,5.0,,,
2391,AI7OVF,1932-01-01,15:25,140.0,60,RUTA 9,R02,PAGADA,80.0,77.0,/content/tp-herramientas-de-softw/urban_flow/data/raw/imgs/urban_flow_plates/747b0f12f54703ee_patente.jpg,AI70VF,0.8333
2393,BHRP770,1932-01-01,09:38,61.0,40,AV SIEMPRE VIVA,R03,IMPAGA,21.0,19.0,/content/tp-herramientas-de-softw/urban_flow/data/raw/imgs/urban_flow_plates/321ffb38656f7311_patente.jpg,BHRP770,1.0
2394,MVU4688,2020-06-21,19:42,68.0,60,AV LIBERTADOR,R03,ERROR,8.0,5.0,/content/tp-herramientas-de-softw/urban_flow/data/raw/imgs/urban_flow_plates/3feecc5809a29627_patente.jpg,MVU4688,1.0
2395,XIIUME,1932-01-01,15:25,117.0,60,RUTA 9,R02,ERROR,57.0,54.0,/content/tp-herramientas-de-softw/urban_flow/data/raw/imgs/urban_flow_plates/64de505bd2bac82b_patente.jpg,XIIUME,1.0
2396,M431ZW,1932-01-01,19:42,157.0,80,AV SIEMPRE VIVA,R01,ERROR,77.0,73.0,/content/tp-herramientas-de-softw/urban_flow/data/raw/imgs/urban_flow_plates/299f0363ae21d1c3_patente.jpg,M431ZM,0.8333
2397,M431ZW,1932-01-01,15:26,118.0,80,AV LIBERTADOR,R02,IMPAGA,38.0,34.0,/content/tp-herramientas-de-softw/urban_flow/data/raw/imgs/urban_flow_plates/299f0363ae21d1c3_patente.jpg,M431ZM,0.8333
2400,CD05601,1932-01-01,15:26,80.0,60,RUTA 9,R01,ERROR,20.0,17.0,,,
2401,WU08YWC,1932-01-01,19:42,146.0,80,RUTA 9,R02,IMPAGA,66.0,62.0,,,
2403,AWS167,1932-01-01,19:43,78.0,40,RUTA 9,R01,PAGADA,38.0,36.0,,,
2414,NHZ1002,2023-01-27,09:38,81.0,40,AV SIEMPRE VIVA,,IMPAGA,41.0,39.0,/content/tp-herramientas-de-softw/urban_flow/data/raw/imgs/urban_flow_plates/1071b237587a698b_patente.qoi,NHZ1002,1.0
2419,HK06YMX,1932-01-01,00:00,100.0,80,AV LIBERTADOR,R01,PAGADA,20.0,16.0,/content/tp-herramientas-de-softw/urban_flow/data/raw/imgs/urban_flow_plates/9a4fe6361597f264_patente.jpg,HKO6YMX,0.8571
2423,DK414N,2022-03-30,00:00,123.0,60,AV SIEMPRE VIVA,R02,PAGADA,63.0,60.0,/content/tp-herramientas-de-softw/urban_flow/data/raw/imgs/urban_flow_plates/2a3e44107826e876_patente.jpg,DK414N,1.0
2425,WU08YWC,2023-11-26,09:39,117.0,40,RUTA 9,R02,IMPAGA,77.0,75.0,,,
2428,WEFLYN,1932-01-01,00:00,98.0,40,AV LIBERTADOR,R02,PAGADA,58.0,56.0,/content/tp-herramientas-de-softw/urban_flow/data/raw/imgs/urban_flow_plates/29f7991e696e6e3f_patente.jpg,WEFLYN,1.0
2433,NTHGLFT,1932-01-01,19:45,92.0,40,AV SIEMPRE VIVA,R03,IMPAGA,52.0,50.0,/content/tp-herramientas-de-softw/urban_flow/data/raw/imgs/urban_flow_plates/5fb888d79b551331.jpg,NTHGLFT,1.0
2434,HF3461,1932-01-01,00:00,57.0,40,RUTA 9,R01,APELADA,17.0,15.0,/content/tp-herramientas-de-softw/urban_flow/data/raw/imgs/urban_flow_plates/a6e3b0b73220cd32_patente.jpg,HF3461,1.0
2436,BHRP770,1932-01-01,00:00,49.0,40,AV LIBERTADOR,R02,ERROR,9.0,7.0,/content/tp-herramientas-de-softw/urban_flow/data/raw/imgs/urban_flow_plates/321ffb38656f7311_patente.jpg,BHRP770,1.0
2437,6611172,2022-04-23,15:27,50.0,40,AV SIEMPRE VIVA,R03,IMPAGA,10.0,8.0,/content/tp-herramientas-de-softw/urban_flow/data/raw/imgs/urban_flow_plates/7a1f9520c7ecd5b1_patente.jpg,6611172,1.0
2438,GCP332,1932-01-01,09:40,96.0,60,AV LIBERTADOR,R03,ERROR,36.0,33.0,/content/tp-herramientas-de-softw/urban_flow/data/raw/imgs/urban_flow_plates/d648b2ae1abc09f3_patente.jpg,GCP332,1.0
2440,NAN,1932-01-01,00:00,69.0,60,AV LIBERTADOR,R02,IMPAGA,9.0,6.0,/content/tp-herramientas-de-softw/urban_flow/data/raw/imgs/urban_flow_plates/b01d46f9911d558b.jpg,NAN,1.0
2441,TL03GOG,1932-01-01,19:45,77.0,40,AV LIBERTADOR,R01,PAGADA,37.0,35.0,/content/tp-herramientas-de-softw/urban_flow/data/raw/imgs/urban_flow_plates/fdd963edc28bf163_patente.jpg,TL03G0G,0.8571
2442,3646HBH,1932-01-01,15:27,120.0,40,AV LIBERTADOR,,PAGADA,80.0,78.0,/content/tp-herramientas-de-softw/urban_flow/data/raw/imgs/urban_flow_plates/d3729058c6a4186e_patente.jpg,3646HBH,1.0
2444,VNK296GP,1932-01-01,09:40,130.0,80,RUTA 9,R03,PAGADA,50.0,46.0,,,
2446,990XYK,1932-01-01,09:40,102.0,80,RUTA 9,R01,APELADA,22.0,18.0,/content/tp-herramientas-de-softw/urban_flow/data/raw/imgs/urban_flow_plates/11f80fda2c38011c.jpg,990XWK,0.8333
2447,831MDB,1932-01-01,09:40,133.0,80,AV LIBERTADOR,R02,APELADA,53.0,49.0,,,
2449,CD05601,2023-06-09,00:00,67.0,60,AV LIBERTADOR,R02,ERROR,7.0,4.0,,,
2450,831MDB,1932-01-01,00:00,126.0,80,AV SIEMPRE VIVA,R02,PAGADA,46.0,42.0,,,
2455,CD05601,1932-01-01,15:28,122.0,60,AV SIEMPRE VIVA,R02,PAGADA,62.0,59.0,,,
2465,MPX9357,1932-01-01,09:42,106.0,40,AV LIBERTADOR,R01,IMPAGA,66.0,64.0,/content/tp-herramientas-de-softw/urban_flow/data/raw/imgs/urban_flow_plates/182268e1f8c6525f_patente.jpg,MPX9357,1.0
2466,MVU4688,2023-08-25,00:00,87.0,80,RUTA 9,R01,PAGADA,7.0,3.0,/content/tp-herramientas-de-softw/urban_flow/data/raw/imgs/urban_flow_plates/3feecc5809a29627_patente.jpg,MVU4688,1.0
2469,MVU4688,2022-10-13,00:00,106.0,40,RUTA 9,R03,PAGADA,66.0,64.0,/content/tp-herramientas-de-softw/urban_flow/data/raw/imgs/urban_flow_plates/3feecc5809a29627_patente.jpg,MVU4688,1.0
2471,AWS167,2023-07-23,00:00,45.0,40,AV SIEMPRE VIVA,R03,ERROR,5.0,3.0,,,
2472,GOOGLE,1932-01-01,00:00,107.0,40,AV LIBERTADOR,R02,APELADA,67.0,65.0,/content/tp-herramientas-de-softw/urban_flow/data/raw/imgs/urban_flow_plates/593e594137f374ab.jpg,GOOGLE,1.0
2476,5777770,1932-01-01,19:46,94.0,40,AV SIEMPRE VIVA,R01,APELADA,54.0,52.0,/content/tp-herramientas-de-softw/urban_flow/data/raw/imgs/urban_flow_plates/7f56adf4b9306ac9_patente.jpg,5777770,1.0
2477,GLEN1E,1932-01-01,09:42,113.0,40,AV SIEMPRE VIVA,,APELADA,73.0,71.0,/content/tp-herramientas-de-softw/urban_flow/data/raw/imgs/urban_flow_plates/b9f5b9acf1777acf.jpg,GLENIE,0.8333
2479,MX60NZA,1932-01-01,09:42,58.0,40,AV LIBERTADOR,R01,APELADA,18.0,16.0,,,
2480,BP717,1932-01-01,09:42,125.0,60,RUTA 9,R03,IMPAGA,65.0,62.0,/content/tp-herramientas-de-softw/urban_flow/data/raw/imgs/urban_flow_plates/e1120bfe48f85c1b_patente.jpg,BP717,1.0
2481,FVIOUHP,1932-01-01,00:00,85.0,40,AV SIEMPRE VIVA,,PAGADA,45.0,43.0,/content/tp-herramientas-de-softw/urban_flow/data/raw/imgs/urban_flow_plates/28e26a4eb646c67a_patente.jpg,FVIDUHP,0.8571
2483,5777770,1932-01-01,00:00,95.0,40,RUTA 9,R03,ERROR,55.0,53.0,/content/tp-herramientas-de-softw/urban_flow/data/raw/imgs/urban_flow_plates/7f56adf4b9306ac9_patente.jpg,5777770,1.0
2484,CBMUK,1932-01-01,15:28,109.0,80,AV SIEMPRE VIVA,R02,IMPAGA,29.0,25.0,,,
2485,HF58HXP,1932-01-01,15:29,86.0,60,RUTA 9,R01,ERROR,26.0,23.0,/content/tp-herramientas-de-softw/urban_flow/data/raw/imgs/urban_flow_plates/9a795bbf4e94d630_patente.jpg,HF5BHXP,0.8571
2489,GLEN1E,2020-12-23,09:43,70.0,40,RUTA 9,R03,PAGADA,30.0,28.0,/content/tp-herramientas-de-softw/urban_flow/data/raw/imgs/urban_flow_plates/b9f5b9acf1777acf.jpg,GLENIE,0.8333
2490,J1S1,2021-09-19,19:47,66.0,60,AV LIBERTADOR,,IMPAGA,6.0,3.0,/content/tp-herramientas-de-softw/urban_flow/data/raw/imgs/urban_flow_plates/e82f13b4a2fe69f3_patente_1.jpg,J1S1,1.0
2492,BB8986,1932-01-01,19:47,115.0,40,RUTA 9,R01,ERROR,75.0,73.0,/content/tp-herramientas-de-softw/urban_flow/data/raw/imgs/urban_flow_plates/7cbc7ee444622a66_patente.jpg,BB8986,1.0
2493,6EVY261,1932-01-01,00:00,107.0,40,AV LIBERTADOR,R03,APELADA,67.0,65.0,/content/tp-herramientas-de-softw/urban_flow/data/raw/imgs/urban_flow_plates/081f5a6bc61b9c48_patente.jpg,6EVY261,1.0
2500,NTHGLFT,1932-01-01,00:00,63.0,40,AV LIBERTADOR,R01,APELADA,23.0,21.0,/content/tp-herramientas-de-softw/urban_flow/data/raw/imgs/urban_flow_plates/5fb888d79b551331.jpg,NTHGLFT,1.0
2502,81ZFJD,1932-01-01,00:00,85.0,80,AV LIBERTADOR,,APELADA,5.0,1.0,/content/tp-herramientas-de-softw/urban_flow/data/raw/imgs/urban_flow_plates/02a6ef3d9bd68e91_patente.jpg,81ZFID,0.8333
2504,691XC80,2022-09-07,09:43,114.0,40,RUTA 9,R01,IMPAGA,74.0,72.0,/content/tp-herramientas-de-softw/urban_flow/data/raw/imgs/urban_flow_plates/5a122adbb1a776b7_patente.jpg,691XC80,1.0
2505,BM351,1932-01-01,09:43,132.0,80,AV SIEMPRE VIVA,,PAGADA,52.0,48.0,/content/tp-herramientas-de-softw/urban_flow/data/raw/imgs/urban_flow_plates/9995dfc6e0eae5a1_patente.jpg,BM351,1.0
2507,WEFLYN,1932-01-01,09:43,124.0,60,AV SIEMPRE VIVA,,IMPAGA,64.0,61.0,/content/tp-herramientas-de-softw/urban_flow/data/raw/imgs/urban_flow_plates/29f7991e696e6e3f_patente.jpg,WEFLYN,1.0
2509,MX60NZA,2023-12-02,00:00,106.0,40,AV LIBERTADOR,R01,IMPAGA,66.0,64.0,,,
2512,AI7OVF,1932-01-01,00:00,81.0,40,AV LIBERTADOR,R03,IMPAGA,41.0,39.0,/content/tp-herramientas-de-softw/urban_flow/data/raw/imgs/urban_flow_plates/747b0f12f54703ee_patente.jpg,AI70VF,0.8333
2516,J1S1,1932-01-01,15:29,102.0,40,AV SIEMPRE VIVA,R03,IMPAGA,62.0,60.0,/content/tp-herramientas-de-softw/urban_flow/data/raw/imgs/urban_flow_plates/e82f13b4a2fe69f3_patente_1.jpg,J1S1,1.0
2517,OUTSTDN,2023-11-19,00:00,140.0,80,AV SIEMPRE VIVA,R01,APELADA,60.0,56.0,/content/tp-herramientas-de-softw/urban_flow/data/raw/imgs/urban_flow_plates/1ca1155083156d72_patente.jpg,OUTSTDN,1.0
2518,HK06YMX,1932-01-01,15:29,49.0,40,AV SIEMPRE VIVA,R03,APELADA,9.0,7.0,/content/tp-herramientas-de-softw/urban_flow/data/raw/imgs/urban_flow_plates/9a4fe6361597f264_patente.jpg,HKO6YMX,0.8571
2520,AI7OVF,1932-01-01,09:44,112.0,40,AV SIEMPRE VIVA,R02,PAGADA,72.0,70.0,/content/tp-herramientas-de-softw/urban_flow/data/raw/imgs/urban_flow_plates/747b0f12f54703ee_patente.jpg,AI70VF,0.8333
2523,UM96201,1932-01-01,09:44,64.0,40,RUTA 9,R03,APELADA,24.0,22.0,/content/tp-herramientas-de-softw/urban_flow/data/raw/imgs/urban_flow_plates/09453a7c716a9ef3_patente.jpg,UM96201,1.0
2527,6EVY261,1932-01-01,09:44,144.0,80,AV SIEMPRE VIVA,R03,ERROR,64.0,60.0,/content/tp-herramientas-de-softw/urban_flow/data/raw/imgs/urban_flow_plates/081f5a6bc61b9c48_patente.jpg,6EVY261,1.0
2529,UW3932,1932-01-01,00:00,150.0,80,RUTA 9,,PAGADA,70.0,66.0,,,
2530,UM96201,2023-09-23,00:00,123.0,80,AV LIBERTADOR,R02,APELADA,43.0,39.0,/content/tp-herramientas-de-softw/urban_flow/data/raw/imgs/urban_flow_plates/09453a7c716a9ef3_patente.jpg,UM96201,1.0
2533,409,1932-01-01,19:48,117.0,40,AV LIBERTADOR,R02,ERROR,77.0,75.0,/content/tp-herramientas-de-softw/urban_flow/data/raw/imgs/urban_flow_plates/7bcf6b4ec09f1ea7_patente.jpg,409,1.0
2534,DK414N,2022-05-27,09:45,110.0,40,AV LIBERTADOR,R03,APELADA,70.0,68.0,/content/tp-herramientas-de-softw/urban_flow/data/raw/imgs/urban_flow_plates/2a3e44107826e876_patente.jpg,DK414N,1.0
2536,B81JKY,1932-01-01,09:45,118.0,60,AV LIBERTADOR,R02,ERROR,58.0,55.0,/content/tp-herramientas-de-softw/urban_flow/data/raw/imgs/urban_flow_plates/80e02a518ffe4cb2.jpg,B81JKY,1.0
2539,B81JKY,1932-01-01,00:00,111.0,40,AV SIEMPRE VIVA,R01,APELADA,71.0,69.0,/content/tp-herramientas-de-softw/urban_flow/data/raw/imgs/urban_flow_plates/80e02a518ffe4cb2.jpg,B81JKY,1.0
2540,AI7OVF,1932-01-01,15:30,67.0,40,AV LIBERTADOR,R03,APELADA,27.0,25.0,/content/tp-herramientas-de-softw/urban_flow/data/raw/imgs/urban_flow_plates/747b0f12f54703ee_patente.jpg,AI70VF,0.8333
2541,81ZFJD,1932-01-01,00:00,127.0,60,RUTA 9,R01,IMPAGA,67.0,64.0,/content/tp-herramientas-de-softw/urban_flow/data/raw/imgs/urban_flow_plates/02a6ef3d9bd68e91_patente.jpg,81ZFID,0.8333
2542,AWS167,1932-01-01,09:45,114.0,60,RUTA 9,R02,ERROR,54.0,51.0,,,
2543,XIIUME,1932-01-01,00:00,106.0,80,AV SIEMPRE VIVA,R01,IMPAGA,26.0,22.0,/content/tp-herramientas-de-softw/urban_flow/data/raw/imgs/urban_flow_plates/64de505bd2bac82b_patente.jpg,XIIUME,1.0
2544,WEFLYN,1932-01-01,15:30,121.0,80,AV LIBERTADOR,R02,IMPAGA,41.0,37.0,/content/tp-herramientas-de-softw/urban_flow/data/raw/imgs/urban_flow_plates/29f7991e696e6e3f_patente.jpg,WEFLYN,1.0
2546,BHRP770,1932-01-01,09:45,91.0,80,AV SIEMPRE VIVA,,IMPAGA,11.0,7.0,/content/tp-herramientas-de-softw/urban_flow/data/raw/imgs/urban_flow_plates/321ffb38656f7311_patente.jpg,BHRP770,1.0
2548,HAMSTUR,1932-01-01,19:49,84.0,60,RUTA 9,R01,PAGADA,24.0,21.0,/content/tp-herramientas-de-softw/urban_flow/data/raw/imgs/urban_flow_plates/a929dc75c20da7d8_patente.jpg,HAMSTUR,1.0
2549,BX55DOG,1932-01-01,19:49,93.0,40,AV SIEMPRE VIVA,R01,APELADA,53.0,51.0,,,
2550,WU08YWC,1932-01-01,00:00,75.0,60,AV SIEMPRE VIVA,R01,IMPAGA,15.0,12.0,,,
2554,NHZ1002,1932-01-01,00:00,72.0,40,AV LIBERTADOR,R03,PAGADA,32.0,30.0,/content/tp-herramientas-de-softw/urban_flow/data/raw/imgs/urban_flow_plates/1071b237587a698b_patente.qoi,NHZ1002,1.0
2556,CT5B876,1932-01-01,00:00,150.0,80,AV LIBERTADOR,R03,IMPAGA,70.0,66.0,/content/tp-herramientas-de-softw/urban_flow/data/raw/imgs/urban_flow_plates/39c193bcc0c00f9e_patente.jpg,C75B876,0.8571
2557,M20CPR,1932-01-01,15:31,136.0,80,AV LIBERTADOR,R01,ERROR,56.0,52.0,,,
2560,691XC80,1932-01-01,15:31,115.0,60,AV LIBERTADOR,R01,PAGADA,55.0,52.0,/content/tp-herramientas-de-softw/urban_flow/data/raw/imgs/urban_flow_plates/5a122adbb1a776b7_patente.jpg,691XC80,1.0
2561,WEFLYN,1932-01-01,19:49,101.0,40,AV LIBERTADOR,R03,IMPAGA,61.0,59.0,/content/tp-herramientas-de-softw/urban_flow/data/raw/imgs/urban_flow_plates/29f7991e696e6e3f_patente.jpg,WEFLYN,1.0
2562,81ZFJD,1932-01-01,15:31,89.0,80,RUTA 9,R01,PAGADA,9.0,5.0,/content/tp-herramientas-de-softw/urban_flow/data/raw/imgs/urban_flow_plates/02a6ef3d9bd68e91_patente.jpg,81ZFID,0.8333
2563,BHRP770,2022-02-27,09:46,118.0,40,AV SIEMPRE VIVA,R03,ERROR,78.0,76.0,/content/tp-herramientas-de-softw/urban_flow/data/raw/imgs/urban_flow_plates/321ffb38656f7311_patente.jpg,BHRP770,1.0
2565,2999961,1932-01-01,00:00,128.0,60,AV SIEMPRE VIVA,R02,ERROR,68.0,65.0,/content/tp-herramientas-de-softw/urban_flow/data/raw/imgs/urban_flow_plates/5ff91ccfc6f15d04_patente.jpg,2999961,1.0
2566,HF3461,1932-01-01,15:31,118.0,80,RUTA 9,R02,APELADA,38.0,34.0,/content/tp-herramientas-de-softw/urban_flow/data/raw/imgs/urban_flow_plates/a6e3b0b73220cd32_patente.jpg,HF3461,1.0
2567,FD1475,1932-01-01,09:46,110.0,60,AV SIEMPRE VIVA,R02,PAGADA,50.0,47.0,/content/tp-herramientas-de-softw/urban_flow/data/raw/imgs/urban_flow_plates/d8daed582e6cce2d_patente.jpg,FD147,0.8333
2568,41RSTZ,1932-01-01,00:00,105.0,60,AV LIBERTADOR,R03,ERROR,45.0,42.0,/content/tp-herramientas-de-softw/urban_flow/data/raw/imgs/urban_flow_plates/86c92b0402fec141_patente.jpg,41RSTZ,1.0
2569,BHRP770,1932-01-01,09:46,90.0,40,AV SIEMPRE VIVA,R02,PAGADA,50.0,48.0,/content/tp-herramientas-de-softw/urban_flow/data/raw/imgs/urban_flow_plates/321ffb38656f7311_patente.jpg,BHRP770,1.0
2570,NHZ1002,1932-01-01,00:00,156.0,80,AV SIEMPRE VIVA,R02,IMPAGA,76.0,72.0,/content/tp-herramientas-de-softw/urban_flow/data/raw/imgs/urban_flow_plates/1071b237587a698b_patente.qoi,NHZ1002,1.0
2573,M20CPR,1932-01-01,15:32,69.0,40,AV LIBERTADOR,R01,IMPAGA,29.0,27.0,,,
2574,INTIGR8,1932-01-01,00:00,139.0,60,AV LIBERTADOR,R01,ERROR,79.0,76.0,/content/tp-herramientas-de-softw/urban_flow/data/raw/imgs/urban_flow_plates/da1352ab6054a2e4_patente.jpg,INTIGR8,1.0
2575,CBMUK,1932-01-01,00:00,143.0,80,AV SIEMPRE VIVA,R03,ERROR,63.0,59.0,,,
2576,M20CPR,1932-01-01,00:00,115.0,80,AV LIBERTADOR,R02,ERROR,35.0,31.0,,,
2577,0695DVH,1932-01-01,19:50,86.0,60,AV LIBERTADOR,,IMPAGA,26.0,23.0,/content/tp-herramientas-de-softw/urban_flow/data/raw/imgs/urban_flow_plates/12b7ea40074d3b20.jpg,0695DVH,1.0
2578,HF58HXP,1932-01-01,00:00,134.0,60,AV LIBERTADOR,R02,APELADA,74.0,71.0,/content/tp-herramientas-de-softw/urban_flow/data/raw/imgs/urban_flow_plates/9a795bbf4e94d630_patente.jpg,HF5BHXP,0.8571
2580,RFH373,2022-07-15,19:50,102.0,40,AV LIBERTADOR,,PAGADA,62.0,60.0,,,
2583,NAN,1932-01-01,00:00,149.0,80,RUTA 9,R01,APELADA,69.0,65.0,/content/tp-herramientas-de-softw/urban_flow/data/raw/imgs/urban_flow_plates/b01d46f9911d558b.jpg,NAN,1.0
2584,6611172,1932-01-01,00:00,112.0,80,RUTA 9,R02,PAGADA,32.0,28.0,/content/tp-herramientas-de-softw/urban_flow/data/raw/imgs/urban_flow_plates/7a1f9520c7ecd5b1_patente.jpg,6611172,1.0
2586,FD1475,1932-01-01,09:47,159.0,80,RUTA 9,,ERROR,79.0,75.0,/content/tp-herramientas-de-softw/urban_flow/data/raw/imgs/urban_flow_plates/d8daed582e6cce2d_patente.jpg,FD147,0.8333
2587,9999868,1932-01-01,00:00,118.0,60,RUTA 9,R02,APELADA,58.0,55.0,,,
2590,NTHGLFT,1932-01-01,19:50,110.0,40,AV SIEMPRE VIVA,,APELADA,70.0,68.0,/content/tp-herramientas-de-softw/urban_flow/data/raw/imgs/urban_flow_plates/5fb888d79b551331.jpg,NTHGLFT,1.0
2596,BM351,1932-01-01,00:00,108.0,80,RUTA 9,R01,APELADA,28.0,24.0,/content/tp-herramientas-de-softw/urban_flow/data/raw/imgs/urban_flow_plates/9995dfc6e0eae5a1_patente.jpg,BM351,1.0
2597,6611172,2021-09-04,09:47,112.0,60,RUTA 9,,APELADA,52.0,49.0,/content/tp-herramientas-de-softw/urban_flow/data/raw/imgs/urban_flow_plates/7a1f9520c7ecd5b1_patente.jpg,6611172,1.0
2598,831MDB,2020-11-28,19:51,122.0,80,AV LIBERTADOR,R02,ERROR,42.0,38.0,,,
2600,HF3461,1932-01-01,00:00,127.0,80,RUTA 9,R03,APELADA,47.0,43.0,/content/tp-herramientas-de-softw/urban_flow/data/raw/imgs/urban_flow_plates/a6e3b0b73220cd32_patente.jpg,HF3461,1.0
2601,TL03GOG,2021-05-27,19:51,65.0,40,AV LIBERTADOR,R02,PAGADA,25.0,23.0,/content/tp-herramientas-de-softw/urban_flow/data/raw/imgs/urban_flow_plates/fdd963edc28bf163_patente.jpg,TL03G0G,0.8571
2603,9999868,1932-01-01,09:47,130.0,80,AV LIBERTADOR,R03,APELADA,50.0,46.0,,,
2607,BB8986,1932-01-01,00:00,127.0,80,AV LIBERTADOR,R03,ERROR,47.0,43.0,/content/tp-herramientas-de-softw/urban_flow/data/raw/imgs/urban_flow_plates/7cbc7ee444622a66_patente.jpg,BB8986,1.0
2608,3646HBH,2020-12-07,19:51,69.0,60,AV LIBERTADOR,R02,APELADA,9.0,6.0,/content/tp-herramientas-de-softw/urban_flow/data/raw/imgs/urban_flow_plates/d3729058c6a4186e_patente.jpg,3646HBH,1.0
2610,CBMUK,1932-01-01,00:00,88.0,60,AV LIBERTADOR,R02,APELADA,28.0,25.0,,,
2611,WEFLYN,1932-01-01,00:00,138.0,80,RUTA 9,R03,PAGADA,58.0,54.0,/content/tp-herramientas-de-softw/urban_flow/data/raw/imgs/urban_flow_plates/29f7991e696e6e3f_patente.jpg,WEFLYN,1.0
2619,81ZFJD,1932-01-01,00:00,129.0,60,AV SIEMPRE VIVA,R01,APELADA,69.0,66.0,/content/tp-herramientas-de-softw/urban_flow/data/raw/imgs/urban_flow_plates/02a6ef3d9bd68e91_patente.jpg,81ZFID,0.8333
2620,W326AVE,1932-01-01,00:00,101.0,40,AV LIBERTADOR,,IMPAGA,61.0,59.0,/content/tp-herramientas-de-softw/urban_flow/data/raw/imgs/urban_flow_plates/6c144e47161867c2_patente.jpg,W326AVE,1.0
2624,UW3932,1932-01-01,00:00,158.0,80,RUTA 9,R02,ERROR,78.0,74.0,,,
2630,9999868,1932-01-01,00:00,108.0,60,AV SIEMPRE VIVA,R01,IMPAGA,48.0,45.0,,,
2634,HF58HXP,1932-01-01,19:52,97.0,40,AV SIEMPRE VIVA,R02,PAGADA,57.0,55.0,/content/tp-herramientas-de-softw/urban_flow/data/raw/imgs/urban_flow_plates/9a795bbf4e94d630_patente.jpg,HF5BHXP,0.8571
2636,WEFLYN,1932-01-01,09:48,124.0,80,AV LIBERTADOR,R02,APELADA,44.0,40.0,/content/tp-herramientas-de-softw/urban_flow/data/raw/imgs/urban_flow_plates/29f7991e696e6e3f_patente.jpg,WEFLYN,1.0
2637,VY90540,1932-01-01,09:49,55.0,40,AV LIBERTADOR,R02,APELADA,15.0,13.0,/content/tp-herramientas-de-softw/urban_flow/data/raw/imgs/urban_flow_plates/288a95c01e43cd14_patente.jpg,VY90540,1.0
2639,5777770,2021-09-08,00:00,78.0,40,AV LIBERTADOR,R03,IMPAGA,38.0,36.0,/content/tp-herramientas-de-softw/urban_flow/data/raw/imgs/urban_flow_plates/7f56adf4b9306ac9_patente.jpg,5777770,1.0
2641,J1S1,1932-01-01,19:53,147.0,80,RUTA 9,R03,IMPAGA,67.0,63.0,/content/tp-herramientas-de-softw/urban_flow/data/raw/imgs/urban_flow_plates/e82f13b4a2fe69f3_patente_1.jpg,J1S1,1.0
2642,NAN,1932-01-01,09:49,98.0,80,RUTA 9,R02,APELADA,18.0,14.0,/content/tp-herramientas-de-softw/urban_flow/data/raw/imgs/urban_flow_plates/b01d46f9911d558b.jpg,NAN,1.0
2643,T0YDR,2020-03-18,15:33,86.0,60,AV LIBERTADOR,,IMPAGA,26.0,23.0,/content/tp-herramientas-de-softw/urban_flow/data/raw/imgs/urban_flow_plates/4cb48c8bf41b70a4_patente.jpg,TBYDR,0.8
2645,GN64OTP,1932-01-01,00:00,83.0,60,AV LIBERTADOR,,ERROR,23.0,20.0,,,
2648,M431ZW,1932-01-01,15:33,89.0,80,RUTA 9,R01,ERROR,9.0,5.0,/content/tp-herramientas-de-softw/urban_flow/data/raw/imgs/urban_flow_plates/299f0363ae21d1c3_patente.jpg,M431ZM,0.8333
2650,NTHGLFT,1932-01-01,19:53,105.0,80,AV SIEMPRE VIVA,,PAGADA,25.0,21.0,/content/tp-herramientas-de-softw/urban_flow/data/raw/imgs/urban_flow_plates/5fb888d79b551331.jpg,NTHGLFT,1.0
2652,OUTSTDN,1932-01-01,19:54,101.0,40,RUTA 9,R02,APELADA,61.0,59.0,/content/tp-herramientas-de-softw/urban_flow/data/raw/imgs/urban_flow_plates/1ca1155083156d72_patente.jpg,OUTSTDN,1.0
2655,WU08YWC,1932-01-01,00:00,112.0,80,AV SIEMPRE VIVA,R02,APELADA,32.0,28.0,,,
2656,GE1466,1932-01-01,15:34,86.0,60,RUTA 9,R01,APELADA,26.0,23.0,,,
2660,0695DVH,1932-01-01,09:50,46.0,40,RUTA 9,R03,PAGADA,6.0,4.0,/content/tp-herramientas-de-softw/urban_flow/data/raw/imgs/urban_flow_plates/12b7ea40074d3b20.jpg,0695DVH,1.0
2661,UW3932,2022-01-19,00:00,95.0,40,RUTA 9,R02,ERROR,55.0,53.0,,,
2662,NTHGLFT,1932-01-01,00:00,87.0,40,AV SIEMPRE VIVA,R01,ERROR,47.0,45.0,/content/tp-herramientas-de-softw/urban_flow/data/raw/imgs/urban_flow_plates/5fb888d79b551331.jpg,NTHGLFT,1.0
2664,0695DVH,2020-03-04,19:54,135.0,80,AV SIEMPRE VIVA,R03,PAGADA,55.0,51.0,/content/tp-herramientas-de-softw/urban_flow/data/raw/imgs/urban_flow_plates/12b7ea40074d3b20.jpg,0695DVH,1.0
2667,T0YDR,1932-01-01,19:54,144.0,80,RUTA 9,R03,APELADA,64.0,60.0,/content/tp-herramientas-de-softw/urban_flow/data/raw/imgs/urban_flow_plates/4cb48c8bf41b70a4_patente.jpg,TBYDR,0.8
2669,990XYK,1932-01-01,09:50,119.0,40,AV LIBERTADOR,R01,PAGADA,79.0,77.0,/content/tp-herramientas-de-softw/urban_flow/data/raw/imgs/urban_flow_plates/11f80fda2c38011c.jpg,990XWK,0.8333
2671,MPX9357,1932-01-01,00:00,86.0,40,AV LIBERTADOR,R03,APELADA,46.0,44.0,/content/tp-herramientas-de-softw/urban_flow/data/raw/imgs/urban_flow_plates/182268e1f8c6525f_patente.jpg,MPX9357,1.0
2672,TL03GOG,1932-01-01,00:00,46.0,40,AV LIBERTADOR,R02,PAGADA,6.0,4.0,/content/tp-herramientas-de-softw/urban_flow/data/raw/imgs/urban_flow_plates/fdd963edc28bf163_patente.jpg,TL03G0G,0.8571
2674,HF3461,1932-01-01,00:00,62.0,40,AV SIEMPRE VIVA,R03,ERROR,22.0,20.0,/content/tp-herramientas-de-softw/urban_flow/data/raw/imgs/urban_flow_plates/a6e3b0b73220cd32_patente.jpg,HF3461,1.0
2679,AI7OVF,1932-01-01,00:00,111.0,80,AV LIBERTADOR,R03,ERROR,31.0,27.0,/content/tp-herramientas-de-softw/urban_flow/data/raw/imgs/urban_flow_plates/747b0f12f54703ee_patente.jpg,AI70VF,0.8333
2681,YLO8WUE,2024-01-05,00:00,98.0,40,RUTA 9,,IMPAGA,58.0,56.0,,,
2686,VNK296GP,1932-01-01,00:00,89.0,80,RUTA 9,,APELADA,9.0,5.0,,,
2687,YLO8WUE,1932-01-01,09:50,148.0,80,RUTA 9,R03,IMPAGA,68.0,64.0,,,
2688,J1S1,1932-01-01,09:50,93.0,60,AV SIEMPRE VIVA,,IMPAGA,33.0,30.0,/content/tp-herramientas-de-softw/urban_flow/data/raw/imgs/urban_flow_plates/e82f13b4a2fe69f3_patente_1.jpg,J1S1,1.0
2689,WU341A,1932-01-01,19:56,116.0,60,AV SIEMPRE VIVA,R03,PAGADA,56.0,53.0,,,
2690,GN64OTP,1932-01-01,00:00,138.0,80,RUTA 9,R03,PAGADA,58.0,54.0,,,
2694,CBMUK,2021-02-17,15:34,110.0,60,AV SIEMPRE VIVA,,APELADA,50.0,47.0,,,
2697,VY90540,1932-01-01,09:51,74.0,60,AV SIEMPRE VIVA,R02,APELADA,14.0,11.0,/content/tp-herramientas-de-softw/urban_flow/data/raw/imgs/urban_flow_plates/288a95c01e43cd14_patente.jpg,VY90540,1.0
2700,8B90638,2021-06-23,09:51,127.0,80,RUTA 9,,IMPAGA,47.0,43.0,/content/tp-herramientas-de-softw/urban_flow/data/raw/imgs/urban_flow_plates/6a0ef049e5ec4b16_patente.jpg,8B90638,1.0
2705,W326AVE,1932-01-01,15:35,122.0,80,AV LIBERTADOR,R02,ERROR,42.0,38.0,/content/tp-herramientas-de-softw/urban_flow/data/raw/imgs/urban_flow_plates/6c144e47161867c2_patente.jpg,W326AVE,1.0
2706,691XC80,1932-01-01,09:51,121.0,80,AV LIBERTADOR,R02,APELADA,41.0,37.0,/content/tp-herramientas-de-softw/urban_flow/data/raw/imgs/urban_flow_plates/5a122adbb1a776b7_patente.jpg,691XC80,1.0
2708,DK414N,1932-01-01,00:00,138.0,60,RUTA 9,R02,ERROR,78.0,75.0,/content/tp-herramientas-de-softw/urban_flow/data/raw/imgs/urban_flow_plates/2a3e44107826e876_patente.jpg,DK414N,1.0
2713,NHZ1002,1932-01-01,00:00,128.0,60,AV LIBERTADOR,R03,PAGADA,68.0,65.0,/content/tp-herramientas-de-softw/urban_flow/data/raw/imgs/urban_flow_plates/1071b237587a698b_patente.qoi,NHZ1002,1.0
2714,MPX9357,2023-09-01,09:52,79.0,40,AV LIBERTADOR,R01,ERROR,39.0,37.0,/content/tp-herramientas-de-softw/urban_flow/data/raw/imgs/urban_flow_plates/182268e1f8c6525f_patente.jpg,MPX9357,1.0
2716,HF3461,1932-01-01,19:57,142.0,80,AV LIBERTADOR,R03,ERROR,62.0,58.0,/content/tp-herramientas-de-softw/urban_flow/data/raw/imgs/urban_flow_plates/a6e3b0b73220cd32_patente.jpg,HF3461,1.0
2724,FD1475,1932-01-01,00:00,59.0,40,RUTA 9,R03,IMPAGA,19.0,17.0,/content/tp-herramientas-de-softw/urban_flow/data/raw/imgs/urban_flow_plates/d8daed582e6cce2d_patente.jpg,FD147,0.8333
2725,CD05601,1932-01-01,00:00,104.0,60,AV LIBERTADOR,R01,IMPAGA,44.0,41.0,,,
2726,GOOGLE,1932-01-01,15:35,145.0,80,AV LIBERTADOR,,APELADA,65.0,61.0,/content/tp-herramientas-de-softw/urban_flow/data/raw/imgs/urban_flow_plates/593e594137f374ab.jpg,GOOGLE,1.0
2729,UM96201,1932-01-01,00:00,102.0,40,RUTA 9,,IMPAGA,62.0,60.0,/content/tp-herramientas-de-softw/urban_flow/data/raw/imgs/urban_flow_plates/09453a7c716a9ef3_patente.jpg,UM96201,1.0
2730,WU08YWC,2020-12-15,00:00,118.0,80,AV SIEMPRE VIVA,R02,ERROR,38.0,34.0,,,
2733,BM351,1932-01-01,09:53,80.0,40,AV LIBERTADOR,R02,PAGADA,40.0,38.0,/content/tp-herramientas-de-softw/urban_flow/data/raw/imgs/urban_flow_plates/9995dfc6e0eae5a1_patente.jpg,BM351,1.0
2734,OUTSTDN,2022-06-18,00:00,88.0,60,AV LIBERTADOR,R02,APELADA,28.0,25.0,/content/tp-herramientas-de-softw/urban_flow/data/raw/imgs/urban_flow_plates/1ca1155083156d72_patente.jpg,OUTSTDN,1.0
2737,VTIIAHV,1932-01-01,00:00,141.0,80,AV LIBERTADOR,R02,ERROR,61.0,57.0,,,
2738,HK06YMX,1932-01-01,15:36,119.0,40,RUTA 9,R03,APELADA,79.0,77.0,/content/tp-herramientas-de-softw/urban_flow/data/raw/imgs/urban_flow_plates/9a4fe6361597f264_patente.jpg,HKO6YMX,0.8571
2740,AI7OVF,1932-01-01,15:36,133.0,60,AV LIBERTADOR,,ERROR,73.0,70.0,/content/tp-herramientas-de-softw/urban_flow/data/raw/imgs/urban_flow_plates/747b0f12f54703ee_patente.jpg,AI70VF,0.8333
2742,AWS167,1932-01-01,15:36,105.0,80,AV LIBERTADOR,,ERROR,25.0,21.0,,,
2743,J1S1,1932-01-01,15:37,108.0,40,AV LIBERTADOR,,ERROR,68.0,66.0,/content/tp-herramientas-de-softw/urban_flow/data/raw/imgs/urban_flow_plates/e82f13b4a2fe69f3_patente_1.jpg,J1S1,1.0
2744,INTIGR8,1932-01-01,00:00,96.0,40,AV LIBERTADOR,,IMPAGA,56.0,54.0,/content/tp-herramientas-de-softw/urban_flow/data/raw/imgs/urban_flow_plates/da1352ab6054a2e4_patente.jpg,INTIGR8,1.0
2745,3646HBH,1932-01-01,00:00,77.0,40,AV SIEMPRE VIVA,R03,APELADA,37.0,35.0,/content/tp-herramientas-de-softw/urban_flow/data/raw/imgs/urban_flow_plates/d3729058c6a4186e_patente.jpg,3646HBH,1.0
2749,DK414N,1932-01-01,00:00,65.0,40,RUTA 9,R03,APELADA,25.0,23.0,/content/tp-herramientas-de-softw/urban_flow/data/raw/imgs/urban_flow_plates/2a3e44107826e876_patente.jpg,DK414N,1.0
2750,M431ZW,2021-02-06,00:00,75.0,60,AV SIEMPRE VIVA,,IMPAGA,15.0,12.0,/content/tp-herramientas-de-softw/urban_flow/data/raw/imgs/urban_flow_plates/299f0363ae21d1c3_patente.jpg,M431ZM,0.8333
2753,HF58HXP,2021-07-27,15:37,103.0,40,RUTA 9,,ERROR,63.0,61.0,/content/tp-herramientas-de-softw/urban_flow/data/raw/imgs/urban_flow_plates/9a795bbf4e94d630_patente.jpg,HF5BHXP,0.8571
2754,WU341A,1932-01-01,00:00,80.0,40,AV LIBERTADOR,,APELADA,40.0,38.0,,,
2755,UM96201,2020-04-20,09:54,67.0,40,AV LIBERTADOR,R02,IMPAGA,27.0,25.0,/content/tp-herramientas-de-softw/urban_flow/data/raw/imgs/urban_flow_plates/09453a7c716a9ef3_patente.jpg,UM96201,1.0
2756,BB8986,1932-01-01,15:37,104.0,40,AV LIBERTADOR,R03,PAGADA,64.0,62.0,/content/tp-herramientas-de-softw/urban_flow/data/raw/imgs/urban_flow_plates/7cbc7ee444622a66_patente.jpg,BB8986,1.0
2757,FVIOUHP,1932-01-01,15:37,109.0,40,AV LIBERTADOR,R02,APELADA,69.0,67.0,/content/tp-herramientas-de-softw/urban_flow/data/raw/imgs/urban_flow_plates/28e26a4eb646c67a_patente.jpg,FVIDUHP,0.8571
2760,BB8986,1932-01-01,00:00,66.0,40,RUTA 9,,IMPAGA,26.0,24.0,/content/tp-herramientas-de-softw/urban_flow/data/raw/imgs/urban_flow_plates/7cbc7ee444622a66_patente.jpg,BB8986,1.0
2761,GLEN1E,1932-01-01,19:58,105.0,40,RUTA 9,R03,IMPAGA,65.0,63.0,/content/tp-herramientas-de-softw/urban_flow/data/raw/imgs/urban_flow_plates/b9f5b9acf1777acf.jpg,GLENIE,0.8333
2764,BP717,1932-01-01,00:00,103.0,60,AV LIBERTADOR,R03,IMPAGA,43.0,40.0,/content/tp-herramientas-de-softw/urban_flow/data/raw/imgs/urban_flow_plates/e1120bfe48f85c1b_patente.jpg,BP717,1.0
2765,589222,1932-01-01,15:38,112.0,80,RUTA 9,R01,IMPAGA,32.0,28.0,/content/tp-herramientas-de-softw/urban_flow/data/raw/imgs/urban_flow_plates/246a0e4264a39433_patente.jpg,589222,1.0
2766,HAMSTUR,1932-01-01,15:38,57.0,40,AV SIEMPRE VIVA,R02,ERROR,17.0,15.0,/content/tp-herramientas-de-softw/urban_flow/data/raw/imgs/urban_flow_plates/a929dc75c20da7d8_patente.jpg,HAMSTUR,1.0
2769,HF3461,1932-01-01,00:00,102.0,80,AV LIBERTADOR,R03,IMPAGA,22.0,18.0,/content/tp-herramientas-de-softw/urban_flow/data/raw/imgs/urban_flow_plates/a6e3b0b73220cd32_patente.jpg,HF3461,1.0
2774,WEFLYN,1932-01-01,00:00,102.0,40,AV SIEMPRE VIVA,,IMPAGA,62.0,60.0,/content/tp-herramientas-de-softw/urban_flow/data/raw/imgs/urban_flow_plates/29f7991e696e6e3f_patente.jpg,WEFLYN,1.0
2778,6NCE831,1932-01-01,00:00,128.0,60,AV LIBERTADOR,R03,APELADA,68.0,65.0,/content/tp-herramientas-de-softw/urban_flow/data/raw/imgs/urban_flow_plates/0ee91c4938b6e7ee_patente.jpg,6NCE831,1.0
2782,BB8986,1932-01-01,19:59,78.0,60,AV LIBERTADOR,,ERROR,18.0,15.0,/content/tp-herramientas-de-softw/urban_flow/data/raw/imgs/urban_flow_plates/7cbc7ee444622a66_patente.jpg,BB8986,1.0
2783,CD05601,1932-01-01,15:38,156.0,80,AV LIBERTADOR,R02,ERROR,76.0,72.0,,,
2785,J1S1,1932-01-01,15:38,86.0,60,AV LIBERTADOR,,PAGADA,26.0,23.0,/content/tp-herramientas-de-softw/urban_flow/data/raw/imgs/urban_flow_plates/e82f13b4a2fe69f3_patente_1.jpg,J1S1,1.0
2786,UM96201,1932-01-01,09:54,99.0,40,AV LIBERTADOR,R03,APELADA,59.0,57.0,/content/tp-herramientas-de-softw/urban_flow/data/raw/imgs/urban_flow_plates/09453a7c716a9ef3_patente.jpg,UM96201,1.0
2788,GE1466,1932-01-01,09:55,52.0,40,AV LIBERTADOR,R02,ERROR,12.0,10.0,,,
2789,CBMUK,1932-01-01,00:00,144.0,80,AV LIBERTADOR,R01,APELADA,64.0,60.0,,,
2790,CT5B876,2023-10-26,19:59,116.0,60,AV SIEMPRE VIVA,R02,ERROR,56.0,53.0,/content/tp-herramientas-de-softw/urban_flow/data/raw/imgs/urban_flow_plates/39c193bcc0c00f9e_patente.jpg,C75B876,0.8571
2791,8B90638,1932-01-01,19:59,125.0,60,AV LIBERTADOR,R01,PAGADA,65.0,62.0,/content/tp-herramientas-de-softw/urban_flow/data/raw/imgs/urban_flow_plates/6a0ef049e5ec4b16_patente.jpg,8B90638,1.0
2796,MPX9357,2020-10-21,15:39,116.0,60,AV LIBERTADOR,R03,PAGADA,56.0,53.0,/content/tp-herramientas-de-softw/urban_flow/data/raw/imgs/urban_flow_plates/182268e1f8c6525f_patente.jpg,MPX9357,1.0
2797,BP717,1932-01-01,15:39,92.0,40,AV SIEMPRE VIVA,,IMPAGA,52.0,50.0,/content/tp-herramientas-de-softw/urban_flow/data/raw/imgs/urban_flow_plates/e1120bfe48f85c1b_patente.jpg,BP717,1.0
2798,OUTSTDN,1932-01-01,00:00,122.0,60,AV SIEMPRE VIVA,R01,PAGADA,62.0,59.0,/content/tp-herramientas-de-softw/urban_flow/data/raw/imgs/urban_flow_plates/1ca1155083156d72_patente.jpg,OUTSTDN,1.0
2806,GOOGLE,1932-01-01,09:55,104.0,40,AV LIBERTADOR,,PAGADA,64.0,62.0,/content/tp-herramientas-de-softw/urban_flow/data/raw/imgs/urban_flow_plates/593e594137f374ab.jpg,GOOGLE,1.0
2810,41RSTZ,1932-01-01,09:55,60.0,40,AV SIEMPRE VIVA,,ERROR,20.0,18.0,/content/tp-herramientas-de-softw/urban_flow/data/raw/imgs/urban_flow_plates/86c92b0402fec141_patente.jpg,41RSTZ,1.0
2811,DI2LOT,1932-01-01,09:56,86.0,80,RUTA 9,R01,IMPAGA,6.0,2.0,,,
2814,WEFLYN,1932-01-01,15:39,97.0,80,AV SIEMPRE VIVA,R01,ERROR,17.0,13.0,/content/tp-herramientas-de-softw/urban_flow/data/raw/imgs/urban_flow_plates/29f7991e696e6e3f_patente.jpg,WEFLYN,1.0
2817,WU341A,1932-01-01,09:56,112.0,40,AV SIEMPRE VIVA,,IMPAGA,72.0,70.0,,,
2820,XIIUME,2020-12-10,20:01,67.0,40,RUTA 9,R02,APELADA,27.0,25.0,/content/tp-herramientas-de-softw/urban_flow/data/raw/imgs/urban_flow_plates/64de505bd2bac82b_patente.jpg,XIIUME,1.0
2821,BB8986,1932-01-01,00:00,62.0,40,AV LIBERTADOR,R02,IMPAGA,22.0,20.0,/content/tp-herramientas-de-softw/urban_flow/data/raw/imgs/urban_flow_plates/7cbc7ee444622a66_patente.jpg,BB8986,1.0
2824,B81JKY,2021-09-23,15:40,142.0,80,RUTA 9,R03,PAGADA,62.0,58.0,/content/tp-herramientas-de-softw/urban_flow/data/raw/imgs/urban_flow_plates/80e02a518ffe4cb2.jpg,B81JKY,1.0
2825,81ZFJD,1932-01-01,00:00,62.0,40,AV LIBERTADOR,,IMPAGA,22.0,20.0,/content/tp-herramientas-de-softw/urban_flow/data/raw/imgs/urban_flow_plates/02a6ef3d9bd68e91_patente.jpg,81ZFID,0.8333
2826,W326AVE,2024-01-06,00:00,138.0,80,AV SIEMPRE VIVA,,PAGADA,58.0,54.0,/content/tp-herramientas-de-softw/urban_flow/data/raw/imgs/urban_flow_plates/6c144e47161867c2_patente.jpg,W326AVE,1.0
2827,5777770,1932-01-01,00:00,146.0,80,AV SIEMPRE VIVA,,PAGADA,66.0,62.0,/content/tp-herramientas-de-softw/urban_flow/data/raw/imgs/urban_flow_plates/7f56adf4b9306ac9_patente.jpg,5777770,1.0
2828,NHZ1002,1932-01-01,15:40,116.0,60,RUTA 9,,APELADA,56.0,53.0,/content/tp-herramientas-de-softw/urban_flow/data/raw/imgs/urban_flow_plates/1071b237587a698b_patente.qoi,NHZ1002,1.0
2831,GLEN1E,1932-01-01,09:57,118.0,40,AV LIBERTADOR,R01,ERROR,78.0,76.0,/content/tp-herramientas-de-softw/urban_flow/data/raw/imgs/urban_flow_plates/b9f5b9acf1777acf.jpg,GLENIE,0.8333
2837,W326AVE,1932-01-01,00:00,151.0,80,AV LIBERTADOR,R01,PAGADA,71.0,67.0,/content/tp-herramientas-de-softw/urban_flow/data/raw/imgs/urban_flow_plates/6c144e47161867c2_patente.jpg,W326AVE,1.0
2839,YLO8WUE,2022-11-20,20:01,88.0,40,RUTA 9,,PAGADA,48.0,46.0,,,
2845,831MDB,1932-01-01,09:58,154.0,80,AV LIBERTADOR,R01,IMPAGA,74.0,70.0,,,
2847,RFH373,2022-08-15,09:58,145.0,80,AV SIEMPRE VIVA,,ERROR,65.0,61.0,,,
2848,VNK296GP,1932-01-01,15:40,125.0,60,AV LIBERTADOR,R01,IMPAGA,65.0,62.0,,,
2853,MVU4688,1932-01-01,00:00,109.0,40,AV SIEMPRE VIVA,R02,PAGADA,69.0,67.0,/content/tp-herramientas-de-softw/urban_flow/data/raw/imgs/urban_flow_plates/3feecc5809a29627_patente.jpg,MVU4688,1.0
2854,UM96201,1932-01-01,00:00,129.0,80,AV SIEMPRE VIVA,R01,PAGADA,49.0,45.0,/content/tp-herramientas-de-softw/urban_flow/data/raw/imgs/urban_flow_plates/09453a7c716a9ef3_patente.jpg,UM96201,1.0
2855,990XYK,1932-01-01,00:00,110.0,60,RUTA 9,R03,IMPAGA,50.0,47.0,/content/tp-herramientas-de-softw/urban_flow/data/raw/imgs/urban_flow_plates/11f80fda2c38011c.jpg,990XWK,0.8333
2857,UW3932,1932-01-01,20:02,130.0,60,AV LIBERTADOR,R01,ERROR,70.0,67.0,,,
2858,CBMUK,1932-01-01,00:00,128.0,80,RUTA 9,R03,ERROR,48.0,44.0,,,
2862,MX60NZA,1932-01-01,09:59,141.0,80,RUTA 9,R01,PAGADA,61.0,57.0,,,
2863,XIIUME,1932-01-01,00:00,123.0,80,AV SIEMPRE VIVA,R01,APELADA,43.0,39.0,/content/tp-herramientas-de-softw/urban_flow/data/raw/imgs/urban_flow_plates/64de505bd2bac82b_patente.jpg,XIIUME,1.0
2868,PIW4215,1932-01-01,09:59,112.0,60,RUTA 9,R01,IMPAGA,52.0,49.0,,,
2870,XIIUME,2020-05-02,00:00,134.0,80,AV LIBERTADOR,R01,IMPAGA,54.0,50.0,/content/tp-herramientas-de-softw/urban_flow/data/raw/imgs/urban_flow_plates/64de505bd2bac82b_patente.jpg,XIIUME,1.0
2871,GE1466,1932-01-01,20:02,76.0,40,AV LIBERTADOR,R02,ERROR,36.0,34.0,,,
2873,M431ZW,1932-01-01,00:00,59.0,40,AV SIEMPRE VIVA,,ERROR,19.0,17.0,/content/tp-herramientas-de-softw/urban_flow/data/raw/imgs/urban_flow_plates/299f0363ae21d1c3_patente.jpg,M431ZM,0.8333
2877,WU08YWC,1932-01-01,00:00,118.0,80,AV SIEMPRE VIVA,R01,ERROR,38.0,34.0,,,
2878,M431ZW,2023-04-26,20:03,70.0,60,AV SIEMPRE VIVA,R02,PAGADA,10.0,7.0,/content/tp-herramientas-de-softw/urban_flow/data/raw/imgs/urban_flow_plates/299f0363ae21d1c3_patente.jpg,M431ZM,0.8333
2879,589222,2024-02-02,00:00,73.0,40,AV LIBERTADOR,,APELADA,33.0,31.0,/content/tp-herramientas-de-softw/urban_flow/data/raw/imgs/urban_flow_plates/246a0e4264a39433_patente.jpg,589222,1.0
2885,2999961,1932-01-01,00:00,55.0,40,RUTA 9,R03,PAGADA,15.0,13.0,/content/tp-herramientas-de-softw/urban_flow/data/raw/imgs/urban_flow_plates/5ff91ccfc6f15d04_patente.jpg,2999961,1.0
2887,VY90540,1932-01-01,20:03,118.0,40,RUTA 9,R02,IMPAGA,78.0,76.0,/content/tp-herramientas-de-softw/urban_flow/data/raw/imgs/urban_flow_plates/288a95c01e43cd14_patente.jpg,VY90540,1.0
2888,41RSTZ,1932-01-01,00:00,99.0,60,RUTA 9,R03,IMPAGA,39.0,36.0,/content/tp-herramientas-de-softw/urban_flow/data/raw/imgs/urban_flow_plates/86c92b0402fec141_patente.jpg,41RSTZ,1.0
2892,831MDB,1932-01-01,20:03,117.0,60,AV SIEMPRE VIVA,R03,PAGADA,57.0,54.0,,,
2895,5777770,1932-01-01,15:42,85.0,40,AV LIBERTADOR,R03,IMPAGA,45.0,43.0,/content/tp-herramientas-de-softw/urban_flow/data/raw/imgs/urban_flow_plates/7f56adf4b9306ac9_patente.jpg,5777770,1.0
2897,9999868,1932-01-01,20:04,85.0,80,AV SIEMPRE VIVA,,ERROR,5.0,1.0,,,
2899,VTIIAHV,1932-01-01,00:00,90.0,80,AV SIEMPRE VIVA,R02,ERROR,10.0,6.0,,,
2901,WU08YWC,1932-01-01,00:00,101.0,40,AV SIEMPRE VIVA,,APELADA,61.0,59.0,,,
2906,PIW4215,1932-01-01,10:00,117.0,60,AV LIBERTADOR,R02,IMPAGA,57.0,54.0,,,
2907,BX55DOG,2021-11-26,10:00,93.0,60,RUTA 9,R02,IMPAGA,33.0,30.0,,,
2908,3646HBH,1932-01-01,00:00,138.0,80,AV SIEMPRE VIVA,R03,APELADA,58.0,54.0,/content/tp-herramientas-de-softw/urban_flow/data/raw/imgs/urban_flow_plates/d3729058c6a4186e_patente.jpg,3646HBH,1.0
2910,CD05601,1932-01-01,15:42,102.0,80,RUTA 9,R02,APELADA,22.0,18.0,,,
2911,M431ZW,1932-01-01,00:00,68.0,40,AV SIEMPRE VIVA,R01,IMPAGA,28.0,26.0,/content/tp-herramientas-de-softw/urban_flow/data/raw/imgs/urban_flow_plates/299f0363ae21d1c3_patente.jpg,M431ZM,0.8333
2912,FVIOUHP,1932-01-01,00:00,138.0,80,AV LIBERTADOR,R03,IMPAGA,58.0,54.0,/content/tp-herramientas-de-softw/urban_flow/data/raw/imgs/urban_flow_plates/28e26a4eb646c67a_patente.jpg,FVIDUHP,0.8571
2913,CT5B876,2020-08-05,00:00,143.0,80,AV LIBERTADOR,R02,ERROR,63.0,59.0,/content/tp-herramientas-de-softw/urban_flow/data/raw/imgs/urban_flow_plates/39c193bcc0c00f9e_patente.jpg,C75B876,0.8571
2916,BHRP770,1932-01-01,00:00,95.0,40,AV LIBERTADOR,,PAGADA,55.0,53.0,/content/tp-herramientas-de-softw/urban_flow/data/raw/imgs/urban_flow_plates/321ffb38656f7311_patente.jpg,BHRP770,1.0
2917,6NCE831,1932-01-01,15:43,49.0,40,AV SIEMPRE VIVA,R01,ERROR,9.0,7.0,/content/tp-herramientas-de-softw/urban_flow/data/raw/imgs/urban_flow_plates/0ee91c4938b6e7ee_patente.jpg,6NCE831,1.0
2918,HAMSTUR,2021-05-05,00:00,92.0,80,AV LIBERTADOR,,PAGADA,12.0,8.0,/content/tp-herramientas-de-softw/urban_flow/data/raw/imgs/urban_flow_plates/a929dc75c20da7d8_patente.jpg,HAMSTUR,1.0
2921,WEFLYN,1932-01-01,00:00,121.0,80,RUTA 9,R02,ERROR,41.0,37.0,/content/tp-herramientas-de-softw/urban_flow/data/raw/imgs/urban_flow_plates/29f7991e696e6e3f_patente.jpg,WEFLYN,1.0
2924,WU08YWC,1932-01-01,10:01,130.0,80,AV SIEMPRE VIVA,R03,PAGADA,50.0,46.0,,,
2925,OUTSTDN,2022-04-08,20:05,68.0,40,RUTA 9,R02,ERROR,28.0,26.0,/content/tp-herramientas-de-softw/urban_flow/data/raw/imgs/urban_flow_plates/1ca1155083156d72_patente.jpg,OUTSTDN,1.0
2927,589222,2020-11-14,10:01,55.0,40,AV SIEMPRE VIVA,R03,PAGADA,15.0,13.0,/content/tp-herramientas-de-softw/urban_flow/data/raw/imgs/urban_flow_plates/246a0e4264a39433_patente.jpg,589222,1.0
2928,YLO8WUE,1932-01-01,00:00,97.0,40,RUTA 9,R01,ERROR,57.0,55.0,,,
2931,NHZ1002,1932-01-01,15:43,122.0,60,AV LIBERTADOR,R01,ERROR,62.0,59.0,/content/tp-herramientas-de-softw/urban_flow/data/raw/imgs/urban_flow_plates/1071b237587a698b_patente.qoi,NHZ1002,1.0
2933,WEFLYN,1932-01-01,15:43,136.0,60,AV LIBERTADOR,,ERROR,76.0,73.0,/content/tp-herramientas-de-softw/urban_flow/data/raw/imgs/urban_flow_plates/29f7991e696e6e3f_patente.jpg,WEFLYN,1.0
2934,BB8986,1932-01-01,00:00,96.0,80,AV LIBERTADOR,R02,ERROR,16.0,12.0,/content/tp-herramientas-de-softw/urban_flow/data/raw/imgs/urban_flow_plates/7cbc7ee444622a66_patente.jpg,BB8986,1.0
2937,81ZFJD,1932-01-01,10:01,87.0,80,AV LIBERTADOR,R01,PAGADA,7.0,3.0,/content/tp-herramientas-de-softw/urban_flow/data/raw/imgs/urban_flow_plates/02a6ef3d9bd68e91_patente.jpg,81ZFID,0.8333
2942,691XC80,1932-01-01,15:44,123.0,60,AV SIEMPRE VIVA,R01,APELADA,63.0,60.0,/content/tp-herramientas-de-softw/urban_flow/data/raw/imgs/urban_flow_plates/5a122adbb1a776b7_patente.jpg,691XC80,1.0
2944,NTHGLFT,2022-11-10,20:05,47.0,40,RUTA 9,R02,APELADA,7.0,5.0,/content/tp-herramientas-de-softw/urban_flow/data/raw/imgs/urban_flow_plates/5fb888d79b551331.jpg,NTHGLFT,1.0
2945,FD1475,1932-01-01,20:05,107.0,60,AV SIEMPRE VIVA,R03,APELADA,47.0,44.0,/content/tp-herramientas-de-softw/urban_flow/data/raw/imgs/urban_flow_plates/d8daed582e6cce2d_patente.jpg,FD147,0.8333
2947,OUTSTDN,1932-01-01,00:00,77.0,60,AV SIEMPRE VIVA,R02,ERROR,17.0,14.0,/content/tp-herramientas-de-softw/urban_flow/data/raw/imgs/urban_flow_plates/1ca1155083156d72_patente.jpg,OUTSTDN,1.0
2953,INTIGR8,1932-01-01,15:44,154.0,80,AV LIBERTADOR,R02,IMPAGA,74.0,70.0,/content/tp-herramientas-de-softw/urban_flow/data/raw/imgs/urban_flow_plates/da1352ab6054a2e4_patente.jpg,INTIGR8,1.0
2957,691XC80,1932-01-01,00:00,135.0,60,AV LIBERTADOR,R02,PAGADA,75.0,72.0,/content/tp-herramientas-de-softw/urban_flow/data/raw/imgs/urban_flow_plates/5a122adbb1a776b7_patente.jpg,691XC80,1.0
2958,GLEN1E,1932-01-01,10:02,64.0,40,RUTA 9,R03,IMPAGA,24.0,22.0,/content/tp-herramientas-de-softw/urban_flow/data/raw/imgs/urban_flow_plates/b9f5b9acf1777acf.jpg,GLENIE,0.8333
2960,8B90638,1932-01-01,00:00,55.0,40,AV SIEMPRE VIVA,R03,APELADA,15.0,13.0,/content/tp-herramientas-de-softw/urban_flow/data/raw/imgs/urban_flow_plates/6a0ef049e5ec4b16_patente.jpg,8B90638,1.0
2961,3646HBH,1932-01-01,10:02,127.0,60,AV LIBERTADOR,R03,ERROR,67.0,64.0,/content/tp-herramientas-de-softw/urban_flow/data/raw/imgs/urban_flow_plates/d3729058c6a4186e_patente.jpg,3646HBH,1.0
2962,GLEN1E,1932-01-01,00:00,149.0,80,AV SIEMPRE VIVA,,ERROR,69.0,65.0,/content/tp-herramientas-de-softw/urban_flow/data/raw/imgs/urban_flow_plates/b9f5b9acf1777acf.jpg,GLENIE,0.8333
2965,T0YDR,1932-01-01,00:00,137.0,80,RUTA 9,R03,PAGADA,57.0,53.0,/content/tp-herramientas-de-softw/urban_flow/data/raw/imgs/urban_flow_plates/4cb48c8bf41b70a4_patente.jpg,TBYDR,0.8
2966,BP717,1932-01-01,15:45,112.0,40,AV LIBERTADOR,R03,APELADA,72.0,70.0,/content/tp-herramientas-de-softw/urban_flow/data/raw/imgs/urban_flow_plates/e1120bfe48f85c1b_patente.jpg,BP717,1.0
2970,DK414N,2022-01-28,10:02,89.0,40,AV LIBERTADOR,R02,APELADA,49.0,47.0,/content/tp-herramientas-de-softw/urban_flow/data/raw/imgs/urban_flow_plates/2a3e44107826e876_patente.jpg,DK414N,1.0
2972,W326AVE,1932-01-01,00:00,113.0,60,AV LIBERTADOR,,ERROR,53.0,50.0,/content/tp-herramientas-de-softw/urban_flow/data/raw/imgs/urban_flow_plates/6c144e47161867c2_patente.jpg,W326AVE,1.0
2973,2999961,1932-01-01,10:02,102.0,80,AV SIEMPRE VIVA,R01,APELADA,22.0,18.0,/content/tp-herramientas-de-softw/urban_flow/data/raw/imgs/urban_flow_plates/5ff91ccfc6f15d04_patente.jpg,2999961,1.0
2978,831MDB,1932-01-01,00:00,139.0,60,AV SIEMPRE VIVA,R02,ERROR,79.0,76.0,,,
2981,XIIUME,2021-07-23,00:00,81.0,60,RUTA 9,R02,IMPAGA,21.0,18.0,/content/tp-herramientas-de-softw/urban_flow/data/raw/imgs/urban_flow_plates/64de505bd2bac82b_patente.jpg,XIIUME,1.0
2982,HF58HXP,2020-06-24,10:03,97.0,60,AV LIBERTADOR,,PAGADA,37.0,34.0,/content/tp-herramientas-de-softw/urban_flow/data/raw/imgs/urban_flow_plates/9a795bbf4e94d630_patente.jpg,HF5BHXP,0.8571
2983,589222,2020-12-08,00:00,62.0,40,AV SIEMPRE VIVA,R03,APELADA,22.0,20.0,/content/tp-herramientas-de-softw/urban_flow/data/raw/imgs/urban_flow_plates/246a0e4264a39433_patente.jpg,589222,1.0
2984,M20CPR,1932-01-01,10:03,84.0,60,RUTA 9,R01,PAGADA,24.0,21.0,,,
2985,J1S1,1932-01-01,00:00,116.0,60,AV SIEMPRE VIVA,R01,IMPAGA,56.0,53.0,/content/tp-herramientas-de-softw/urban_flow/data/raw/imgs/urban_flow_plates/e82f13b4a2fe69f3_patente_1.jpg,J1S1,1.0
2988,409,1932-01-01,00:00,100.0,60,AV LIBERTADOR,R03,ERROR,40.0,37.0,/content/tp-herramientas-de-softw/urban_flow/data/raw/imgs/urban_flow_plates/7bcf6b4ec09f1ea7_patente.jpg,409,1.0
2989,691XC80,2022-10-30,00:00,117.0,60,AV SIEMPRE VIVA,R01,PAGADA,57.0,54.0,/content/tp-herramientas-de-softw/urban_flow/data/raw/imgs/urban_flow_plates/5a122adbb1a776b7_patente.jpg,691XC80,1.0
2990,INTIGR8,1932-01-01,15:46,110.0,80,AV LIBERTADOR,R01,IMPAGA,30.0,26.0,/content/tp-herramientas-de-softw/urban_flow/data/raw/imgs/urban_flow_plates/da1352ab6054a2e4_patente.jpg,INTIGR8,1.0
2992,J1S1,2022-01-01,10:03,118.0,80,AV LIBERTADOR,R03,ERROR,38.0,34.0,/content/tp-herramientas-de-softw/urban_flow/data/raw/imgs/urban_flow_plates/e82f13b4a2fe69f3_patente_1.jpg,J1S1,1.0
2993,INTIGR8,1932-01-01,00:00,114.0,80,RUTA 9,R02,APELADA,34.0,30.0,/content/tp-herramientas-de-softw/urban_flow/data/raw/imgs/urban_flow_plates/da1352ab6054a2e4_patente.jpg,INTIGR8,1.0
2997,CBMUK,1932-01-01,15:46,54.0,40,AV LIBERTADOR,R01,IMPAGA,14.0,12.0,,,
2998,990XYK,1932-01-01,20:07,87.0,60,AV LIBERTADOR,,PAGADA,27.0,24.0,/content/tp-herramientas-de-softw/urban_flow/data/raw/imgs/urban_flow_plates/11f80fda2c38011c.jpg,990XWK,0.8333
3001,MX60NZA,1932-01-01,15:46,118.0,60,AV LIBERTADOR,R01,APELADA,58.0,55.0,,,
3002,8B90638,1932-01-01,15:47,88.0,60,AV LIBERTADOR,R03,APELADA,28.0,25.0,/content/tp-herramientas-de-softw/urban_flow/data/raw/imgs/urban_flow_plates/6a0ef049e5ec4b16_patente.jpg,8B90638,1.0
3008,GCP332,2021-01-11,00:00,116.0,80,RUTA 9,,APELADA,36.0,32.0,/content/tp-herramientas-de-softw/urban_flow/data/raw/imgs/urban_flow_plates/d648b2ae1abc09f3_patente.jpg,GCP332,1.0
3009,BB8986,1932-01-01,00:00,104.0,60,RUTA 9,R03,PAGADA,44.0,41.0,/content/tp-herramientas-de-softw/urban_flow/data/raw/imgs/urban_flow_plates/7cbc7ee444622a66_patente.jpg,BB8986,1.0
3010,UM96201,1932-01-01,20:08,57.0,40,AV SIEMPRE VIVA,R03,PAGADA,17.0,15.0,/content/tp-herramientas-de-softw/urban_flow/data/raw/imgs/urban_flow_plates/09453a7c716a9ef3_patente.jpg,UM96201,1.0
3013,FD1475,1932-01-01,00:00,118.0,60,RUTA 9,R02,APELADA,58.0,55.0,/content/tp-herramientas-de-softw/urban_flow/data/raw/imgs/urban_flow_plates/d8daed582e6cce2d_patente.jpg,FD147,0.8333
3014,RFH373,1932-01-01,00:00,120.0,80,AV LIBERTADOR,R03,PAGADA,40.0,36.0,,,
3017,FD1475,1932-01-01,10:04,109.0,60,RUTA 9,,IMPAGA,49.0,46.0,/content/tp-herramientas-de-softw/urban_flow/data/raw/imgs/urban_flow_plates/d8daed582e6cce2d_patente.jpg,FD147,0.8333
3018,GCP332,1932-01-01,10:04,79.0,60,AV LIBERTADOR,R01,PAGADA,19.0,16.0,/content/tp-herramientas-de-softw/urban_flow/data/raw/imgs/urban_flow_plates/d648b2ae1abc09f3_patente.jpg,GCP332,1.0
3022,HAMSTUR,1932-01-01,15:47,132.0,60,RUTA 9,,IMPAGA,72.0,69.0,/content/tp-herramientas-de-softw/urban_flow/data/raw/imgs/urban_flow_plates/a929dc75c20da7d8_patente.jpg,HAMSTUR,1.0
3023,5777770,2023-05-14,15:47,75.0,40,AV LIBERTADOR,R03,PAGADA,35.0,33.0,/content/tp-herramientas-de-softw/urban_flow/data/raw/imgs/urban_flow_plates/7f56adf4b9306ac9_patente.jpg,5777770,1.0
3026,NAN,2023-03-18,00:00,132.0,80,RUTA 9,R02,ERROR,52.0,48.0,/content/tp-herramientas-de-softw/urban_flow/data/raw/imgs/urban_flow_plates/b01d46f9911d558b.jpg,NAN,1.0
3036,990XYK,1932-01-01,20:08,93.0,80,AV LIBERTADOR,R02,APELADA,13.0,9.0,/content/tp-herramientas-de-softw/urban_flow/data/raw/imgs/urban_flow_plates/11f80fda2c38011c.jpg,990XWK,0.8333
3037,GOOGLE,1932-01-01,20:09,86.0,40,AV LIBERTADOR,R02,IMPAGA,46.0,44.0,/content/tp-herramientas-de-softw/urban_flow/data/raw/imgs/urban_flow_plates/593e594137f374ab.jpg,GOOGLE,1.0
3040,BM351,1932-01-01,20:09,111.0,80,RUTA 9,R02,APELADA,31.0,27.0,/content/tp-herramientas-de-softw/urban_flow/data/raw/imgs/urban_flow_plates/9995dfc6e0eae5a1_patente.jpg,BM351,1.0
3042,T0YDR,1932-01-01,00:00,73.0,60,RUTA 9,,IMPAGA,13.0,10.0,/content/tp-herramientas-de-softw/urban_flow/data/raw/imgs/urban_flow_plates/4cb48c8bf41b70a4_patente.jpg,TBYDR,0.8
3046,GLEN1E,1932-01-01,20:09,76.0,40,AV SIEMPRE VIVA,R03,ERROR,36.0,34.0,/content/tp-herramientas-de-softw/urban_flow/data/raw/imgs/urban_flow_plates/b9f5b9acf1777acf.jpg,GLENIE,0.8333
3049,RFH373,1932-01-01,00:00,150.0,80,RUTA 9,,APELADA,70.0,66.0,,,
3051,CBMUK,1932-01-01,20:09,99.0,80,RUTA 9,,IMPAGA,19.0,15.0,,,
3053,MVU4688,2021-03-29,10:05,105.0,60,RUTA 9,R03,PAGADA,45.0,42.0,/content/tp-herramientas-de-softw/urban_flow/data/raw/imgs/urban_flow_plates/3feecc5809a29627_patente.jpg,MVU4688,1.0
3054,AWS167,1932-01-01,10:05,81.0,40,AV LIBERTADOR,R03,IMPAGA,41.0,39.0,,,
3055,YLO8WUE,1932-01-01,00:00,108.0,80,AV LIBERTADOR,R02,IMPAGA,28.0,24.0,,,
3057,8B90638,1932-01-01,00:00,139.0,60,RUTA 9,,PAGADA,79.0,76.0,/content/tp-herramientas-de-softw/urban_flow/data/raw/imgs/urban_flow_plates/6a0ef049e5ec4b16_patente.jpg,8B90638,1.0
3058,UW3932,1932-01-01,15:48,93.0,80,RUTA 9,,IMPAGA,13.0,9.0,,,
3059,831MDB,1932-01-01,00:00,109.0,40,AV LIBERTADOR,R03,ERROR,69.0,67.0,,,
3064,FD1475,1932-01-01,20:10,108.0,80,AV LIBERTADOR,R02,APELADA,28.0,24.0,/content/tp-herramientas-de-softw/urban_flow/data/raw/imgs/urban_flow_plates/d8daed582e6cce2d_patente.jpg,FD147,0.8333
3066,VY90540,1932-01-01,20:10,102.0,40,AV LIBERTADOR,R02,PAGADA,62.0,60.0,/content/tp-herramientas-de-softw/urban_flow/data/raw/imgs/urban_flow_plates/288a95c01e43cd14_patente.jpg,VY90540,1.0
3067,T0YDR,2021-06-08,00:00,110.0,80,AV LIBERTADOR,R03,APELADA,30.0,26.0,/content/tp-herramientas-de-softw/urban_flow/data/raw/imgs/urban_flow_plates/4cb48c8bf41b70a4_patente.jpg,TBYDR,0.8
3068,M20CPR,1932-01-01,00:00,115.0,40,AV LIBERTADOR,,PAGADA,75.0,73.0,,,
3070,PIW4215,1932-01-01,10:05,74.0,60,RUTA 9,,ERROR,14.0,11.0,,,
3072,UW3932,2023-01-05,00:00,49.0,40,AV SIEMPRE VIVA,R03,APELADA,9.0,7.0,,,
3073,691XC80,1932-01-01,20:10,120.0,60,AV SIEMPRE VIVA,,ERROR,60.0,57.0,/content/tp-herramientas-de-softw/urban_flow/data/raw/imgs/urban_flow_plates/5a122adbb1a776b7_patente.jpg,691XC80,1.0
3075,810TCH,2023-06-17,20:11,109.0,80,AV LIBERTADOR,,ERROR,29.0,25.0,/content/tp-herramientas-de-softw/urban_flow/data/raw/imgs/urban_flow_plates/53ad98b12752ad16_patente.jpg,810TCH,1.0
3076,9999868,1932-01-01,00:00,118.0,40,AV SIEMPRE VIVA,R02,ERROR,78.0,76.0,,,
3077,B81JKY,2023-06-19,00:00,112.0,40,AV SIEMPRE VIVA,R01,IMPAGA,72.0,70.0,/content/tp-herramientas-de-softw/urban_flow/data/raw/imgs/urban_flow_plates/80e02a518ffe4cb2.jpg,B81JKY,1.0
3083,VTIIAHV,2022-10-09,20:11,94.0,60,RUTA 9,R03,PAGADA,34.0,31.0,,,
3084,CT5B876,1932-01-01,20:11,85.0,40,AV LIBERTADOR,,APELADA,45.0,43.0,/content/tp-herramientas-de-softw/urban_flow/data/raw/imgs/urban_flow_plates/39c193bcc0c00f9e_patente.jpg,C75B876,0.8571
3086,GE1466,1932-01-01,10:06,76.0,40,RUTA 9,R03,APELADA,36.0,34.0,,,
3087,B81JKY,1932-01-01,20:11,82.0,40,AV LIBERTADOR,R03,IMPAGA,42.0,40.0,/content/tp-herramientas-de-softw/urban_flow/data/raw/imgs/urban_flow_plates/80e02a518ffe4cb2.jpg,B81JKY,1.0
3088,HAMSTUR,1932-01-01,10:06,94.0,40,AV LIBERTADOR,,ERROR,54.0,52.0,/content/tp-herramientas-de-softw/urban_flow/data/raw/imgs/urban_flow_plates/a929dc75c20da7d8_patente.jpg,HAMSTUR,1.0
3089,TL03GOG,2020-06-14,15:49,106.0,60,AV LIBERTADOR,,IMPAGA,46.0,43.0,/content/tp-herramientas-de-softw/urban_flow/data/raw/imgs/urban_flow_plates/fdd963edc28bf163_patente.jpg,TL03G0G,0.8571
3091,589222,2023-07-05,00:00,121.0,60,AV LIBERTADOR,,IMPAGA,61.0,58.0,/content/tp-herramientas-de-softw/urban_flow/data/raw/imgs/urban_flow_plates/246a0e4264a39433_patente.jpg,589222,1.0
3093,INTIGR8,1932-01-01,15:49,107.0,80,AV LIBERTADOR,R02,IMPAGA,27.0,23.0,/content/tp-herramientas-de-softw/urban_flow/data/raw/imgs/urban_flow_plates/da1352ab6054a2e4_patente.jpg,INTIGR8,1.0
3094,T0YDR,1932-01-01,15:49,91.0,60,RUTA 9,,ERROR,31.0,28.0,/content/tp-herramientas-de-softw/urban_flow/data/raw/imgs/urban_flow_plates/4cb48c8bf41b70a4_patente.jpg,TBYDR,0.8
3095,810TCH,1932-01-01,20:12,48.0,40,AV LIBERTADOR,R02,IMPAGA,8.0,6.0,/content/tp-herramientas-de-softw/urban_flow/data/raw/imgs/urban_flow_plates/53ad98b12752ad16_patente.jpg,810TCH,1.0
3100,NTHGLFT,1932-01-01,20:12,90.0,60,AV LIBERTADOR,R01,PAGADA,30.0,27.0,/content/tp-herramientas-de-softw/urban_flow/data/raw/imgs/urban_flow_plates/5fb888d79b551331.jpg,NTHGLFT,1.0
3101,409,1932-01-01,00:00,93.0,40,AV SIEMPRE VIVA,,IMPAGA,53.0,51.0,/content/tp-herramientas-de-softw/urban_flow/data/raw/imgs/urban_flow_plates/7bcf6b4ec09f1ea7_patente.jpg,409,1.0
3102,BHRP770,2021-04-11,20:12,55.0,40,RUTA 9,,PAGADA,15.0,13.0,/content/tp-herramientas-de-softw/urban_flow/data/raw/imgs/urban_flow_plates/321ffb38656f7311_patente.jpg,BHRP770,1.0
3104,UM96201,2024-01-28,20:12,90.0,60,AV SIEMPRE VIVA,,APELADA,30.0,27.0,/content/tp-herramientas-de-softw/urban_flow/data/raw/imgs/urban_flow_plates/09453a7c716a9ef3_patente.jpg,UM96201,1.0
3109,8B90638,1932-01-01,20:13,68.0,60,AV LIBERTADOR,R02,IMPAGA,8.0,5.0,/content/tp-herramientas-de-softw/urban_flow/data/raw/imgs/urban_flow_plates/6a0ef049e5ec4b16_patente.jpg,8B90638,1.0
3110,0695DVH,1932-01-01,00:00,114.0,40,RUTA 9,,IMPAGA,74.0,72.0,/content/tp-herramientas-de-softw/urban_flow/data/raw/imgs/urban_flow_plates/12b7ea40074d3b20.jpg,0695DVH,1.0
3111,DK414N,1932-01-01,00:00,85.0,40,AV LIBERTADOR,R02,IMPAGA,45.0,43.0,/content/tp-herramientas-de-softw/urban_flow/data/raw/imgs/urban_flow_plates/2a3e44107826e876_patente.jpg,DK414N,1.0
3112,MPX9357,1932-01-01,00:00,69.0,40,AV LIBERTADOR,,ERROR,29.0,27.0,/content/tp-herramientas-de-softw/urban_flow/data/raw/imgs/urban_flow_plates/182268e1f8c6525f_patente.jpg,MPX9357,1.0
3113,T0YDR,1932-01-01,15:50,122.0,60,RUTA 9,R03,ERROR,62.0,59.0,/content/tp-herramientas-de-softw/urban_flow/data/raw/imgs/urban_flow_plates/4cb48c8bf41b70a4_patente.jpg,TBYDR,0.8
3114,VTIIAHV,1932-01-01,00:00,92.0,80,AV SIEMPRE VIVA,,PAGADA,12.0,8.0,,,
3117,OUTSTDN,1932-01-01,00:00,53.0,40,AV LIBERTADOR,R02,IMPAGA,13.0,11.0,/content/tp-herramientas-de-softw/urban_flow/data/raw/imgs/urban_flow_plates/1ca1155083156d72_patente.jpg,OUTSTDN,1.0
3122,J1S1,1932-01-01,00:00,91.0,60,AV SIEMPRE VIVA,R01,APELADA,31.0,28.0,/content/tp-herramientas-de-softw/urban_flow/data/raw/imgs/urban_flow_plates/e82f13b4a2fe69f3_patente_1.jpg,J1S1,1.0
3125,6EVY261,2022-12-05,00:00,138.0,60,AV LIBERTADOR,R01,ERROR,78.0,75.0,/content/tp-herramientas-de-softw/urban_flow/data/raw/imgs/urban_flow_plates/081f5a6bc61b9c48_patente.jpg,6EVY261,1.0
3127,MPX9357,1932-01-01,00:00,50.0,40,AV LIBERTADOR,R02,ERROR,10.0,8.0,/content/tp-herramientas-de-softw/urban_flow/data/raw/imgs/urban_flow_plates/182268e1f8c6525f_patente.jpg,MPX9357,1.0
3128,831MDB,1932-01-01,00:00,60.0,40,AV SIEMPRE VIVA,R01,PAGADA,20.0,18.0,,,
3137,NHZ1002,1932-01-01,00:00,65.0,60,AV LIBERTADOR,R02,APELADA,5.0,2.0,/content/tp-herramientas-de-softw/urban_flow/data/raw/imgs/urban_flow_plates/1071b237587a698b_patente.qoi,NHZ1002,1.0
3138,PIW4215,1932-01-01,15:51,82.0,60,RUTA 9,R03,IMPAGA,22.0,19.0,,,
3139,W326AVE,2021-08-04,15:51,109.0,40,AV LIBERTADOR,,ERROR,69.0,67.0,/content/tp-herramientas-de-softw/urban_flow/data/raw/imgs/urban_flow_plates/6c144e47161867c2_patente.jpg,W326AVE,1.0
3140,BX55DOG,1932-01-01,10:07,49.0,40,AV SIEMPRE VIVA,,ERROR,9.0,7.0,,,
3142,HAMSTUR,1932-01-01,15:51,133.0,80,AV SIEMPRE VIVA,R02,APELADA,53.0,49.0,/content/tp-herramientas-de-softw/urban_flow/data/raw/imgs/urban_flow_plates/a929dc75c20da7d8_patente.jpg,HAMSTUR,1.0
3144,UW3932,1932-01-01,00:00,124.0,80,RUTA 9,,PAGADA,44.0,40.0,,,
3148,GCP332,1932-01-01,10:08,135.0,80,RUTA 9,R02,ERROR,55.0,51.0,/content/tp-herramientas-de-softw/urban_flow/data/raw/imgs/urban_flow_plates/d648b2ae1abc09f3_patente.jpg,GCP332,1.0
3149,INTIGR8,1932-01-01,15:52,130.0,80,AV SIEMPRE VIVA,R01,ERROR,50.0,46.0,/content/tp-herramientas-de-softw/urban_flow/data/raw/imgs/urban_flow_plates/da1352ab6054a2e4_patente.jpg,INTIGR8,1.0
3150,810TCH,1932-01-01,00:00,130.0,60,RUTA 9,R02,APELADA,70.0,67.0,/content/tp-herramientas-de-softw/urban_flow/data/raw/imgs/urban_flow_plates/53ad98b12752ad16_patente.jpg,810TCH,1.0
3155,HAMSTUR,2020-06-21,10:08,71.0,40,AV LIBERTADOR,R01,PAGADA,31.0,29.0,/content/tp-herramientas-de-softw/urban_flow/data/raw/imgs/urban_flow_plates/a929dc75c20da7d8_patente.jpg,HAMSTUR,1.0
3156,TL03GOG,1932-01-01,10:08,115.0,40,AV SIEMPRE VIVA,R02,ERROR,75.0,73.0,/content/tp-herramientas-de-softw/urban_flow/data/raw/imgs/urban_flow_plates/fdd963edc28bf163_patente.jpg,TL03G0G,0.8571
3157,810TCH,1932-01-01,00:00,96.0,60,RUTA 9,R01,ERROR,36.0,33.0,/content/tp-herramientas-de-softw/urban_flow/data/raw/imgs/urban_flow_plates/53ad98b12752ad16_patente.jpg,810TCH,1.0
3158,DI2LOT,1932-01-01,00:00,75.0,40,AV LIBERTADOR,R02,APELADA,35.0,33.0,,,
3160,GLEN1E,1932-01-01,15:52,146.0,80,AV SIEMPRE VIVA,,PAGADA,66.0,62.0,/content/tp-herramientas-de-softw/urban_flow/data/raw/imgs/urban_flow_plates/b9f5b9acf1777acf.jpg,GLENIE,0.8333
3161,FVIOUHP,2024-01-24,20:13,130.0,80,AV SIEMPRE VIVA,R03,IMPAGA,50.0,46.0,/content/tp-herramientas-de-softw/urban_flow/data/raw/imgs/urban_flow_plates/28e26a4eb646c67a_patente.jpg,FVIDUHP,0.8571
3162,HF3461,1932-01-01,00:00,124.0,60,AV LIBERTADOR,R03,IMPAGA,64.0,61.0,/content/tp-herramientas-de-softw/urban_flow/data/raw/imgs/urban_flow_plates/a6e3b0b73220cd32_patente.jpg,HF3461,1.0
3163,NAN,1932-01-01,20:14,135.0,60,RUTA 9,R02,PAGADA,75.0,72.0,/content/tp-herramientas-de-softw/urban_flow/data/raw/imgs/urban_flow_plates/b01d46f9911d558b.jpg,NAN,1.0
3164,6EVY261,1932-01-01,10:08,109.0,80,AV LIBERTADOR,,PAGADA,29.0,25.0,/content/tp-herramientas-de-softw/urban_flow/data/raw/imgs/urban_flow_plates/081f5a6bc61b9c48_patente.jpg,6EVY261,1.0
3166,BP717,1932-01-01,20:14,107.0,80,AV SIEMPRE VIVA,R02,IMPAGA,27.0,23.0,/content/tp-herramientas-de-softw/urban_flow/data/raw/imgs/urban_flow_plates/e1120bfe48f85c1b_patente.jpg,BP717,1.0
3168,MPX9357,2020-12-19,20:14,43.0,40,RUTA 9,R01,APELADA,3.0,1.0,/content/tp-herramientas-de-softw/urban_flow/data/raw/imgs/urban_flow_plates/182268e1f8c6525f_patente.jpg,MPX9357,1.0
3169,J1S1,1932-01-01,00:00,85.0,60,AV LIBERTADOR,R03,APELADA,25.0,22.0,/content/tp-herramientas-de-softw/urban_flow/data/raw/imgs/urban_flow_plates/e82f13b4a2fe69f3_patente_1.jpg,J1S1,1.0
3171,3646HBH,2024-02-03,20:14,131.0,80,AV LIBERTADOR,R01,IMPAGA,51.0,47.0,/content/tp-herramientas-de-softw/urban_flow/data/raw/imgs/urban_flow_plates/d3729058c6a4186e_patente.jpg,3646HBH,1.0
3176,9999868,1932-01-01,00:00,155.0,80,AV SIEMPRE VIVA,R03,APELADA,75.0,71.0,,,
3177,WU341A,1932-01-01,15:53,103.0,60,RUTA 9,R03,PAGADA,43.0,40.0,,,
3179,GN64OTP,1932-01-01,20:15,65.0,60,RUTA 9,R01,PAGADA,5.0,2.0,,,
3181,UM96201,2021-04-22,20:15,123.0,60,RUTA 9,,PAGADA,63.0,60.0,/content/tp-herramientas-de-softw/urban_flow/data/raw/imgs/urban_flow_plates/09453a7c716a9ef3_patente.jpg,UM96201,1.0
3188,BHRP770,1932-01-01,15:53,116.0,60,AV SIEMPRE VIVA,,APELADA,56.0,53.0,/content/tp-herramientas-de-softw/urban_flow/data/raw/imgs/urban_flow_plates/321ffb38656f7311_patente.jpg,BHRP770,1.0
3190,691XC80,1932-01-01,00:00,118.0,80,RUTA 9,R03,IMPAGA,38.0,34.0,/content/tp-herramientas-de-softw/urban_flow/data/raw/imgs/urban_flow_plates/5a122adbb1a776b7_patente.jpg,691XC80,1.0
3192,B81JKY,2021-05-15,00:00,73.0,60,RUTA 9,R02,PAGADA,13.0,10.0,/content/tp-herramientas-de-softw/urban_flow/data/raw/imgs/urban_flow_plates/80e02a518ffe4cb2.jpg,B81JKY,1.0
3194,BP717,1932-01-01,20:15,82.0,40,RUTA 9,R02,ERROR,42.0,40.0,/content/tp-herramientas-de-softw/urban_flow/data/raw/imgs/urban_flow_plates/e1120bfe48f85c1b_patente.jpg,BP717,1.0
3195,OUTSTDN,2023-03-22,20:16,157.0,80,AV SIEMPRE VIVA,R01,APELADA,77.0,73.0,/content/tp-herramientas-de-softw/urban_flow/data/raw/imgs/urban_flow_plates/1ca1155083156d72_patente.jpg,OUTSTDN,1.0
3196,BM351,1932-01-01,00:00,128.0,60,RUTA 9,,IMPAGA,68.0,65.0,/content/tp-herramientas-de-softw/urban_flow/data/raw/imgs/urban_flow_plates/9995dfc6e0eae5a1_patente.jpg,BM351,1.0
3198,YLO8WUE,2021-05-22,00:00,151.0,80,AV LIBERTADOR,R02,PAGADA,71.0,67.0,,,
3200,2999961,1932-01-01,00:00,126.0,80,AV LIBERTADOR,,PAGADA,46.0,42.0,/content/tp-herramientas-de-softw/urban_flow/data/raw/imgs/urban_flow_plates/5ff91ccfc6f15d04_patente.jpg,2999961,1.0
3202,M431ZW,1932-01-01,15:54,120.0,40,AV LIBERTADOR,,APELADA,80.0,78.0,/content/tp-herramientas-de-softw/urban_flow/data/raw/imgs/urban_flow_plates/299f0363ae21d1c3_patente.jpg,M431ZM,0.8333
3203,DI2LOT,1932-01-01,15:54,92.0,80,AV SIEMPRE VIVA,R02,APELADA,12.0,8.0,,,
3205,0695DVH,1932-01-01,10:09,140.0,60,RUTA 9,,IMPAGA,80.0,77.0,/content/tp-herramientas-de-softw/urban_flow/data/raw/imgs/urban_flow_plates/12b7ea40074d3b20.jpg,0695DVH,1.0
3207,41RSTZ,1932-01-01,00:00,144.0,80,AV LIBERTADOR,R02,APELADA,64.0,60.0,/content/tp-herramientas-de-softw/urban_flow/data/raw/imgs/urban_flow_plates/86c92b0402fec141_patente.jpg,41RSTZ,1.0
3208,WEFLYN,2021-05-23,00:00,112.0,60,AV LIBERTADOR,R02,IMPAGA,52.0,49.0,/content/tp-herramientas-de-softw/urban_flow/data/raw/imgs/urban_flow_plates/29f7991e696e6e3f_patente.jpg,WEFLYN,1.0
3210,41RSTZ,1932-01-01,10:09,134.0,60,RUTA 9,R01,IMPAGA,74.0,71.0,/content/tp-herramientas-de-softw/urban_flow/data/raw/imgs/urban_flow_plates/86c92b0402fec141_patente.jpg,41RSTZ,1.0
3217,HK06YMX,1932-01-01,00:00,136.0,60,AV LIBERTADOR,,ERROR,76.0,73.0,/content/tp-herramientas-de-softw/urban_flow/data/raw/imgs/urban_flow_plates/9a4fe6361597f264_patente.jpg,HKO6YMX,0.8571
3219,T0YDR,1932-01-01,20:17,137.0,80,AV LIBERTADOR,R03,IMPAGA,57.0,53.0,/content/tp-herramientas-de-softw/urban_flow/data/raw/imgs/urban_flow_plates/4cb48c8bf41b70a4_patente.jpg,TBYDR,0.8
3221,BB8986,1932-01-01,20:18,81.0,60,AV LIBERTADOR,R02,APELADA,21.0,18.0,/content/tp-herramientas-de-softw/urban_flow/data/raw/imgs/urban_flow_plates/7cbc7ee444622a66_patente.jpg,BB8986,1.0
3222,VTIIAHV,2021-07-16,10:10,138.0,80,AV LIBERTADOR,R02,APELADA,58.0,54.0,,,
3225,M431ZW,1932-01-01,10:10,155.0,80,AV SIEMPRE VIVA,R02,PAGADA,75.0,71.0,/content/tp-herramientas-de-softw/urban_flow/data/raw/imgs/urban_flow_plates/299f0363ae21d1c3_patente.jpg,M431ZM,0.8333
3228,AI7OVF,1932-01-01,20:18,119.0,60,RUTA 9,R02,PAGADA,59.0,56.0,/content/tp-herramientas-de-softw/urban_flow/data/raw/imgs/urban_flow_plates/747b0f12f54703ee_patente.jpg,AI70VF,0.8333
3231,HF3461,2021-06-29,20:18,101.0,40,AV LIBERTADOR,R03,IMPAGA,61.0,59.0,/content/tp-herramientas-de-softw/urban_flow/data/raw/imgs/urban_flow_plates/a6e3b0b73220cd32_patente.jpg,HF3461,1.0
3233,HK06YMX,1932-01-01,00:00,105.0,40,AV LIBERTADOR,,IMPAGA,65.0,63.0,/content/tp-herramientas-de-softw/urban_flow/data/raw/imgs/urban_flow_plates/9a4fe6361597f264_patente.jpg,HKO6YMX,0.8571
3234,NTHGLFT,1932-01-01,00:00,101.0,60,AV LIBERTADOR,R03,IMPAGA,41.0,38.0,/content/tp-herramientas-de-softw/urban_flow/data/raw/imgs/urban_flow_plates/5fb888d79b551331.jpg,NTHGLFT,1.0
3235,INTIGR8,2020-03-08,10:11,101.0,60,AV SIEMPRE VIVA,R03,IMPAGA,41.0,38.0,/content/tp-herramientas-de-softw/urban_flow/data/raw/imgs/urban_flow_plates/da1352ab6054a2e4_patente.jpg,INTIGR8,1.0
3236,VY90540,1932-01-01,20:19,71.0,60,AV SIEMPRE VIVA,R01,ERROR,11.0,8.0,/content/tp-herramientas-de-softw/urban_flow/data/raw/imgs/urban_flow_plates/288a95c01e43cd14_patente.jpg,VY90540,1.0
3238,0695DVH,1932-01-01,00:00,116.0,40,AV LIBERTADOR,R02,IMPAGA,76.0,74.0,/content/tp-herramientas-de-softw/urban_flow/data/raw/imgs/urban_flow_plates/12b7ea40074d3b20.jpg,0695DVH,1.0
3242,VY90540,2023-01-19,00:00,94.0,40,AV LIBERTADOR,R02,PAGADA,54.0,52.0,/content/tp-herramientas-de-softw/urban_flow/data/raw/imgs/urban_flow_plates/288a95c01e43cd14_patente.jpg,VY90540,1.0
3243,2999961,2022-02-01,20:19,102.0,80,AV LIBERTADOR,R01,ERROR,22.0,18.0,/content/tp-herramientas-de-softw/urban_flow/data/raw/imgs/urban_flow_plates/5ff91ccfc6f15d04_patente.jpg,2999961,1.0
3247,INTIGR8,1932-01-01,10:11,63.0,40,RUTA 9,,PAGADA,23.0,21.0,/content/tp-herramientas-de-softw/urban_flow/data/raw/imgs/urban_flow_plates/da1352ab6054a2e4_patente.jpg,INTIGR8,1.0
3249,GN64OTP,1932-01-01,20:19,99.0,80,RUTA 9,R02,PAGADA,19.0,15.0,,,
3250,INTIGR8,2020-01-14,00:00,86.0,60,AV LIBERTADOR,,IMPAGA,26.0,23.0,/content/tp-herramientas-de-softw/urban_flow/data/raw/imgs/urban_flow_plates/da1352ab6054a2e4_patente.jpg,INTIGR8,1.0
3251,CT5B876,2021-12-27,00:00,120.0,80,AV LIBERTADOR,R03,APELADA,40.0,36.0,/content/tp-herramientas-de-softw/urban_flow/data/raw/imgs/urban_flow_plates/39c193bcc0c00f9e_patente.jpg,C75B876,0.8571
3253,409,2020-04-08,10:11,106.0,80,AV LIBERTADOR,R01,APELADA,26.0,22.0,/content/tp-herramientas-de-softw/urban_flow/data/raw/imgs/urban_flow_plates/7bcf6b4ec09f1ea7_patente.jpg,409,1.0
3259,FVIOUHP,1932-01-01,10:12,159.0,80,AV SIEMPRE VIVA,R02,APELADA,79.0,75.0,/content/tp-herramientas-de-softw/urban_flow/data/raw/imgs/urban_flow_plates/28e26a4eb646c67a_patente.jpg,FVIDUHP,0.8571
3263,GCP332,2022-04-16,00:00,140.0,80,RUTA 9,R03,APELADA,60.0,56.0,/content/tp-herramientas-de-softw/urban_flow/data/raw/imgs/urban_flow_plates/d648b2ae1abc09f3_patente.jpg,GCP332,1.0
3265,NHZ1002,2021-07-04,20:20,110.0,40,AV LIBERTADOR,R02,PAGADA,70.0,68.0,/content/tp-herramientas-de-softw/urban_flow/data/raw/imgs/urban_flow_plates/1071b237587a698b_patente.qoi,NHZ1002,1.0
3266,HK06YMX,1932-01-01,10:12,65.0,40,AV LIBERTADOR,R01,IMPAGA,25.0,23.0,/content/tp-herramientas-de-softw/urban_flow/data/raw/imgs/urban_flow_plates/9a4fe6361597f264_patente.jpg,HKO6YMX,0.8571
3269,6611172,1932-01-01,15:55,67.0,60,AV LIBERTADOR,R02,PAGADA,7.0,4.0,/content/tp-herramientas-de-softw/urban_flow/data/raw/imgs/urban_flow_plates/7a1f9520c7ecd5b1_patente.jpg,6611172,1.0
3270,BB8986,2021-08-15,00:00,94.0,40,RUTA 9,R02,APELADA,54.0,52.0,/content/tp-herramientas-de-softw/urban_flow/data/raw/imgs/urban_flow_plates/7cbc7ee444622a66_patente.jpg,BB8986,1.0
3272,MPX9357,1932-01-01,00:00,115.0,80,RUTA 9,R01,APELADA,35.0,31.0,/content/tp-herramientas-de-softw/urban_flow/data/raw/imgs/urban_flow_plates/182268e1f8c6525f_patente.jpg,MPX9357,1.0
3273,6611172,1932-01-01,15:55,98.0,80,AV SIEMPRE VIVA,R03,PAGADA,18.0,14.0,/content/tp-herramientas-de-softw/urban_flow/data/raw/imgs/urban_flow_plates/7a1f9520c7ecd5b1_patente.jpg,6611172,1.0
3275,WU341A,2023-06-17,10:13,124.0,80,RUTA 9,R03,PAGADA,44.0,40.0,,,
3276,NHZ1002,2024-01-08,20:20,109.0,40,AV SIEMPRE VIVA,,APELADA,69.0,67.0,/content/tp-herramientas-de-softw/urban_flow/data/raw/imgs/urban_flow_plates/1071b237587a698b_patente.qoi,NHZ1002,1.0
3281,M20CPR,1932-01-01,00:00,94.0,60,AV LIBERTADOR,R02,PAGADA,34.0,31.0,,,
3284,589222,1932-01-01,20:20,93.0,80,AV SIEMPRE VIVA,R03,ERROR,13.0,9.0,/content/tp-herramientas-de-softw/urban_flow/data/raw/imgs/urban_flow_plates/246a0e4264a39433_patente.jpg,589222,1.0
3285,T0YDR,2021-04-16,00:00,87.0,80,AV LIBERTADOR,R01,APELADA,7.0,3.0,/content/tp-herramientas-de-softw/urban_flow/data/raw/imgs/urban_flow_plates/4cb48c8bf41b70a4_patente.jpg,TBYDR,0.8
3287,831MDB,1932-01-01,15:55,116.0,80,RUTA 9,R01,IMPAGA,36.0,32.0,,,
3288,UM96201,1932-01-01,00:00,110.0,80,RUTA 9,R02,PAGADA,30.0,26.0,/content/tp-herramientas-de-softw/urban_flow/data/raw/imgs/urban_flow_plates/09453a7c716a9ef3_patente.jpg,UM96201,1.0
3290,FVIOUHP,1932-01-01,00:00,52.0,40,AV LIBERTADOR,R01,PAGADA,12.0,10.0,/content/tp-herramientas-de-softw/urban_flow/data/raw/imgs/urban_flow_plates/28e26a4eb646c67a_patente.jpg,FVIDUHP,0.8571
3291,HAMSTUR,1932-01-01,00:00,134.0,80,AV LIBERTADOR,,APELADA,54.0,50.0,/content/tp-herramientas-de-softw/urban_flow/data/raw/imgs/urban_flow_plates/a929dc75c20da7d8_patente.jpg,HAMSTUR,1.0
3293,YLO8WUE,1932-01-01,00:00,71.0,60,AV LIBERTADOR,R01,ERROR,11.0,8.0,,,
3295,WU341A,2021-03-04,15:55,118.0,80,AV LIBERTADOR,R01,ERROR,38.0,34.0,,,
3298,HF58HXP,2022-12-05,20:21,75.0,40,AV SIEMPRE VIVA,R02,IMPAGA,35.0,33.0,/content/tp-herramientas-de-softw/urban_flow/data/raw/imgs/urban_flow_plates/9a795bbf4e94d630_patente.jpg,HF5BHXP,0.8571
3299,OUTSTDN,1932-01-01,20:21,122.0,80,AV LIBERTADOR,,APELADA,42.0,38.0,/content/tp-herramientas-de-softw/urban_flow/data/raw/imgs/urban_flow_plates/1ca1155083156d72_patente.jpg,OUTSTDN,1.0
3300,VTIIAHV,2021-01-03,00:00,118.0,60,RUTA 9,R01,ERROR,58.0,55.0,,,
3303,CD05601,1932-01-01,00:00,115.0,80,AV LIBERTADOR,,PAGADA,35.0,31.0,,,
3305,NTHGLFT,1932-01-01,10:13,154.0,80,AV LIBERTADOR,R03,APELADA,74.0,70.0,/content/tp-herramientas-de-softw/urban_flow/data/raw/imgs/urban_flow_plates/5fb888d79b551331.jpg,NTHGLFT,1.0
3306,GN64OTP,1932-01-01,10:13,138.0,60,RUTA 9,R02,ERROR,78.0,75.0,,,
3307,TL03GOG,2020-02-01,00:00,139.0,60,AV LIBERTADOR,R03,APELADA,79.0,76.0,/content/tp-herramientas-de-softw/urban_flow/data/raw/imgs/urban_flow_plates/fdd963edc28bf163_patente.jpg,TL03G0G,0.8571
3309,DI2LOT,2023-01-05,00:00,99.0,80,RUTA 9,R01,IMPAGA,19.0,15.0,,,
3311,BHRP770,1932-01-01,20:22,90.0,60,AV LIBERTADOR,R02,APELADA,30.0,27.0,/content/tp-herramientas-de-softw/urban_flow/data/raw/imgs/urban_flow_plates/321ffb38656f7311_patente.jpg,BHRP770,1.0
3312,J1S1,1932-01-01,10:14,150.0,80,RUTA 9,,APELADA,70.0,66.0,/content/tp-herramientas-de-softw/urban_flow/data/raw/imgs/urban_flow_plates/e82f13b4a2fe69f3_patente_1.jpg,J1S1,1.0
3313,TL03GOG,2022-02-04,20:22,111.0,80,AV SIEMPRE VIVA,,PAGADA,31.0,27.0,/content/tp-herramientas-de-softw/urban_flow/data/raw/imgs/urban_flow_plates/fdd963edc28bf163_patente.jpg,TL03G0G,0.8571
3315,6EVY261,1932-01-01,10:14,151.0,80,RUTA 9,R02,PAGADA,71.0,67.0,/content/tp-herramientas-de-softw/urban_flow/data/raw/imgs/urban_flow_plates/081f5a6bc61b9c48_patente.jpg,6EVY261,1.0
3316,0695DVH,1932-01-01,00:00,110.0,60,RUTA 9,,ERROR,50.0,47.0,/content/tp-herramientas-de-softw/urban_flow/data/raw/imgs/urban_flow_plates/12b7ea40074d3b20.jpg,0695DVH,1.0
3317,M20CPR,2022-12-02,10:14,133.0,80,AV LIBERTADOR,R02,ERROR,53.0,49.0,,,
3320,VNK296GP,1932-01-01,20:22,153.0,80,AV LIBERTADOR,R03,PAGADA,73.0,69.0,,,
3322,WU08YWC,2020-06-21,20:22,100.0,40,AV LIBERTADOR,R02,IMPAGA,60.0,58.0,,,
3323,B81JKY,1932-01-01,00:00,145.0,80,AV SIEMPRE VIVA,,APELADA,65.0,61.0,/content/tp-herramientas-de-softw/urban_flow/data/raw/imgs/urban_flow_plates/80e02a518ffe4cb2.jpg,B81JKY,1.0
3328,WEFLYN,1932-01-01,15:56,132.0,80,AV LIBERTADOR,R01,IMPAGA,52.0,48.0,/content/tp-herramientas-de-softw/urban_flow/data/raw/imgs/urban_flow_plates/29f7991e696e6e3f_patente.jpg,WEFLYN,1.0
3330,6NCE831,1932-01-01,20:23,78.0,60,AV LIBERTADOR,R03,IMPAGA,18.0,15.0,/content/tp-herramientas-de-softw/urban_flow/data/raw/imgs/urban_flow_plates/0ee91c4938b6e7ee_patente.jpg,6NCE831,1.0
3333,MX60NZA,1932-01-01,00:00,56.0,40,RUTA 9,R02,PAGADA,16.0,14.0,,,
3336,6NCE831,1932-01-01,20:23,153.0,80,AV LIBERTADOR,R03,IMPAGA,73.0,69.0,/content/tp-herramientas-de-softw/urban_flow/data/raw/imgs/urban_flow_plates/0ee91c4938b6e7ee_patente.jpg,6NCE831,1.0
3338,PIW4215,1932-01-01,00:00,155.0,80,AV LIBERTADOR,R01,ERROR,75.0,71.0,,,
3339,T0YDR,1932-01-01,20:23,62.0,40,AV SIEMPRE VIVA,R03,IMPAGA,22.0,20.0,/content/tp-herramientas-de-softw/urban_flow/data/raw/imgs/urban_flow_plates/4cb48c8bf41b70a4_patente.jpg,TBYDR,0.8
3340,AWS167,1932-01-01,10:15,89.0,80,AV SIEMPRE VIVA,,APELADA,9.0,5.0,,,
3345,NTHGLFT,2021-03-02,10:16,100.0,40,AV LIBERTADOR,R03,IMPAGA,60.0,58.0,/content/tp-herramientas-de-softw/urban_flow/data/raw/imgs/urban_flow_plates/5fb888d79b551331.jpg,NTHGLFT,1.0
3346,3646HBH,2021-02-16,10:16,106.0,80,RUTA 9,R01,IMPAGA,26.0,22.0,/content/tp-herramientas-de-softw/urban_flow/data/raw/imgs/urban_flow_plates/d3729058c6a4186e_patente.jpg,3646HBH,1.0
3347,691XC80,1932-01-01,15:57,51.0,40,RUTA 9,R01,IMPAGA,11.0,9.0,/content/tp-herramientas-de-softw/urban_flow/data/raw/imgs/urban_flow_plates/5a122adbb1a776b7_patente.jpg,691XC80,1.0
3348,OUTSTDN,1932-01-01,15:57,116.0,40,AV LIBERTADOR,R03,PAGADA,76.0,74.0,/content/tp-herramientas-de-softw/urban_flow/data/raw/imgs/urban_flow_plates/1ca1155083156d72_patente.jpg,OUTSTDN,1.0
3350,5777770,1932-01-01,00:00,135.0,60,AV SIEMPRE VIVA,R02,PAGADA,75.0,72.0,/content/tp-herramientas-de-softw/urban_flow/data/raw/imgs/urban_flow_plates/7f56adf4b9306ac9_patente.jpg,5777770,1.0
3354,DI2LOT,1932-01-01,00:00,132.0,80,RUTA 9,R03,IMPAGA,52.0,48.0,,,
3355,0695DVH,2020-02-10,15:57,59.0,40,RUTA 9,R02,IMPAGA,19.0,17.0,/content/tp-herramientas-de-softw/urban_flow/data/raw/imgs/urban_flow_plates/12b7ea40074d3b20.jpg,0695DVH,1.0
3358,B81JKY,1932-01-01,10:17,122.0,60,RUTA 9,R03,PAGADA,62.0,59.0,/content/tp-herramientas-de-softw/urban_flow/data/raw/imgs/urban_flow_plates/80e02a518ffe4cb2.jpg,B81JKY,1.0
3360,RFH373,2023-11-25,10:17,64.0,60,RUTA 9,R02,IMPAGA,4.0,1.0,,,
3362,6NCE831,2023-04-15,00:00,109.0,80,AV LIBERTADOR,R03,IMPAGA,29.0,25.0,/content/tp-herramientas-de-softw/urban_flow/data/raw/imgs/urban_flow_plates/0ee91c4938b6e7ee_patente.jpg,6NCE831,1.0
3365,T0YDR,1932-01-01,00:00,111.0,40,AV LIBERTADOR,R02,IMPAGA,71.0,69.0,/content/tp-herramientas-de-softw/urban_flow/data/raw/imgs/urban_flow_plates/4cb48c8bf41b70a4_patente.jpg,TBYDR,0.8
3369,B81JKY,1932-01-01,10:17,83.0,60,AV SIEMPRE VIVA,R03,ERROR,23.0,20.0,/content/tp-herramientas-de-softw/urban_flow/data/raw/imgs/urban_flow_plates/80e02a518ffe4cb2.jpg,B81JKY,1.0
3372,AWS167,1932-01-01,15:57,110.0,40,RUTA 9,R02,PAGADA,70.0,68.0,,,
3373,2999961,2021-03-12,20:24,49.0,40,AV SIEMPRE VIVA,R03,APELADA,9.0,7.0,/content/tp-herramientas-de-softw/urban_flow/data/raw/imgs/urban_flow_plates/5ff91ccfc6f15d04_patente.jpg,2999961,1.0
3374,41RSTZ,1932-01-01,15:58,99.0,60,AV SIEMPRE VIVA,R03,PAGADA,39.0,36.0,/content/tp-herramientas-de-softw/urban_flow/data/raw/imgs/urban_flow_plates/86c92b0402fec141_patente.jpg,41RSTZ,1.0
3375,AWS167,1932-01-01,00:00,108.0,80,AV LIBERTADOR,R02,IMPAGA,28.0,24.0,,,
3376,GLEN1E,1932-01-01,10:18,83.0,60,AV LIBERTADOR,R03,APELADA,23.0,20.0,/content/tp-herramientas-de-softw/urban_flow/data/raw/imgs/urban_flow_plates/b9f5b9acf1777acf.jpg,GLENIE,0.8333
3380,AWS167,1932-01-01,10:18,115.0,40,AV LIBERTADOR,,IMPAGA,75.0,73.0,,,
3381,B81JKY,1932-01-01,00:00,115.0,80,AV LIBERTADOR,R02,IMPAGA,35.0,31.0,/content/tp-herramientas-de-softw/urban_flow/data/raw/imgs/urban_flow_plates/80e02a518ffe4cb2.jpg,B81JKY,1.0
3384,3646HBH,1932-01-01,00:00,101.0,80,AV LIBERTADOR,R02,IMPAGA,21.0,17.0,/content/tp-herramientas-de-softw/urban_flow/data/raw/imgs/urban_flow_plates/d3729058c6a4186e_patente.jpg,3646HBH,1.0
3385,990XYK,1932-01-01,00:00,106.0,80,AV SIEMPRE VIVA,R03,APELADA,26.0,22.0,/content/tp-herramientas-de-softw/urban_flow/data/raw/imgs/urban_flow_plates/11f80fda2c38011c.jpg,990XWK,0.8333
3386,MPX9357,1932-01-01,20:25,89.0,80,AV SIEMPRE VIVA,R03,APELADA,9.0,5.0,/content/tp-herramientas-de-softw/urban_flow/data/raw/imgs/urban_flow_plates/182268e1f8c6525f_patente.jpg,MPX9357,1.0
3387,RFH373,2024-01-05,00:00,74.0,60,AV SIEMPRE VIVA,R01,PAGADA,14.0,11.0,,,
3394,HF3461,1932-01-01,20:25,131.0,60,AV LIBERTADOR,R01,APELADA,71.0,68.0,/content/tp-herramientas-de-softw/urban_flow/data/raw/imgs/urban_flow_plates/a6e3b0b73220cd32_patente.jpg,HF3461,1.0
3395,990XYK,2020-10-03,00:00,120.0,60,RUTA 9,R02,IMPAGA,60.0,57.0,/content/tp-herramientas-de-softw/urban_flow/data/raw/imgs/urban_flow_plates/11f80fda2c38011c.jpg,990XWK,0.8333
3396,DI2LOT,1932-01-01,00:00,148.0,80,AV SIEMPRE VIVA,,ERROR,68.0,64.0,,,
3401,BHRP770,1932-01-01,20:25,130.0,60,AV LIBERTADOR,,PAGADA,70.0,67.0,/content/tp-herramientas-de-softw/urban_flow/data/raw/imgs/urban_flow_plates/321ffb38656f7311_patente.jpg,BHRP770,1.0
3402,GLEN1E,1932-01-01,00:00,117.0,60,RUTA 9,R01,PAGADA,57.0,54.0,/content/tp-herramientas-de-softw/urban_flow/data/raw/imgs/urban_flow_plates/b9f5b9acf1777acf.jpg,GLENIE,0.8333
3403,GCP332,1932-01-01,00:00,136.0,60,AV LIBERTADOR,,PAGADA,76.0,73.0,/content/tp-herramientas-de-softw/urban_flow/data/raw/imgs/urban_flow_plates/d648b2ae1abc09f3_patente.jpg,GCP332,1.0
3406,8B90638,1932-01-01,10:19,130.0,80,AV LIBERTADOR,R02,APELADA,50.0,46.0,/content/tp-herramientas-de-softw/urban_flow/data/raw/imgs/urban_flow_plates/6a0ef049e5ec4b16_patente.jpg,8B90638,1.0
3407,MX60NZA,1932-01-01,10:19,89.0,80,RUTA 9,,PAGADA,9.0,5.0,,,
3408,41RSTZ,2022-07-24,10:20,141.0,80,AV SIEMPRE VIVA,R03,IMPAGA,61.0,57.0,/content/tp-herramientas-de-softw/urban_flow/data/raw/imgs/urban_flow_plates/86c92b0402fec141_patente.jpg,41RSTZ,1.0
3413,9999868,1932-01-01,00:00,95.0,40,RUTA 9,R02,ERROR,55.0,53.0,,,
3415,M20CPR,2022-10-08,00:00,127.0,80,AV SIEMPRE VIVA,,ERROR,47.0,43.0,,,
3417,NHZ1002,2022-07-03,10:20,119.0,40,AV SIEMPRE VIVA,,PAGADA,79.0,77.0,/content/tp-herramientas-de-softw/urban_flow/data/raw/imgs/urban_flow_plates/1071b237587a698b_patente.qoi,NHZ1002,1.0
3419,FD1475,1932-01-01,00:00,114.0,40,AV LIBERTADOR,R02,APELADA,74.0,72.0,/content/tp-herramientas-de-softw/urban_flow/data/raw/imgs/urban_flow_plates/d8daed582e6cce2d_patente.jpg,FD147,0.8333
3425,AWS167,2022-12-29,00:00,128.0,80,AV LIBERTADOR,,PAGADA,48.0,44.0,,,
3430,VNK296GP,2023-06-23,20:26,83.0,60,AV LIBERTADOR,R02,PAGADA,23.0,20.0,,,
3432,VY90540,1932-01-01,10:21,127.0,80,RUTA 9,,APELADA,47.0,43.0,/content/tp-herramientas-de-softw/urban_flow/data/raw/imgs/urban_flow_plates/288a95c01e43cd14_patente.jpg,VY90540,1.0
3437,GN64OTP,2021-07-18,15:59,111.0,40,AV LIBERTADOR,R03,PAGADA,71.0,69.0,,,
3440,VTIIAHV,2022-11-11,00:00,72.0,60,AV LIBERTADOR,R03,ERROR,12.0,9.0,,,
3443,WEFLYN,1932-01-01,16:00,91.0,40,RUTA 9,R03,ERROR,51.0,49.0,/content/tp-herramientas-de-softw/urban_flow/data/raw/imgs/urban_flow_plates/29f7991e696e6e3f_patente.jpg,WEFLYN,1.0
3446,UW3932,2020-05-01,20:27,94.0,80,AV LIBERTADOR,,PAGADA,14.0,10.0,,,
3447,0695DVH,1932-01-01,00:00,140.0,80,AV LIBERTADOR,R03,APELADA,60.0,56.0,/content/tp-herramientas-de-softw/urban_flow/data/raw/imgs/urban_flow_plates/12b7ea40074d3b20.jpg,0695DVH,1.0
3449,HK06YMX,1932-01-01,20:27,84.0,40,AV LIBERTADOR,R01,ERROR,44.0,42.0,/content/tp-herramientas-de-softw/urban_flow/data/raw/imgs/urban_flow_plates/9a4fe6361597f264_patente.jpg,HKO6YMX,0.8571
3451,M431ZW,1932-01-01,20:27,97.0,60,AV SIEMPRE VIVA,R02,PAGADA,37.0,34.0,/content/tp-herramientas-de-softw/urban_flow/data/raw/imgs/urban_flow_plates/299f0363ae21d1c3_patente.jpg,M431ZM,0.8333
3453,CT5B876,1932-01-01,00:00,87.0,40,AV LIBERTADOR,,APELADA,47.0,45.0,/content/tp-herramientas-de-softw/urban_flow/data/raw/imgs/urban_flow_plates/39c193bcc0c00f9e_patente.jpg,C75B876,0.8571
3454,INTIGR8,1932-01-01,10:21,120.0,60,AV LIBERTADOR,R03,ERROR,60.0,57.0,/content/tp-herramientas-de-softw/urban_flow/data/raw/imgs/urban_flow_plates/da1352ab6054a2e4_patente.jpg,INTIGR8,1.0
3456,BHRP770,1932-01-01,20:27,106.0,60,AV LIBERTADOR,R01,ERROR,46.0,43.0,/content/tp-herramientas-de-softw/urban_flow/data/raw/imgs/urban_flow_plates/321ffb38656f7311_patente.jpg,BHRP770,1.0
3458,831MDB,1932-01-01,20:27,158.0,80,AV SIEMPRE VIVA,,APELADA,78.0,74.0,,,
3460,VTIIAHV,2020-07-19,00:00,110.0,40,AV LIBERTADOR,R03,ERROR,70.0,68.0,,,
3463,UW3932,1932-01-01,16:00,119.0,80,AV SIEMPRE VIVA,R01,IMPAGA,39.0,35.0,,,
3464,FVIOUHP,1932-01-01,10:22,146.0,80,RUTA 9,R02,IMPAGA,66.0,62.0,/content/tp-herramientas-de-softw/urban_flow/data/raw/imgs/urban_flow_plates/28e26a4eb646c67a_patente.jpg,FVIDUHP,0.8571
3466,9999868,1932-01-01,00:00,118.0,40,AV SIEMPRE VIVA,R01,APELADA,78.0,76.0,,,
3468,409,2022-08-15,00:00,133.0,60,RUTA 9,R01,IMPAGA,73.0,70.0,/content/tp-herramientas-de-softw/urban_flow/data/raw/imgs/urban_flow_plates/7bcf6b4ec09f1ea7_patente.jpg,409,1.0
3471,HF58HXP,2021-06-21,16:01,91.0,40,AV SIEMPRE VIVA,R02,IMPAGA,51.0,49.0,/content/tp-herramientas-de-softw/urban_flow/data/raw/imgs/urban_flow_plates/9a795bbf4e94d630_patente.jpg,HF5BHXP,0.8571
3474,HF3461,1932-01-01,20:28,99.0,80,RUTA 9,R01,IMPAGA,19.0,15.0,/content/tp-herramientas-de-softw/urban_flow/data/raw/imgs/urban_flow_plates/a6e3b0b73220cd32_patente.jpg,HF3461,1.0
3478,HF3461,1932-01-01,20:28,50.0,40,AV SIEMPRE VIVA,R03,IMPAGA,10.0,8.0,/content/tp-herramientas-de-softw/urban_flow/data/raw/imgs/urban_flow_plates/a6e3b0b73220cd32_patente.jpg,HF3461,1.0
3481,DK414N,1932-01-01,00:00,132.0,80,AV SIEMPRE VIVA,R03,ERROR,52.0,48.0,/content/tp-herramientas-de-softw/urban_flow/data/raw/imgs/urban_flow_plates/2a3e44107826e876_patente.jpg,DK414N,1.0
3485,5777770,1932-01-01,16:02,76.0,40,AV LIBERTADOR,R02,APELADA,36.0,34.0,/content/tp-herramientas-de-softw/urban_flow/data/raw/imgs/urban_flow_plates/7f56adf4b9306ac9_patente.jpg,5777770,1.0
3487,GCP332,1932-01-01,00:00,128.0,60,AV LIBERTADOR,R02,IMPAGA,68.0,65.0,/content/tp-herramientas-de-softw/urban_flow/data/raw/imgs/urban_flow_plates/d648b2ae1abc09f3_patente.jpg,GCP332,1.0
3488,VY90540,1932-01-01,00:00,91.0,80,AV SIEMPRE VIVA,R01,PAGADA,11.0,7.0,/content/tp-herramientas-de-softw/urban_flow/data/raw/imgs/urban_flow_plates/288a95c01e43cd14_patente.jpg,VY90540,1.0
3489,3646HBH,1932-01-01,00:00,82.0,40,AV LIBERTADOR,R03,APELADA,42.0,40.0,/content/tp-herramientas-de-softw/urban_flow/data/raw/imgs/urban_flow_plates/d3729058c6a4186e_patente.jpg,3646HBH,1.0
3492,T0YDR,1932-01-01,00:00,152.0,80,RUTA 9,R03,PAGADA,72.0,68.0,/content/tp-herramientas-de-softw/urban_flow/data/raw/imgs/urban_flow_plates/4cb48c8bf41b70a4_patente.jpg,TBYDR,0.8
3495,NAN,2020-02-20,16:02,98.0,40,AV LIBERTADOR,,PAGADA,58.0,56.0,/content/tp-herramientas-de-softw/urban_flow/data/raw/imgs/urban_flow_plates/b01d46f9911d558b.jpg,NAN,1.0
3498,8B90638,1932-01-01,16:03,119.0,40,AV SIEMPRE VIVA,R02,ERROR,79.0,77.0,/content/tp-herramientas-de-softw/urban_flow/data/raw/imgs/urban_flow_plates/6a0ef049e5ec4b16_patente.jpg,8B90638,1.0
3500,WEFLYN,1932-01-01,00:00,130.0,60,AV LIBERTADOR,R01,ERROR,70.0,67.0,/content/tp-herramientas-de-softw/urban_flow/data/raw/imgs/urban_flow_plates/29f7991e696e6e3f_patente.jpg,WEFLYN,1.0
3501,41RSTZ,2020-07-05,20:29,107.0,80,AV SIEMPRE VIVA,R01,APELADA,27.0,23.0,/content/tp-herramientas-de-softw/urban_flow/data/raw/imgs/urban_flow_plates/86c92b0402fec141_patente.jpg,41RSTZ,1.0
3503,AI7OVF,1932-01-01,00:00,90.0,40,AV LIBERTADOR,R01,IMPAGA,50.0,48.0,/content/tp-herramientas-de-softw/urban_flow/data/raw/imgs/urban_flow_plates/747b0f12f54703ee_patente.jpg,AI70VF,0.8333
3506,TL03GOG,1932-01-01,00:00,109.0,40,RUTA 9,R03,APELADA,69.0,67.0,/content/tp-herramientas-de-softw/urban_flow/data/raw/imgs/urban_flow_plates/fdd963edc28bf163_patente.jpg,TL03G0G,0.8571
3513,WU341A,1932-01-01,00:00,87.0,60,AV SIEMPRE VIVA,,APELADA,27.0,24.0,,,
3514,0695DVH,1932-01-01,20:29,107.0,40,AV LIBERTADOR,R01,IMPAGA,67.0,65.0,/content/tp-herramientas-de-softw/urban_flow/data/raw/imgs/urban_flow_plates/12b7ea40074d3b20.jpg,0695DVH,1.0
3515,WEFLYN,1932-01-01,00:00,82.0,60,RUTA 9,,IMPAGA,22.0,19.0,/content/tp-herramientas-de-softw/urban_flow/data/raw/imgs/urban_flow_plates/29f7991e696e6e3f_patente.jpg,WEFLYN,1.0
3518,MPX9357,2021-01-24,10:24,103.0,60,AV LIBERTADOR,R02,APELADA,43.0,40.0,/content/tp-herramientas-de-softw/urban_flow/data/raw/imgs/urban_flow_plates/182268e1f8c6525f_patente.jpg,MPX9357,1.0
3527,TL03GOG,1932-01-01,00:00,105.0,40,AV LIBERTADOR,,IMPAGA,65.0,63.0,/content/tp-herramientas-de-softw/urban_flow/data/raw/imgs/urban_flow_plates/fdd963edc28bf163_patente.jpg,TL03G0G,0.8571
3531,B81JKY,1932-01-01,10:25,136.0,60,AV LIBERTADOR,R01,PAGADA,76.0,73.0,/content/tp-herramientas-de-softw/urban_flow/data/raw/imgs/urban_flow_plates/80e02a518ffe4cb2.jpg,B81JKY,1.0
3532,5777770,1932-01-01,10:25,65.0,40,AV SIEMPRE VIVA,R02,APELADA,25.0,23.0,/content/tp-herramientas-de-softw/urban_flow/data/raw/imgs/urban_flow_plates/7f56adf4b9306ac9_patente.jpg,5777770,1.0
3534,CBMUK,2021-03-26,00:00,104.0,60,RUTA 9,R02,ERROR,44.0,41.0,,,
3536,T0YDR,2021-10-14,20:29,51.0,40,AV SIEMPRE VIVA,,APELADA,11.0,9.0,/content/tp-herramientas-de-softw/urban_flow/data/raw/imgs/urban_flow_plates/4cb48c8bf41b70a4_patente.jpg,TBYDR,0.8
3537,5777770,1932-01-01,10:26,80.0,40,AV SIEMPRE VIVA,R01,IMPAGA,40.0,38.0,/content/tp-herramientas-de-softw/urban_flow/data/raw/imgs/urban_flow_plates/7f56adf4b9306ac9_patente.jpg,5777770,1.0
3542,BM351,1932-01-01,16:05,49.0,40,RUTA 9,R02,IMPAGA,9.0,7.0,/content/tp-herramientas-de-softw/urban_flow/data/raw/imgs/urban_flow_plates/9995dfc6e0eae5a1_patente.jpg,BM351,1.0
3545,810TCH,1932-01-01,00:00,89.0,60,AV LIBERTADOR,R03,PAGADA,29.0,26.0,/content/tp-herramientas-de-softw/urban_flow/data/raw/imgs/urban_flow_plates/53ad98b12752ad16_patente.jpg,810TCH,1.0
3549,GLEN1E,1932-01-01,00:00,44.0,40,AV LIBERTADOR,R01,IMPAGA,4.0,2.0,/content/tp-herramientas-de-softw/urban_flow/data/raw/imgs/urban_flow_plates/b9f5b9acf1777acf.jpg,GLENIE,0.8333
3551,NAN,1932-01-01,16:05,130.0,60,RUTA 9,R03,ERROR,70.0,67.0,/content/tp-herramientas-de-softw/urban_flow/data/raw/imgs/urban_flow_plates/b01d46f9911d558b.jpg,NAN,1.0
3555,3646HBH,1932-01-01,16:05,104.0,80,RUTA 9,R03,APELADA,24.0,20.0,/content/tp-herramientas-de-softw/urban_flow/data/raw/imgs/urban_flow_plates/d3729058c6a4186e_patente.jpg,3646HBH,1.0
3558,GE1466,2021-05-24,10:27,103.0,60,AV SIEMPRE VIVA,R01,PAGADA,43.0,40.0,,,
3559,DK414N,1932-01-01,10:27,64.0,60,RUTA 9,,APELADA,4.0,1.0,/content/tp-herramientas-de-softw/urban_flow/data/raw/imgs/urban_flow_plates/2a3e44107826e876_patente.jpg,DK414N,1.0
3560,MX60NZA,1932-01-01,20:30,110.0,60,AV SIEMPRE VIVA,R01,APELADA,50.0,47.0,,,
3562,BM351,1932-01-01,00:00,155.0,80,AV SIEMPRE VIVA,R03,PAGADA,75.0,71.0,/content/tp-herramientas-de-softw/urban_flow/data/raw/imgs/urban_flow_plates/9995dfc6e0eae5a1_patente.jpg,BM351,1.0
3566,UM96201,1932-01-01,00:00,68.0,60,RUTA 9,R02,APELADA,8.0,5.0,/content/tp-herramientas-de-softw/urban_flow/data/raw/imgs/urban_flow_plates/09453a7c716a9ef3_patente.jpg,UM96201,1.0
3569,BHRP770,1932-01-01,20:30,109.0,60,AV SIEMPRE VIVA,R01,ERROR,49.0,46.0,/content/tp-herramientas-de-softw/urban_flow/data/raw/imgs/urban_flow_plates/321ffb38656f7311_patente.jpg,BHRP770,1.0
3571,UW3932,1932-01-01,16:05,88.0,80,AV SIEMPRE VIVA,R02,ERROR,8.0,4.0,,,
3572,AWS167,1932-01-01,20:31,149.0,80,AV LIBERTADOR,R03,PAGADA,69.0,65.0,,,
3573,GE1466,1932-01-01,16:05,56.0,40,AV LIBERTADOR,R01,ERROR,16.0,14.0,,,
3584,MPX9357,1932-01-01,10:28,87.0,40,RUTA 9,R01,IMPAGA,47.0,45.0,/content/tp-herramientas-de-softw/urban_flow/data/raw/imgs/urban_flow_plates/182268e1f8c6525f_patente.jpg,MPX9357,1.0
3586,MPX9357,1932-01-01,00:00,120.0,40,AV LIBERTADOR,R01,ERROR,80.0,78.0,/content/tp-herramientas-de-softw/urban_flow/data/raw/imgs/urban_flow_plates/182268e1f8c6525f_patente.jpg,MPX9357,1.0
3587,GOOGLE,2021-06-08,20:31,64.0,60,AV LIBERTADOR,,PAGADA,4.0,1.0,/content/tp-herramientas-de-softw/urban_flow/data/raw/imgs/urban_flow_plates/593e594137f374ab.jpg,GOOGLE,1.0
3590,MPX9357,2021-06-19,00:00,99.0,80,AV SIEMPRE VIVA,R03,ERROR,19.0,15.0,/content/tp-herramientas-de-softw/urban_flow/data/raw/imgs/urban_flow_plates/182268e1f8c6525f_patente.jpg,MPX9357,1.0
3591,CD05601,1932-01-01,20:31,122.0,60,RUTA 9,R03,ERROR,62.0,59.0,,,
3596,41RSTZ,1932-01-01,16:07,126.0,60,RUTA 9,R03,ERROR,66.0,63.0,/content/tp-herramientas-de-softw/urban_flow/data/raw/imgs/urban_flow_plates/86c92b0402fec141_patente.jpg,41RSTZ,1.0
3599,W326AVE,1932-01-01,16:07,131.0,80,AV SIEMPRE VIVA,R03,ERROR,51.0,47.0,/content/tp-herramientas-de-softw/urban_flow/data/raw/imgs/urban_flow_plates/6c144e47161867c2_patente.jpg,W326AVE,1.0
3600,HF58HXP,1932-01-01,16:07,129.0,80,RUTA 9,,APELADA,49.0,45.0,/content/tp-herramientas-de-softw/urban_flow/data/raw/imgs/urban_flow_plates/9a795bbf4e94d630_patente.jpg,HF5BHXP,0.8571
3603,9999868,2020-03-22,00:00,156.0,80,AV LIBERTADOR,,APELADA,76.0,72.0,,,
3604,6EVY261,1932-01-01,20:32,67.0,40,AV LIBERTADOR,R03,ERROR,27.0,25.0,/content/tp-herramientas-de-softw/urban_flow/data/raw/imgs/urban_flow_plates/081f5a6bc61b9c48_patente.jpg,6EVY261,1.0
3605,WU341A,1932-01-01,16:08,139.0,80,AV LIBERTADOR,R01,IMPAGA,59.0,55.0,,,
3608,WEFLYN,1932-01-01,16:08,147.0,80,AV SIEMPRE VIVA,,ERROR,67.0,63.0,/content/tp-herramientas-de-softw/urban_flow/data/raw/imgs/urban_flow_plates/29f7991e696e6e3f_patente.jpg,WEFLYN,1.0
3610,GE1466,2022-03-20,20:32,61.0,40,AV LIBERTADOR,R01,PAGADA,21.0,19.0,,,
3614,BP717,1932-01-01,10:29,106.0,40,AV SIEMPRE VIVA,R01,PAGADA,66.0,64.0,/content/tp-herramientas-de-softw/urban_flow/data/raw/imgs/urban_flow_plates/e1120bfe48f85c1b_patente.jpg,BP717,1.0
3615,81ZFJD,1932-01-01,10:29,85.0,60,AV LIBERTADOR,,ERROR,25.0,22.0,/content/tp-herramientas-de-softw/urban_flow/data/raw/imgs/urban_flow_plates/02a6ef3d9bd68e91_patente.jpg,81ZFID,0.8333
3616,T0YDR,1932-01-01,20:32,91.0,80,AV SIEMPRE VIVA,R03,ERROR,11.0,7.0,/content/tp-herramientas-de-softw/urban_flow/data/raw/imgs/urban_flow_plates/4cb48c8bf41b70a4_patente.jpg,TBYDR,0.8
3617,NTHGLFT,1932-01-01,16:08,103.0,80,AV SIEMPRE VIVA,R03,APELADA,23.0,19.0,/content/tp-herramientas-de-softw/urban_flow/data/raw/imgs/urban_flow_plates/5fb888d79b551331.jpg,NTHGLFT,1.0
3620,8B90638,1932-01-01,00:00,55.0,40,RUTA 9,R02,IMPAGA,15.0,13.0,/content/tp-herramientas-de-softw/urban_flow/data/raw/imgs/urban_flow_plates/6a0ef049e5ec4b16_patente.jpg,8B90638,1.0
3629,UM96201,2020-07-03,00:00,92.0,80,AV SIEMPRE VIVA,R02,PAGADA,12.0,8.0,/content/tp-herramientas-de-softw/urban_flow/data/raw/imgs/urban_flow_plates/09453a7c716a9ef3_patente.jpg,UM96201,1.0
3632,DK414N,1932-01-01,10:30,73.0,60,AV SIEMPRE VIVA,,PAGADA,13.0,10.0,/content/tp-herramientas-de-softw/urban_flow/data/raw/imgs/urban_flow_plates/2a3e44107826e876_patente.jpg,DK414N,1.0
3634,WU341A,1932-01-01,00:00,67.0,60,AV LIBERTADOR,R03,ERROR,7.0,4.0,,,
3637,VTIIAHV,2022-07-13,00:00,131.0,80,AV LIBERTADOR,R01,ERROR,51.0,47.0,,,
3642,W326AVE,1932-01-01,16:10,90.0,60,AV LIBERTADOR,,PAGADA,30.0,27.0,/content/tp-herramientas-de-softw/urban_flow/data/raw/imgs/urban_flow_plates/6c144e47161867c2_patente.jpg,W326AVE,1.0
3643,CT5B876,2020-09-06,10:30,122.0,60,RUTA 9,R02,APELADA,62.0,59.0,/content/tp-herramientas-de-softw/urban_flow/data/raw/imgs/urban_flow_plates/39c193bcc0c00f9e_patente.jpg,C75B876,0.8571
3647,990XYK,1932-01-01,20:34,112.0,60,AV LIBERTADOR,R03,IMPAGA,52.0,49.0,/content/tp-herramientas-de-softw/urban_flow/data/raw/imgs/urban_flow_plates/11f80fda2c38011c.jpg,990XWK,0.8333
3648,WEFLYN,2020-10-04,20:34,45.0,40,AV LIBERTADOR,R03,IMPAGA,5.0,3.0,/content/tp-herramientas-de-softw/urban_flow/data/raw/imgs/urban_flow_plates/29f7991e696e6e3f_patente.jpg,WEFLYN,1.0
3649,MX60NZA,1932-01-01,10:30,118.0,60,RUTA 9,R02,IMPAGA,58.0,55.0,,,
3654,W326AVE,1932-01-01,00:00,73.0,40,AV SIEMPRE VIVA,R01,PAGADA,33.0,31.0,/content/tp-herramientas-de-softw/urban_flow/data/raw/imgs/urban_flow_plates/6c144e47161867c2_patente.jpg,W326AVE,1.0
3655,NTHGLFT,1932-01-01,00:00,121.0,60,RUTA 9,,PAGADA,61.0,58.0,/content/tp-herramientas-de-softw/urban_flow/data/raw/imgs/urban_flow_plates/5fb888d79b551331.jpg,NTHGLFT,1.0
3657,BM351,2023-07-16,10:31,67.0,60,AV SIEMPRE VIVA,R01,ERROR,7.0,4.0,/content/tp-herramientas-de-softw/urban_flow/data/raw/imgs/urban_flow_plates/9995dfc6e0eae5a1_patente.jpg,BM351,1.0
3658,CD05601,1932-01-01,10:31,146.0,80,AV SIEMPRE VIVA,R01,APELADA,66.0,62.0,,,
3659,6NCE831,1932-01-01,20:34,82.0,40,RUTA 9,R01,APELADA,42.0,40.0,/content/tp-herramientas-de-softw/urban_flow/data/raw/imgs/urban_flow_plates/0ee91c4938b6e7ee_patente.jpg,6NCE831,1.0
3660,HF58HXP,2023-06-14,00:00,58.0,40,RUTA 9,R01,IMPAGA,18.0,16.0,/content/tp-herramientas-de-softw/urban_flow/data/raw/imgs/urban_flow_plates/9a795bbf4e94d630_patente.jpg,HF5BHXP,0.8571
3661,VNK296GP,1932-01-01,10:31,104.0,60,AV LIBERTADOR,R03,ERROR,44.0,41.0,,,
3664,UM96201,1932-01-01,00:00,124.0,80,AV LIBERTADOR,,PAGADA,44.0,40.0,/content/tp-herramientas-de-softw/urban_flow/data/raw/imgs/urban_flow_plates/09453a7c716a9ef3_patente.jpg,UM96201,1.0
3666,W326AVE,1932-01-01,16:11,117.0,40,AV SIEMPRE VIVA,R03,APELADA,77.0,75.0,/content/tp-herramientas-de-softw/urban_flow/data/raw/imgs/urban_flow_plates/6c144e47161867c2_patente.jpg,W326AVE,1.0
3668,UM96201,2020-09-20,20:34,140.0,60,RUTA 9,,APELADA,80.0,77.0,/content/tp-herramientas-de-softw/urban_flow/data/raw/imgs/urban_flow_plates/09453a7c716a9ef3_patente.jpg,UM96201,1.0
3669,WEFLYN,1932-01-01,16:11,74.0,40,RUTA 9,,IMPAGA,34.0,32.0,/content/tp-herramientas-de-softw/urban_flow/data/raw/imgs/urban_flow_plates/29f7991e696e6e3f_patente.jpg,WEFLYN,1.0
3670,OUTSTDN,1932-01-01,20:35,158.0,80,AV LIBERTADOR,R01,ERROR,78.0,74.0,/content/tp-herramientas-de-softw/urban_flow/data/raw/imgs/urban_flow_plates/1ca1155083156d72_patente.jpg,OUTSTDN,1.0
3672,RFH373,1932-01-01,00:00,94.0,60,AV SIEMPRE VIVA,,ERROR,34.0,31.0,,,
3674,B81JKY,1932-01-01,00:00,153.0,80,RUTA 9,,IMPAGA,73.0,69.0,/content/tp-herramientas-de-softw/urban_flow/data/raw/imgs/urban_flow_plates/80e02a518ffe4cb2.jpg,B81JKY,1.0
3676,HF3461,2021-10-21,10:31,126.0,80,AV SIEMPRE VIVA,,APELADA,46.0,42.0,/content/tp-herramientas-de-softw/urban_flow/data/raw/imgs/urban_flow_plates/a6e3b0b73220cd32_patente.jpg,HF3461,1.0
3677,CD05601,1932-01-01,10:32,84.0,60,AV LIBERTADOR,R03,APELADA,24.0,21.0,,,
3679,HK06YMX,1932-01-01,16:12,108.0,40,AV LIBERTADOR,R02,PAGADA,68.0,66.0,/content/tp-herramientas-de-softw/urban_flow/data/raw/imgs/urban_flow_plates/9a4fe6361597f264_patente.jpg,HKO6YMX,0.8571
3683,HK06YMX,1932-01-01,10:32,65.0,60,AV LIBERTADOR,R01,PAGADA,5.0,2.0,/content/tp-herramientas-de-softw/urban_flow/data/raw/imgs/urban_flow_plates/9a4fe6361597f264_patente.jpg,HKO6YMX,0.8571
3685,GN64OTP,1932-01-01,10:32,94.0,80,AV LIBERTADOR,R01,PAGADA,14.0,10.0,,,
3694,WU08YWC,1932-01-01,00:00,91.0,40,AV SIEMPRE VIVA,R01,APELADA,51.0,49.0,,,
3695,DI2LOT,1932-01-01,16:13,106.0,40,AV LIBERTADOR,R03,PAGADA,66.0,64.0,,,
3700,409,1932-01-01,00:00,136.0,60,RUTA 9,R01,ERROR,76.0,73.0,/content/tp-herramientas-de-softw/urban_flow/data/raw/imgs/urban_flow_plates/7bcf6b4ec09f1ea7_patente.jpg,409,1.0
3703,HK06YMX,1932-01-01,00:00,156.0,80,AV LIBERTADOR,R02,APELADA,76.0,72.0,/content/tp-herramientas-de-softw/urban_flow/data/raw/imgs/urban_flow_plates/9a4fe6361597f264_patente.jpg,HKO6YMX,0.8571
3707,XIIUME,1932-01-01,20:36,140.0,60,AV LIBERTADOR,R01,IMPAGA,80.0,77.0,/content/tp-herramientas-de-softw/urban_flow/data/raw/imgs/urban_flow_plates/64de505bd2bac82b_patente.jpg,XIIUME,1.0
3710,9999868,1932-01-01,16:14,76.0,40,AV SIEMPRE VIVA,,IMPAGA,36.0,34.0,,,
3713,M20CPR,1932-01-01,10:33,124.0,80,AV SIEMPRE VIVA,R03,PAGADA,44.0,40.0,,,
3717,NHZ1002,2024-01-01,10:33,95.0,60,RUTA 9,R01,IMPAGA,35.0,32.0,/content/tp-herramientas-de-softw/urban_flow/data/raw/imgs/urban_flow_plates/1071b237587a698b_patente.qoi,NHZ1002,1.0
3719,BM351,1932-01-01,00:00,92.0,80,AV LIBERTADOR,R03,APELADA,12.0,8.0,/content/tp-herramientas-de-softw/urban_flow/data/raw/imgs/urban_flow_plates/9995dfc6e0eae5a1_patente.jpg,BM351,1.0
3723,WU341A,1932-01-01,20:36,153.0,80,AV SIEMPRE VIVA,,APELADA,73.0,69.0,,,
3724,W326AVE,1932-01-01,20:37,118.0,80,AV LIBERTADOR,R01,APELADA,38.0,34.0,/content/tp-herramientas-de-softw/urban_flow/data/raw/imgs/urban_flow_plates/6c144e47161867c2_patente.jpg,W326AVE,1.0
3728,3646HBH,1932-01-01,10:33,138.0,60,AV LIBERTADOR,R01,APELADA,78.0,75.0,/content/tp-herramientas-de-softw/urban_flow/data/raw/imgs/urban_flow_plates/d3729058c6a4186e_patente.jpg,3646HBH,1.0
3730,J1S1,1932-01-01,20:37,126.0,80,RUTA 9,R01,PAGADA,46.0,42.0,/content/tp-herramientas-de-softw/urban_flow/data/raw/imgs/urban_flow_plates/e82f13b4a2fe69f3_patente_1.jpg,J1S1,1.0
3734,UM96201,2024-02-07,20:37,95.0,80,RUTA 9,R01,APELADA,15.0,11.0,/content/tp-herramientas-de-softw/urban_flow/data/raw/imgs/urban_flow_plates/09453a7c716a9ef3_patente.jpg,UM96201,1.0
3743,INTIGR8,1932-01-01,16:15,131.0,80,AV SIEMPRE VIVA,,APELADA,51.0,47.0,/content/tp-herramientas-de-softw/urban_flow/data/raw/imgs/urban_flow_plates/da1352ab6054a2e4_patente.jpg,INTIGR8,1.0
3744,GCP332,2024-02-04,10:34,83.0,60,RUTA 9,,ERROR,23.0,20.0,/content/tp-herramientas-de-softw/urban_flow/data/raw/imgs/urban_flow_plates/d648b2ae1abc09f3_patente.jpg,GCP332,1.0
3745,VNK296GP,2021-10-29,10:34,79.0,40,RUTA 9,,IMPAGA,39.0,37.0,,,
3746,GCP332,1932-01-01,20:38,110.0,80,AV LIBERTADOR,R03,APELADA,30.0,26.0,/content/tp-herramientas-de-softw/urban_flow/data/raw/imgs/urban_flow_plates/d648b2ae1abc09f3_patente.jpg,GCP332,1.0
3747,NTHGLFT,2023-12-07,00:00,57.0,40,RUTA 9,,APELADA,17.0,15.0,/content/tp-herramientas-de-softw/urban_flow/data/raw/imgs/urban_flow_plates/5fb888d79b551331.jpg,NTHGLFT,1.0
3748,J1S1,1932-01-01,00:00,80.0,60,AV LIBERTADOR,R01,IMPAGA,20.0,17.0,/content/tp-herramientas-de-softw/urban_flow/data/raw/imgs/urban_flow_plates/e82f13b4a2fe69f3_patente_1.jpg,J1S1,1.0
3752,J1S1,2020-11-12,16:15,47.0,40,RUTA 9,R03,ERROR,7.0,5.0,/content/tp-herramientas-de-softw/urban_flow/data/raw/imgs/urban_flow_plates/e82f13b4a2fe69f3_patente_1.jpg,J1S1,1.0
3755,HAMSTUR,1932-01-01,00:00,106.0,40,AV LIBERTADOR,,ERROR,66.0,64.0,/content/tp-herramientas-de-softw/urban_flow/data/raw/imgs/urban_flow_plates/a929dc75c20da7d8_patente.jpg,HAMSTUR,1.0
3756,CBMUK,1932-01-01,20:39,132.0,80,RUTA 9,R02,APELADA,52.0,48.0,,,
3757,GCP332,2023-03-09,00:00,88.0,40,RUTA 9,,ERROR,48.0,46.0,/content/tp-herramientas-de-softw/urban_flow/data/raw/imgs/urban_flow_plates/d648b2ae1abc09f3_patente.jpg,GCP332,1.0
3758,VNK296GP,1932-01-01,10:34,49.0,40,RUTA 9,R03,PAGADA,9.0,7.0,,,
3764,DI2LOT,1932-01-01,00:00,80.0,40,RUTA 9,,APELADA,40.0,38.0,,,
3765,81ZFJD,1932-01-01,16:15,129.0,60,AV LIBERTADOR,R02,ERROR,69.0,66.0,/content/tp-herramientas-de-softw/urban_flow/data/raw/imgs/urban_flow_plates/02a6ef3d9bd68e91_patente.jpg,81ZFID,0.8333
3767,BM351,2023-03-10,10:35,120.0,60,AV LIBERTADOR,R03,PAGADA,60.0,57.0,/content/tp-herramientas-de-softw/urban_flow/data/raw/imgs/urban_flow_plates/9995dfc6e0eae5a1_patente.jpg,BM351,1.0
3768,VNK296GP,1932-01-01,00:00,137.0,80,RUTA 9,R03,APELADA,57.0,53.0,,,
3770,TL03GOG,1932-01-01,20:40,88.0,80,AV LIBERTADOR,R01,APELADA,8.0,4.0,/content/tp-herramientas-de-softw/urban_flow/data/raw/imgs/urban_flow_plates/fdd963edc28bf163_patente.jpg,TL03G0G,0.8571
3773,HF3461,1932-01-01,20:40,76.0,40,AV LIBERTADOR,,IMPAGA,36.0,34.0,/content/tp-herramientas-de-softw/urban_flow/data/raw/imgs/urban_flow_plates/a6e3b0b73220cd32_patente.jpg,HF3461,1.0
3776,VNK296GP,1932-01-01,20:40,85.0,80,AV LIBERTADOR,R03,IMPAGA,5.0,1.0,,,
3780,HAMSTUR,1932-01-01,20:41,87.0,80,AV SIEMPRE VIVA,,ERROR,7.0,3.0,/content/tp-herramientas-de-softw/urban_flow/data/raw/imgs/urban_flow_plates/a929dc75c20da7d8_patente.jpg,HAMSTUR,1.0
3782,WU08YWC,2022-03-29,20:41,128.0,80,AV SIEMPRE VIVA,R01,PAGADA,48.0,44.0,,,
3783,BB8986,1932-01-01,16:16,64.0,60,AV SIEMPRE VIVA,R01,PAGADA,4.0,1.0,/content/tp-herramientas-de-softw/urban_flow/data/raw/imgs/urban_flow_plates/7cbc7ee444622a66_patente.jpg,BB8986,1.0
3785,GOOGLE,2021-07-24,16:16,55.0,40,AV LIBERTADOR,R02,APELADA,15.0,13.0,/content/tp-herramientas-de-softw/urban_flow/data/raw/imgs/urban_flow_plates/593e594137f374ab.jpg,GOOGLE,1.0
3788,HF3461,2021-07-16,16:16,98.0,80,RUTA 9,R02,ERROR,18.0,14.0,/content/tp-herramientas-de-softw/urban_flow/data/raw/imgs/urban_flow_plates/a6e3b0b73220cd32_patente.jpg,HF3461,1.0
3789,NHZ1002,1932-01-01,00:00,43.0,40,AV LIBERTADOR,R02,PAGADA,3.0,1.0,/content/tp-herramientas-de-softw/urban_flow/data/raw/imgs/urban_flow_plates/1071b237587a698b_patente.qoi,NHZ1002,1.0
3792,M431ZW,1932-01-01,20:41,143.0,80,RUTA 9,R01,APELADA,63.0,59.0,/content/tp-herramientas-de-softw/urban_flow/data/raw/imgs/urban_flow_plates/299f0363ae21d1c3_patente.jpg,M431ZM,0.8333
3795,DK414N,1932-01-01,20:42,90.0,80,AV LIBERTADOR,R01,PAGADA,10.0,6.0,/content/tp-herramientas-de-softw/urban_flow/data/raw/imgs/urban_flow_plates/2a3e44107826e876_patente.jpg,DK414N,1.0
3796,CD05601,1932-01-01,16:16,116.0,40,RUTA 9,R03,ERROR,76.0,74.0,,,
3798,HF3461,1932-01-01,00:00,79.0,40,AV SIEMPRE VIVA,R02,PAGADA,39.0,37.0,/content/tp-herramientas-de-softw/urban_flow/data/raw/imgs/urban_flow_plates/a6e3b0b73220cd32_patente.jpg,HF3461,1.0
3799,NHZ1002,2022-10-30,00:00,97.0,40,AV SIEMPRE VIVA,R02,ERROR,57.0,55.0,/content/tp-herramientas-de-softw/urban_flow/data/raw/imgs/urban_flow_plates/1071b237587a698b_patente.qoi,NHZ1002,1.0
3807,691XC80,1932-01-01,16:17,128.0,80,AV LIBERTADOR,R01,PAGADA,48.0,44.0,/content/tp-herramientas-de-softw/urban_flow/data/raw/imgs/urban_flow_plates/5a122adbb1a776b7_patente.jpg,691XC80,1.0
3808,M431ZW,2022-09-16,10:36,76.0,40,AV LIBERTADOR,R03,APELADA,36.0,34.0,/content/tp-herramientas-de-softw/urban_flow/data/raw/imgs/urban_flow_plates/299f0363ae21d1c3_patente.jpg,M431ZM,0.8333
3809,UW3932,1932-01-01,00:00,121.0,60,AV SIEMPRE VIVA,R02,IMPAGA,61.0,58.0,,,
3810,UW3932,1932-01-01,20:42,132.0,60,AV SIEMPRE VIVA,R02,ERROR,72.0,69.0,,,
3817,XIIUME,1932-01-01,00:00,129.0,80,AV LIBERTADOR,,APELADA,49.0,45.0,/content/tp-herramientas-de-softw/urban_flow/data/raw/imgs/urban_flow_plates/64de505bd2bac82b_patente.jpg,XIIUME,1.0
3822,BM351,1932-01-01,00:00,81.0,60,AV LIBERTADOR,R02,ERROR,21.0,18.0,/content/tp-herramientas-de-softw/urban_flow/data/raw/imgs/urban_flow_plates/9995dfc6e0eae5a1_patente.jpg,BM351,1.0
3824,WU08YWC,1932-01-01,16:18,100.0,40,AV LIBERTADOR,R01,APELADA,60.0,58.0,,,
3825,990XYK,1932-01-01,20:43,141.0,80,AV SIEMPRE VIVA,R01,IMPAGA,61.0,57.0,/content/tp-herramientas-de-softw/urban_flow/data/raw/imgs/urban_flow_plates/11f80fda2c38011c.jpg,990XWK,0.8333
3827,M431ZW,1932-01-01,16:18,58.0,40,RUTA 9,R03,IMPAGA,18.0,16.0,/content/tp-herramientas-de-softw/urban_flow/data/raw/imgs/urban_flow_plates/299f0363ae21d1c3_patente.jpg,M431ZM,0.8333
3829,2999961,2020-08-01,00:00,109.0,80,AV SIEMPRE VIVA,R02,IMPAGA,29.0,25.0,/content/tp-herramientas-de-softw/urban_flow/data/raw/imgs/urban_flow_plates/5ff91ccfc6f15d04_patente.jpg,2999961,1.0
3831,T0YDR,1932-01-01,10:37,109.0,40,AV LIBERTADOR,R01,PAGADA,69.0,67.0,/content/tp-herramientas-de-softw/urban_flow/data/raw/imgs/urban_flow_plates/4cb48c8bf41b70a4_patente.jpg,TBYDR,0.8
3833,HF3461,1932-01-01,16:18,97.0,40,AV SIEMPRE VIVA,,PAGADA,57.0,55.0,/content/tp-herramientas-de-softw/urban_flow/data/raw/imgs/urban_flow_plates/a6e3b0b73220cd32_patente.jpg,HF3461,1.0
3837,409,1932-01-01,20:43,94.0,80,RUTA 9,,IMPAGA,14.0,10.0,/content/tp-herramientas-de-softw/urban_flow/data/raw/imgs/urban_flow_plates/7bcf6b4ec09f1ea7_patente.jpg,409,1.0
3838,6EVY261,2021-12-01,20:43,98.0,60,AV SIEMPRE VIVA,R03,APELADA,38.0,35.0,/content/tp-herramientas-de-softw/urban_flow/data/raw/imgs/urban_flow_plates/081f5a6bc61b9c48_patente.jpg,6EVY261,1.0
3840,GOOGLE,1932-01-01,16:19,94.0,80,AV LIBERTADOR,R02,ERROR,14.0,10.0,/content/tp-herramientas-de-softw/urban_flow/data/raw/imgs/urban_flow_plates/593e594137f374ab.jpg,GOOGLE,1.0
3844,691XC80,1932-01-01,00:00,111.0,40,AV SIEMPRE VIVA,R02,APELADA,71.0,69.0,/content/tp-herramientas-de-softw/urban_flow/data/raw/imgs/urban_flow_plates/5a122adbb1a776b7_patente.jpg,691XC80,1.0
3846,BP717,2022-07-17,16:19,94.0,40,AV LIBERTADOR,,ERROR,54.0,52.0,/content/tp-herramientas-de-softw/urban_flow/data/raw/imgs/urban_flow_plates/e1120bfe48f85c1b_patente.jpg,BP717,1.0
3847,AWS167,1932-01-01,16:19,155.0,80,AV LIBERTADOR,,IMPAGA,75.0,71.0,,,
3851,XIIUME,2020-08-28,16:19,121.0,80,AV LIBERTADOR,,APELADA,41.0,37.0,/content/tp-herramientas-de-softw/urban_flow/data/raw/imgs/urban_flow_plates/64de505bd2bac82b_patente.jpg,XIIUME,1.0
3853,BP717,2021-07-26,00:00,105.0,80,AV LIBERTADOR,R02,PAGADA,25.0,21.0,/content/tp-herramientas-de-softw/urban_flow/data/raw/imgs/urban_flow_plates/e1120bfe48f85c1b_patente.jpg,BP717,1.0
3854,GOOGLE,2022-08-09,16:20,53.0,40,AV SIEMPRE VIVA,R01,ERROR,13.0,11.0,/content/tp-herramientas-de-softw/urban_flow/data/raw/imgs/urban_flow_plates/593e594137f374ab.jpg,GOOGLE,1.0
3855,990XYK,1932-01-01,10:37,131.0,80,AV SIEMPRE VIVA,R03,PAGADA,51.0,47.0,/content/tp-herramientas-de-softw/urban_flow/data/raw/imgs/urban_flow_plates/11f80fda2c38011c.jpg,990XWK,0.8333
3857,6EVY261,1932-01-01,00:00,146.0,80,AV SIEMPRE VIVA,,APELADA,66.0,62.0,/content/tp-herramientas-de-softw/urban_flow/data/raw/imgs/urban_flow_plates/081f5a6bc61b9c48_patente.jpg,6EVY261,1.0
3860,3646HBH,1932-01-01,00:00,112.0,80,RUTA 9,R01,PAGADA,32.0,28.0,/content/tp-herramientas-de-softw/urban_flow/data/raw/imgs/urban_flow_plates/d3729058c6a4186e_patente.jpg,3646HBH,1.0
3861,81ZFJD,1932-01-01,20:44,150.0,80,AV LIBERTADOR,R01,IMPAGA,70.0,66.0,/content/tp-herramientas-de-softw/urban_flow/data/raw/imgs/urban_flow_plates/02a6ef3d9bd68e91_patente.jpg,81ZFID,0.8333
3863,6EVY261,2022-12-31,10:38,71.0,40,AV LIBERTADOR,R02,PAGADA,31.0,29.0,/content/tp-herramientas-de-softw/urban_flow/data/raw/imgs/urban_flow_plates/081f5a6bc61b9c48_patente.jpg,6EVY261,1.0
3864,WU08YWC,1932-01-01,20:44,112.0,60,RUTA 9,R01,IMPAGA,52.0,49.0,,,
3866,WU08YWC,1932-01-01,16:20,94.0,60,AV SIEMPRE VIVA,R03,APELADA,34.0,31.0,,,
3868,W326AVE,1932-01-01,00:00,139.0,60,RUTA 9,,IMPAGA,79.0,76.0,/content/tp-herramientas-de-softw/urban_flow/data/raw/imgs/urban_flow_plates/6c144e47161867c2_patente.jpg,W326AVE,1.0
3870,3646HBH,2023-02-13,10:38,47.0,40,RUTA 9,R03,ERROR,7.0,5.0,/content/tp-herramientas-de-softw/urban_flow/data/raw/imgs/urban_flow_plates/d3729058c6a4186e_patente.jpg,3646HBH,1.0
3874,TL03GOG,1932-01-01,00:00,108.0,40,AV SIEMPRE VIVA,R01,APELADA,68.0,66.0,/content/tp-herramientas-de-softw/urban_flow/data/raw/imgs/urban_flow_plates/fdd963edc28bf163_patente.jpg,TL03G0G,0.8571
3876,NTHGLFT,1932-01-01,10:38,97.0,80,AV SIEMPRE VIVA,R02,APELADA,17.0,13.0,/content/tp-herramientas-de-softw/urban_flow/data/raw/imgs/urban_flow_plates/5fb888d79b551331.jpg,NTHGLFT,1.0
3878,HF3461,1932-01-01,00:00,151.0,80,AV SIEMPRE VIVA,,APELADA,71.0,67.0,/content/tp-herramientas-de-softw/urban_flow/data/raw/imgs/urban_flow_plates/a6e3b0b73220cd32_patente.jpg,HF3461,1.0
3879,6EVY261,1932-01-01,10:38,132.0,80,AV LIBERTADOR,,APELADA,52.0,48.0,/content/tp-herramientas-de-softw/urban_flow/data/raw/imgs/urban_flow_plates/081f5a6bc61b9c48_patente.jpg,6EVY261,1.0
3891,J1S1,1932-01-01,20:46,87.0,60,AV LIBERTADOR,R03,ERROR,27.0,24.0,/content/tp-herramientas-de-softw/urban_flow/data/raw/imgs/urban_flow_plates/e82f13b4a2fe69f3_patente_1.jpg,J1S1,1.0
3899,WEFLYN,1932-01-01,10:39,92.0,80,AV SIEMPRE VIVA,R01,APELADA,12.0,8.0,/content/tp-herramientas-de-softw/urban_flow/data/raw/imgs/urban_flow_plates/29f7991e696e6e3f_patente.jpg,WEFLYN,1.0
3900,691XC80,1932-01-01,10:39,75.0,40,RUTA 9,R03,IMPAGA,35.0,33.0,/content/tp-herramientas-de-softw/urban_flow/data/raw/imgs/urban_flow_plates/5a122adbb1a776b7_patente.jpg,691XC80,1.0
3901,990XYK,2023-07-06,00:00,95.0,80,AV SIEMPRE VIVA,R03,ERROR,15.0,11.0,/content/tp-herramientas-de-softw/urban_flow/data/raw/imgs/urban_flow_plates/11f80fda2c38011c.jpg,990XWK,0.8333
3902,WEFLYN,1932-01-01,10:39,120.0,80,RUTA 9,R01,ERROR,40.0,36.0,/content/tp-herramientas-de-softw/urban_flow/data/raw/imgs/urban_flow_plates/29f7991e696e6e3f_patente.jpg,WEFLYN,1.0
3905,5777770,1932-01-01,00:00,108.0,80,RUTA 9,R02,PAGADA,28.0,24.0,/content/tp-herramientas-de-softw/urban_flow/data/raw/imgs/urban_flow_plates/7f56adf4b9306ac9_patente.jpg,5777770,1.0
3907,41RSTZ,1932-01-01,20:46,85.0,80,AV LIBERTADOR,R03,PAGADA,5.0,1.0,/content/tp-herramientas-de-softw/urban_flow/data/raw/imgs/urban_flow_plates/86c92b0402fec141_patente.jpg,41RSTZ,1.0
3909,WU341A,1932-01-01,00:00,124.0,80,RUTA 9,R01,IMPAGA,44.0,40.0,,,
3911,TL03GOG,2024-02-07,20:47,158.0,80,AV LIBERTADOR,R01,PAGADA,78.0,74.0,/content/tp-herramientas-de-softw/urban_flow/data/raw/imgs/urban_flow_plates/fdd963edc28bf163_patente.jpg,TL03G0G,0.8571
3913,VNK296GP,1932-01-01,16:22,135.0,80,RUTA 9,R03,APELADA,55.0,51.0,,,
3914,8B90638,2022-06-21,00:00,50.0,40,AV SIEMPRE VIVA,R03,APELADA,10.0,8.0,/content/tp-herramientas-de-softw/urban_flow/data/raw/imgs/urban_flow_plates/6a0ef049e5ec4b16_patente.jpg,8B90638,1.0
3915,M20CPR,1932-01-01,10:40,104.0,40,AV SIEMPRE VIVA,R01,PAGADA,64.0,62.0,,,
3916,M20CPR,1932-01-01,00:00,109.0,80,AV LIBERTADOR,R01,PAGADA,29.0,25.0,,,
3919,DK414N,2023-04-15,10:40,121.0,60,AV SIEMPRE VIVA,R01,IMPAGA,61.0,58.0,/content/tp-herramientas-de-softw/urban_flow/data/raw/imgs/urban_flow_plates/2a3e44107826e876_patente.jpg,DK414N,1.0
3926,MVU4688,2022-06-21,20:47,130.0,60,AV LIBERTADOR,R01,PAGADA,70.0,67.0,/content/tp-herramientas-de-softw/urban_flow/data/raw/imgs/urban_flow_plates/3feecc5809a29627_patente.jpg,MVU4688,1.0
3928,41RSTZ,1932-01-01,16:22,61.0,40,AV LIBERTADOR,R03,PAGADA,21.0,19.0,/content/tp-herramientas-de-softw/urban_flow/data/raw/imgs/urban_flow_plates/86c92b0402fec141_patente.jpg,41RSTZ,1.0
3929,FVIOUHP,2022-01-19,00:00,141.0,80,AV SIEMPRE VIVA,,APELADA,61.0,57.0,/content/tp-herramientas-de-softw/urban_flow/data/raw/imgs/urban_flow_plates/28e26a4eb646c67a_patente.jpg,FVIDUHP,0.8571
3933,BP717,1932-01-01,00:00,80.0,40,RUTA 9,,PAGADA,40.0,38.0,/content/tp-herramientas-de-softw/urban_flow/data/raw/imgs/urban_flow_plates/e1120bfe48f85c1b_patente.jpg,BP717,1.0
3938,691XC80,1932-01-01,10:41,64.0,40,AV LIBERTADOR,R03,IMPAGA,24.0,22.0,/content/tp-herramientas-de-softw/urban_flow/data/raw/imgs/urban_flow_plates/5a122adbb1a776b7_patente.jpg,691XC80,1.0
3939,RFH373,1932-01-01,20:47,143.0,80,AV LIBERTADOR,R03,IMPAGA,63.0,59.0,,,
3940,409,2022-02-14,00:00,90.0,60,AV LIBERTADOR,,ERROR,30.0,27.0,/content/tp-herramientas-de-softw/urban_flow/data/raw/imgs/urban_flow_plates/7bcf6b4ec09f1ea7_patente.jpg,409,1.0
3942,T0YDR,1932-01-01,00:00,110.0,40,AV SIEMPRE VIVA,R01,ERROR,70.0,68.0,/content/tp-herramientas-de-softw/urban_flow/data/raw/imgs/urban_flow_plates/4cb48c8bf41b70a4_patente.jpg,TBYDR,0.8
3944,CD05601,1932-01-01,16:23,47.0,40,RUTA 9,,PAGADA,7.0,5.0,,,
3945,6NCE831,1932-01-01,10:41,95.0,60,RUTA 9,,ERROR,35.0,32.0,/content/tp-herramientas-de-softw/urban_flow/data/raw/imgs/urban_flow_plates/0ee91c4938b6e7ee_patente.jpg,6NCE831,1.0
3946,691XC80,2023-09-12,00:00,45.0,40,AV SIEMPRE VIVA,R02,ERROR,5.0,3.0,/content/tp-herramientas-de-softw/urban_flow/data/raw/imgs/urban_flow_plates/5a122adbb1a776b7_patente.jpg,691XC80,1.0
3950,XIIUME,2022-03-17,00:00,74.0,40,AV SIEMPRE VIVA,R01,IMPAGA,34.0,32.0,/content/tp-herramientas-de-softw/urban_flow/data/raw/imgs/urban_flow_plates/64de505bd2bac82b_patente.jpg,XIIUME,1.0
3952,YLO8WUE,2021-08-06,16:23,102.0,80,AV SIEMPRE VIVA,,ERROR,22.0,18.0,,,
3953,HAMSTUR,1932-01-01,10:41,44.0,40,RUTA 9,R03,ERROR,4.0,2.0,/content/tp-herramientas-de-softw/urban_flow/data/raw/imgs/urban_flow_plates/a929dc75c20da7d8_patente.jpg,HAMSTUR,1.0
3954,PIW4215,2021-07-31,10:41,130.0,60,AV SIEMPRE VIVA,R01,IMPAGA,70.0,67.0,,,
3956,81ZFJD,1932-01-01,00:00,118.0,80,AV LIBERTADOR,R01,APELADA,38.0,34.0,/content/tp-herramientas-de-softw/urban_flow/data/raw/imgs/urban_flow_plates/02a6ef3d9bd68e91_patente.jpg,81ZFID,0.8333
3957,CBMUK,1932-01-01,16:24,142.0,80,RUTA 9,R01,ERROR,62.0,58.0,,,
3960,MPX9357,1932-01-01,00:00,124.0,60,AV LIBERTADOR,R03,APELADA,64.0,61.0,/content/tp-herramientas-de-softw/urban_flow/data/raw/imgs/urban_flow_plates/182268e1f8c6525f_patente.jpg,MPX9357,1.0
3961,MVU4688,1932-01-01,20:48,108.0,60,AV SIEMPRE VIVA,R01,ERROR,48.0,45.0,/content/tp-herramientas-de-softw/urban_flow/data/raw/imgs/urban_flow_plates/3feecc5809a29627_patente.jpg,MVU4688,1.0
3964,BX55DOG,2023-10-30,00:00,146.0,80,RUTA 9,R03,ERROR,66.0,62.0,,,
3966,FD1475,1932-01-01,10:42,131.0,80,RUTA 9,R02,APELADA,51.0,47.0,/content/tp-herramientas-de-softw/urban_flow/data/raw/imgs/urban_flow_plates/d8daed582e6cce2d_patente.jpg,FD147,0.8333
3967,MX60NZA,1932-01-01,16:24,123.0,80,AV LIBERTADOR,R01,PAGADA,43.0,39.0,,,
3968,BB8986,2021-12-21,00:00,91.0,40,AV SIEMPRE VIVA,R01,IMPAGA,51.0,49.0,/content/tp-herramientas-de-softw/urban_flow/data/raw/imgs/urban_flow_plates/7cbc7ee444622a66_patente.jpg,BB8986,1.0
3970,TL03GOG,2024-01-14,10:42,80.0,40,AV LIBERTADOR,R02,ERROR,40.0,38.0,/content/tp-herramientas-de-softw/urban_flow/data/raw/imgs/urban_flow_plates/fdd963edc28bf163_patente.jpg,TL03G0G,0.8571
3971,DK414N,1932-01-01,10:42,119.0,80,AV LIBERTADOR,R03,APELADA,39.0,35.0,/content/tp-herramientas-de-softw/urban_flow/data/raw/imgs/urban_flow_plates/2a3e44107826e876_patente.jpg,DK414N,1.0
3973,589222,2020-08-24,20:48,98.0,80,AV SIEMPRE VIVA,R01,ERROR,18.0,14.0,/content/tp-herramientas-de-softw/urban_flow/data/raw/imgs/urban_flow_plates/246a0e4264a39433_patente.jpg,589222,1.0
3974,WU08YWC,1932-01-01,00:00,77.0,60,AV LIBERTADOR,,IMPAGA,17.0,14.0,,,
3977,HF58HXP,1932-01-01,00:00,154.0,80,RUTA 9,,ERROR,74.0,70.0,/content/tp-herramientas-de-softw/urban_flow/data/raw/imgs/urban_flow_plates/9a795bbf4e94d630_patente.jpg,HF5BHXP,0.8571
3979,M20CPR,2020-03-13,16:25,118.0,60,AV LIBERTADOR,R02,ERROR,58.0,55.0,,,
3982,409,1932-01-01,20:49,88.0,40,RUTA 9,R02,PAGADA,48.0,46.0,/content/tp-herramientas-de-softw/urban_flow/data/raw/imgs/urban_flow_plates/7bcf6b4ec09f1ea7_patente.jpg,409,1.0
3984,AWS167,2020-05-03,00:00,125.0,60,AV LIBERTADOR,,ERROR,65.0,62.0,,,
3986,5777770,2021-02-01,00:00,48.0,40,AV LIBERTADOR,,PAGADA,8.0,6.0,/content/tp-herramientas-de-softw/urban_flow/data/raw/imgs/urban_flow_plates/7f56adf4b9306ac9_patente.jpg,5777770,1.0
3990,M20CPR,2022-02-05,10:42,92.0,40,AV SIEMPRE VIVA,R01,IMPAGA,52.0,50.0,,,
3994,M20CPR,1932-01-01,00:00,64.0,60,AV SIEMPRE VIVA,R01,IMPAGA,4.0,1.0,,,
